solid OpenSCAD_Model
  facet normal 0.997856 0.0654508 0
    outer loop
      vertex 51.2 14 12
      vertex 51.1512 14.744 10.5
      vertex 51.1512 14.744 12
    endloop
  endfacet
  facet normal 0.997856 0.0654508 0
    outer loop
      vertex 51.1512 14.744 10.5
      vertex 51.2 14 12
      vertex 51.2 14 10.5
    endloop
  endfacet
  facet normal -0.997856 0.0654508 0
    outer loop
      vertex 39.8 14 10.5
      vertex 39.8488 14.744 12
      vertex 39.8488 14.744 10.5
    endloop
  endfacet
  facet normal -0.997856 0.0654508 0
    outer loop
      vertex 39.8488 14.744 12
      vertex 39.8 14 10.5
      vertex 39.8 14 12
    endloop
  endfacet
  facet normal 0.0654508 0.997856 -0
    outer loop
      vertex 46.244 19.6512 10.5
      vertex 45.5 19.7 12
      vertex 46.244 19.6512 12
    endloop
  endfacet
  facet normal 0.0654508 0.997856 0
    outer loop
      vertex 45.5 19.7 12
      vertex 46.244 19.6512 10.5
      vertex 45.5 19.7 10.5
    endloop
  endfacet
  facet normal 0.659321 0.751862 -0
    outer loop
      vertex 49.5305 18.0305 10.5
      vertex 48.9699 18.5221 12
      vertex 49.5305 18.0305 12
    endloop
  endfacet
  facet normal 0.659321 0.751862 0
    outer loop
      vertex 48.9699 18.5221 12
      vertex 49.5305 18.0305 10.5
      vertex 48.9699 18.5221 10.5
    endloop
  endfacet
  facet normal -0.659321 0.751862 0
    outer loop
      vertex 42.0301 18.5221 10.5
      vertex 41.4695 18.0305 12
      vertex 42.0301 18.5221 12
    endloop
  endfacet
  facet normal -0.659321 0.751862 0
    outer loop
      vertex 41.4695 18.0305 12
      vertex 42.0301 18.5221 10.5
      vertex 41.4695 18.0305 10.5
    endloop
  endfacet
  facet normal -0.321494 0.946912 0
    outer loop
      vertex 44.0247 19.5058 10.5
      vertex 43.3187 19.2661 12
      vertex 44.0247 19.5058 12
    endloop
  endfacet
  facet normal -0.321494 0.946912 0
    outer loop
      vertex 43.3187 19.2661 12
      vertex 44.0247 19.5058 10.5
      vertex 43.3187 19.2661 10.5
    endloop
  endfacet
  facet normal 0 0 -1
    outer loop
      vertex 50.2 14 10.5
      vertex 51.2 14 10.5
      vertex 51.1512 13.256 10.5
    endloop
  endfacet
  facet normal 0 0 -1
    outer loop
      vertex 50.1598 13.3865 10.5
      vertex 51.1512 13.256 10.5
      vertex 51.0058 12.5247 10.5
    endloop
  endfacet
  facet normal 0 0 -1
    outer loop
      vertex 51.2 14 10.5
      vertex 50.2 14 10.5
      vertex 51.1512 14.744 10.5
    endloop
  endfacet
  facet normal 0 0 -1
    outer loop
      vertex 50.0399 12.7836 10.5
      vertex 51.0058 12.5247 10.5
      vertex 50.7661 11.8187 10.5
    endloop
  endfacet
  facet normal 0 0 -1
    outer loop
      vertex 50.1598 14.6135 10.5
      vertex 51.1512 14.744 10.5
      vertex 50.2 14 10.5
    endloop
  endfacet
  facet normal 0 0 -1
    outer loop
      vertex 49.8422 12.2014 10.5
      vertex 50.7661 11.8187 10.5
      vertex 50.4363 11.15 10.5
    endloop
  endfacet
  facet normal -0 0 -1
    outer loop
      vertex 51.1512 14.744 10.5
      vertex 50.1598 14.6135 10.5
      vertex 51.0058 15.4753 10.5
    endloop
  endfacet
  facet normal 0 0 -1
    outer loop
      vertex 50.0399 15.2164 10.5
      vertex 51.0058 15.4753 10.5
      vertex 50.1598 14.6135 10.5
    endloop
  endfacet
  facet normal 0 0 -1
    outer loop
      vertex 51.1512 13.256 10.5
      vertex 50.1598 13.3865 10.5
      vertex 50.2 14 10.5
    endloop
  endfacet
  facet normal 0 0 -1
    outer loop
      vertex 51.0058 12.5247 10.5
      vertex 50.0399 12.7836 10.5
      vertex 50.1598 13.3865 10.5
    endloop
  endfacet
  facet normal 0 0 -1
    outer loop
      vertex 49.5703 11.65 10.5
      vertex 50.4363 11.15 10.5
      vertex 50.0221 10.5301 10.5
    endloop
  endfacet
  facet normal 0 0 -1
    outer loop
      vertex 50.7661 11.8187 10.5
      vertex 49.8422 12.2014 10.5
      vertex 50.0399 12.7836 10.5
    endloop
  endfacet
  facet normal 0 0 -1
    outer loop
      vertex 50.4363 11.15 10.5
      vertex 49.5703 11.65 10.5
      vertex 49.8422 12.2014 10.5
    endloop
  endfacet
  facet normal 0 0 -1
    outer loop
      vertex 49.2288 11.1388 10.5
      vertex 50.0221 10.5301 10.5
      vertex 49.5305 9.96949 10.5
    endloop
  endfacet
  facet normal 0 0 -1
    outer loop
      vertex 50.0221 10.5301 10.5
      vertex 49.2288 11.1388 10.5
      vertex 49.5703 11.65 10.5
    endloop
  endfacet
  facet normal 0 0 -1
    outer loop
      vertex 48.8234 10.6766 10.5
      vertex 49.5305 9.96949 10.5
      vertex 48.9699 9.47789 10.5
    endloop
  endfacet
  facet normal 0 0 -1
    outer loop
      vertex 49.5305 9.96949 10.5
      vertex 48.8234 10.6766 10.5
      vertex 49.2288 11.1388 10.5
    endloop
  endfacet
  facet normal 0 0 -1
    outer loop
      vertex 48.9699 9.47789 10.5
      vertex 48.3612 10.2712 10.5
      vertex 48.8234 10.6766 10.5
    endloop
  endfacet
  facet normal 0 0 -1
    outer loop
      vertex 48.35 9.06366 10.5
      vertex 48.3612 10.2712 10.5
      vertex 48.9699 9.47789 10.5
    endloop
  endfacet
  facet normal 0 0 -1
    outer loop
      vertex 48.35 9.06366 10.5
      vertex 47.85 9.92968 10.5
      vertex 48.3612 10.2712 10.5
    endloop
  endfacet
  facet normal 0 0 -1
    outer loop
      vertex 47.6813 8.73389 10.5
      vertex 47.85 9.92968 10.5
      vertex 48.35 9.06366 10.5
    endloop
  endfacet
  facet normal 0 0 -1
    outer loop
      vertex 47.6813 8.73389 10.5
      vertex 47.2986 9.65777 10.5
      vertex 47.85 9.92968 10.5
    endloop
  endfacet
  facet normal 0 0 -1
    outer loop
      vertex 46.9753 8.49422 10.5
      vertex 47.2986 9.65777 10.5
      vertex 47.6813 8.73389 10.5
    endloop
  endfacet
  facet normal 0 0 -1
    outer loop
      vertex 46.9753 8.49422 10.5
      vertex 46.7164 9.46015 10.5
      vertex 47.2986 9.65777 10.5
    endloop
  endfacet
  facet normal 0 0 -1
    outer loop
      vertex 46.244 8.34876 10.5
      vertex 46.7164 9.46015 10.5
      vertex 46.9753 8.49422 10.5
    endloop
  endfacet
  facet normal 0 0 -1
    outer loop
      vertex 46.244 8.34876 10.5
      vertex 46.1135 9.34021 10.5
      vertex 46.7164 9.46015 10.5
    endloop
  endfacet
  facet normal 0 0 -1
    outer loop
      vertex 45.5 8.3 10.5
      vertex 46.1135 9.34021 10.5
      vertex 46.244 8.34876 10.5
    endloop
  endfacet
  facet normal 0 0 -1
    outer loop
      vertex 45.5 8.3 10.5
      vertex 45.5 9.3 10.5
      vertex 46.1135 9.34021 10.5
    endloop
  endfacet
  facet normal 0 0 -1
    outer loop
      vertex 45.5 8.3 10.5
      vertex 44.8865 9.34021 10.5
      vertex 45.5 9.3 10.5
    endloop
  endfacet
  facet normal 0 0 -1
    outer loop
      vertex 44.756 8.34876 10.5
      vertex 44.8865 9.34021 10.5
      vertex 45.5 8.3 10.5
    endloop
  endfacet
  facet normal 0 0 -1
    outer loop
      vertex 44.756 8.34876 10.5
      vertex 44.2836 9.46015 10.5
      vertex 44.8865 9.34021 10.5
    endloop
  endfacet
  facet normal 0 0 -1
    outer loop
      vertex 44.0247 8.49422 10.5
      vertex 44.2836 9.46015 10.5
      vertex 44.756 8.34876 10.5
    endloop
  endfacet
  facet normal 0 0 -1
    outer loop
      vertex 44.0247 8.49422 10.5
      vertex 43.7014 9.65777 10.5
      vertex 44.2836 9.46015 10.5
    endloop
  endfacet
  facet normal 0 0 -1
    outer loop
      vertex 43.3187 8.73389 10.5
      vertex 43.7014 9.65777 10.5
      vertex 44.0247 8.49422 10.5
    endloop
  endfacet
  facet normal 0 0 -1
    outer loop
      vertex 43.3187 8.73389 10.5
      vertex 43.15 9.92968 10.5
      vertex 43.7014 9.65777 10.5
    endloop
  endfacet
  facet normal 0 0 -1
    outer loop
      vertex 42.65 9.06366 10.5
      vertex 43.15 9.92968 10.5
      vertex 43.3187 8.73389 10.5
    endloop
  endfacet
  facet normal 0 0 -1
    outer loop
      vertex 42.65 9.06366 10.5
      vertex 42.6388 10.2712 10.5
      vertex 43.15 9.92968 10.5
    endloop
  endfacet
  facet normal 0 0 -1
    outer loop
      vertex 42.0301 9.47789 10.5
      vertex 42.6388 10.2712 10.5
      vertex 42.65 9.06366 10.5
    endloop
  endfacet
  facet normal -0 0 -1
    outer loop
      vertex 42.6388 10.2712 10.5
      vertex 42.0301 9.47789 10.5
      vertex 42.1766 10.6766 10.5
    endloop
  endfacet
  facet normal 0 0 -1
    outer loop
      vertex 41.4695 9.96949 10.5
      vertex 42.1766 10.6766 10.5
      vertex 42.0301 9.47789 10.5
    endloop
  endfacet
  facet normal -0 0 -1
    outer loop
      vertex 42.1766 10.6766 10.5
      vertex 41.4695 9.96949 10.5
      vertex 41.7712 11.1388 10.5
    endloop
  endfacet
  facet normal 0 0 -1
    outer loop
      vertex 40.9779 10.5301 10.5
      vertex 41.7712 11.1388 10.5
      vertex 41.4695 9.96949 10.5
    endloop
  endfacet
  facet normal -0 0 -1
    outer loop
      vertex 41.7712 11.1388 10.5
      vertex 40.9779 10.5301 10.5
      vertex 41.4297 11.65 10.5
    endloop
  endfacet
  facet normal 0 0 -1
    outer loop
      vertex 40.5637 11.15 10.5
      vertex 41.4297 11.65 10.5
      vertex 40.9779 10.5301 10.5
    endloop
  endfacet
  facet normal -0 0 -1
    outer loop
      vertex 41.4297 11.65 10.5
      vertex 40.5637 11.15 10.5
      vertex 41.1578 12.2014 10.5
    endloop
  endfacet
  facet normal 0 0 -1
    outer loop
      vertex 40.2339 11.8187 10.5
      vertex 41.1578 12.2014 10.5
      vertex 40.5637 11.15 10.5
    endloop
  endfacet
  facet normal -0 0 -1
    outer loop
      vertex 41.1578 12.2014 10.5
      vertex 40.2339 11.8187 10.5
      vertex 40.9601 12.7836 10.5
    endloop
  endfacet
  facet normal 0 0 -1
    outer loop
      vertex 39.9942 12.5247 10.5
      vertex 40.9601 12.7836 10.5
      vertex 40.2339 11.8187 10.5
    endloop
  endfacet
  facet normal -0 0 -1
    outer loop
      vertex 51.0058 15.4753 10.5
      vertex 50.0399 15.2164 10.5
      vertex 50.7661 16.1813 10.5
    endloop
  endfacet
  facet normal 0 0 -1
    outer loop
      vertex 49.8422 15.7986 10.5
      vertex 50.7661 16.1813 10.5
      vertex 50.0399 15.2164 10.5
    endloop
  endfacet
  facet normal -0 0 -1
    outer loop
      vertex 50.7661 16.1813 10.5
      vertex 49.8422 15.7986 10.5
      vertex 50.4363 16.85 10.5
    endloop
  endfacet
  facet normal 0 0 -1
    outer loop
      vertex 49.5703 16.35 10.5
      vertex 50.4363 16.85 10.5
      vertex 49.8422 15.7986 10.5
    endloop
  endfacet
  facet normal -0 0 -1
    outer loop
      vertex 50.4363 16.85 10.5
      vertex 49.5703 16.35 10.5
      vertex 50.0221 17.4699 10.5
    endloop
  endfacet
  facet normal 0 0 -1
    outer loop
      vertex 49.2288 16.8612 10.5
      vertex 50.0221 17.4699 10.5
      vertex 49.5703 16.35 10.5
    endloop
  endfacet
  facet normal -0 0 -1
    outer loop
      vertex 50.0221 17.4699 10.5
      vertex 49.2288 16.8612 10.5
      vertex 49.5305 18.0305 10.5
    endloop
  endfacet
  facet normal 0 0 -1
    outer loop
      vertex 48.8234 17.3234 10.5
      vertex 49.5305 18.0305 10.5
      vertex 49.2288 16.8612 10.5
    endloop
  endfacet
  facet normal -0 0 -1
    outer loop
      vertex 49.5305 18.0305 10.5
      vertex 48.8234 17.3234 10.5
      vertex 48.9699 18.5221 10.5
    endloop
  endfacet
  facet normal 0 0 -1
    outer loop
      vertex 48.3612 17.7288 10.5
      vertex 48.9699 18.5221 10.5
      vertex 48.8234 17.3234 10.5
    endloop
  endfacet
  facet normal 0 0 -1
    outer loop
      vertex 48.3612 17.7288 10.5
      vertex 48.35 18.9363 10.5
      vertex 48.9699 18.5221 10.5
    endloop
  endfacet
  facet normal 0 0 -1
    outer loop
      vertex 47.85 18.0703 10.5
      vertex 48.35 18.9363 10.5
      vertex 48.3612 17.7288 10.5
    endloop
  endfacet
  facet normal 0 0 -1
    outer loop
      vertex 47.85 18.0703 10.5
      vertex 47.6813 19.2661 10.5
      vertex 48.35 18.9363 10.5
    endloop
  endfacet
  facet normal 0 0 -1
    outer loop
      vertex 47.2986 18.3422 10.5
      vertex 47.6813 19.2661 10.5
      vertex 47.85 18.0703 10.5
    endloop
  endfacet
  facet normal 0 0 -1
    outer loop
      vertex 47.2986 18.3422 10.5
      vertex 46.9753 19.5058 10.5
      vertex 47.6813 19.2661 10.5
    endloop
  endfacet
  facet normal 0 0 -1
    outer loop
      vertex 46.7164 18.5399 10.5
      vertex 46.9753 19.5058 10.5
      vertex 47.2986 18.3422 10.5
    endloop
  endfacet
  facet normal 0 0 -1
    outer loop
      vertex 46.7164 18.5399 10.5
      vertex 46.244 19.6512 10.5
      vertex 46.9753 19.5058 10.5
    endloop
  endfacet
  facet normal 0 0 -1
    outer loop
      vertex 46.1135 18.6598 10.5
      vertex 46.244 19.6512 10.5
      vertex 46.7164 18.5399 10.5
    endloop
  endfacet
  facet normal 0 0 -1
    outer loop
      vertex 45.5 18.7 10.5
      vertex 46.244 19.6512 10.5
      vertex 46.1135 18.6598 10.5
    endloop
  endfacet
  facet normal 0 0 -1
    outer loop
      vertex 45.5 18.7 10.5
      vertex 45.5 19.7 10.5
      vertex 46.244 19.6512 10.5
    endloop
  endfacet
  facet normal 0 0 -1
    outer loop
      vertex 44.8865 18.6598 10.5
      vertex 45.5 19.7 10.5
      vertex 45.5 18.7 10.5
    endloop
  endfacet
  facet normal 0 0 -1
    outer loop
      vertex 44.8865 18.6598 10.5
      vertex 44.756 19.6512 10.5
      vertex 45.5 19.7 10.5
    endloop
  endfacet
  facet normal 0 0 -1
    outer loop
      vertex 44.2836 18.5399 10.5
      vertex 44.756 19.6512 10.5
      vertex 44.8865 18.6598 10.5
    endloop
  endfacet
  facet normal 0 0 -1
    outer loop
      vertex 44.2836 18.5399 10.5
      vertex 44.0247 19.5058 10.5
      vertex 44.756 19.6512 10.5
    endloop
  endfacet
  facet normal 0 0 -1
    outer loop
      vertex 43.7014 18.3422 10.5
      vertex 44.0247 19.5058 10.5
      vertex 44.2836 18.5399 10.5
    endloop
  endfacet
  facet normal 0 0 -1
    outer loop
      vertex 43.7014 18.3422 10.5
      vertex 43.3187 19.2661 10.5
      vertex 44.0247 19.5058 10.5
    endloop
  endfacet
  facet normal 0 0 -1
    outer loop
      vertex 43.15 18.0703 10.5
      vertex 43.3187 19.2661 10.5
      vertex 43.7014 18.3422 10.5
    endloop
  endfacet
  facet normal 0 0 -1
    outer loop
      vertex 43.15 18.0703 10.5
      vertex 42.65 18.9363 10.5
      vertex 43.3187 19.2661 10.5
    endloop
  endfacet
  facet normal 0 0 -1
    outer loop
      vertex 42.6388 17.7288 10.5
      vertex 42.65 18.9363 10.5
      vertex 43.15 18.0703 10.5
    endloop
  endfacet
  facet normal 0 0 -1
    outer loop
      vertex 42.0301 18.5221 10.5
      vertex 42.6388 17.7288 10.5
      vertex 42.1766 17.3234 10.5
    endloop
  endfacet
  facet normal 0 0 -1
    outer loop
      vertex 42.6388 17.7288 10.5
      vertex 42.0301 18.5221 10.5
      vertex 42.65 18.9363 10.5
    endloop
  endfacet
  facet normal 0 0 -1
    outer loop
      vertex 41.4695 18.0305 10.5
      vertex 42.1766 17.3234 10.5
      vertex 41.7712 16.8612 10.5
    endloop
  endfacet
  facet normal 0 0 -1
    outer loop
      vertex 42.1766 17.3234 10.5
      vertex 41.4695 18.0305 10.5
      vertex 42.0301 18.5221 10.5
    endloop
  endfacet
  facet normal 0 0 -1
    outer loop
      vertex 40.9779 17.4699 10.5
      vertex 41.7712 16.8612 10.5
      vertex 41.4297 16.35 10.5
    endloop
  endfacet
  facet normal 0 0 -1
    outer loop
      vertex 40.5637 16.85 10.5
      vertex 41.4297 16.35 10.5
      vertex 41.1578 15.7986 10.5
    endloop
  endfacet
  facet normal 0 0 -1
    outer loop
      vertex 41.7712 16.8612 10.5
      vertex 40.9779 17.4699 10.5
      vertex 41.4695 18.0305 10.5
    endloop
  endfacet
  facet normal 0 0 -1
    outer loop
      vertex 40.2339 16.1813 10.5
      vertex 41.1578 15.7986 10.5
      vertex 40.9601 15.2164 10.5
    endloop
  endfacet
  facet normal 0 0 -1
    outer loop
      vertex 39.9942 15.4753 10.5
      vertex 40.9601 15.2164 10.5
      vertex 40.8402 14.6135 10.5
    endloop
  endfacet
  facet normal 0 0 -1
    outer loop
      vertex 39.8488 14.744 10.5
      vertex 40.8402 14.6135 10.5
      vertex 40.8 14 10.5
    endloop
  endfacet
  facet normal -0 0 -1
    outer loop
      vertex 40.9601 12.7836 10.5
      vertex 39.9942 12.5247 10.5
      vertex 40.8402 13.3865 10.5
    endloop
  endfacet
  facet normal 0 0 -1
    outer loop
      vertex 41.4297 16.35 10.5
      vertex 40.5637 16.85 10.5
      vertex 40.9779 17.4699 10.5
    endloop
  endfacet
  facet normal 0 0 -1
    outer loop
      vertex 39.8488 13.256 10.5
      vertex 40.8402 13.3865 10.5
      vertex 39.9942 12.5247 10.5
    endloop
  endfacet
  facet normal 0 0 -1
    outer loop
      vertex 41.1578 15.7986 10.5
      vertex 40.2339 16.1813 10.5
      vertex 40.5637 16.85 10.5
    endloop
  endfacet
  facet normal -0 0 -1
    outer loop
      vertex 40.8402 13.3865 10.5
      vertex 39.8488 13.256 10.5
      vertex 40.8 14 10.5
    endloop
  endfacet
  facet normal 0 0 -1
    outer loop
      vertex 40.9601 15.2164 10.5
      vertex 39.9942 15.4753 10.5
      vertex 40.2339 16.1813 10.5
    endloop
  endfacet
  facet normal 0 0 -1
    outer loop
      vertex 39.8 14 10.5
      vertex 40.8 14 10.5
      vertex 39.8488 13.256 10.5
    endloop
  endfacet
  facet normal 0 0 -1
    outer loop
      vertex 40.8402 14.6135 10.5
      vertex 39.8488 14.744 10.5
      vertex 39.9942 15.4753 10.5
    endloop
  endfacet
  facet normal 0 0 -1
    outer loop
      vertex 40.8 14 10.5
      vertex 39.8 14 10.5
      vertex 39.8488 14.744 10.5
    endloop
  endfacet
  facet normal 0.896855 0.442325 0
    outer loop
      vertex 50.7661 16.1813 12
      vertex 50.4363 16.85 10.5
      vertex 50.4363 16.85 12
    endloop
  endfacet
  facet normal 0.896855 0.442325 0
    outer loop
      vertex 50.4363 16.85 10.5
      vertex 50.7661 16.1813 12
      vertex 50.7661 16.1813 10.5
    endloop
  endfacet
  facet normal 0.831472 0.555567 0
    outer loop
      vertex 50.4363 16.85 12
      vertex 50.0221 17.4699 10.5
      vertex 50.0221 17.4699 12
    endloop
  endfacet
  facet normal 0.831472 0.555567 0
    outer loop
      vertex 50.0221 17.4699 10.5
      vertex 50.4363 16.85 12
      vertex 50.4363 16.85 10.5
    endloop
  endfacet
  facet normal 0.442325 0.896855 -0
    outer loop
      vertex 48.35 18.9363 10.5
      vertex 47.6813 19.2661 12
      vertex 48.35 18.9363 12
    endloop
  endfacet
  facet normal 0.442325 0.896855 0
    outer loop
      vertex 47.6813 19.2661 12
      vertex 48.35 18.9363 10.5
      vertex 47.6813 19.2661 10.5
    endloop
  endfacet
  facet normal 0.555567 0.831472 -0
    outer loop
      vertex 48.9699 18.5221 10.5
      vertex 48.35 18.9363 12
      vertex 48.9699 18.5221 12
    endloop
  endfacet
  facet normal 0.555567 0.831472 0
    outer loop
      vertex 48.35 18.9363 12
      vertex 48.9699 18.5221 10.5
      vertex 48.35 18.9363 10.5
    endloop
  endfacet
  facet normal -0.896855 0.442325 0
    outer loop
      vertex 40.2339 16.1813 10.5
      vertex 40.5637 16.85 12
      vertex 40.5637 16.85 10.5
    endloop
  endfacet
  facet normal -0.896855 0.442325 0
    outer loop
      vertex 40.5637 16.85 12
      vertex 40.2339 16.1813 10.5
      vertex 40.2339 16.1813 12
    endloop
  endfacet
  facet normal -0.751862 0.659321 0
    outer loop
      vertex 40.9779 17.4699 10.5
      vertex 41.4695 18.0305 12
      vertex 41.4695 18.0305 10.5
    endloop
  endfacet
  facet normal -0.751862 0.659321 0
    outer loop
      vertex 41.4695 18.0305 12
      vertex 40.9779 17.4699 10.5
      vertex 40.9779 17.4699 12
    endloop
  endfacet
  facet normal -0.0654508 0.997856 0
    outer loop
      vertex 45.5 19.7 10.5
      vertex 44.756 19.6512 12
      vertex 45.5 19.7 12
    endloop
  endfacet
  facet normal -0.0654508 0.997856 0
    outer loop
      vertex 44.756 19.6512 12
      vertex 45.5 19.7 10.5
      vertex 44.756 19.6512 10.5
    endloop
  endfacet
  facet normal 0.0653973 -0.997859 0
    outer loop
      vertex 45.5 8.3 10.5
      vertex 46.244 8.34876 12
      vertex 45.5 8.3 12
    endloop
  endfacet
  facet normal 0.0653973 -0.997859 0
    outer loop
      vertex 46.244 8.34876 12
      vertex 45.5 8.3 10.5
      vertex 46.244 8.34876 10.5
    endloop
  endfacet
  facet normal 0.980802 -0.195007 0
    outer loop
      vertex 51.0058 12.5247 12
      vertex 51.1512 13.256 10.5
      vertex 51.1512 13.256 12
    endloop
  endfacet
  facet normal 0.980802 -0.195007 0
    outer loop
      vertex 51.1512 13.256 10.5
      vertex 51.0058 12.5247 12
      vertex 51.0058 12.5247 10.5
    endloop
  endfacet
  facet normal -0.659321 -0.751862 0
    outer loop
      vertex 41.4695 9.96949 10.5
      vertex 42.0301 9.47789 12
      vertex 41.4695 9.96949 12
    endloop
  endfacet
  facet normal -0.659321 -0.751862 -0
    outer loop
      vertex 42.0301 9.47789 12
      vertex 41.4695 9.96949 10.5
      vertex 42.0301 9.47789 10.5
    endloop
  endfacet
  facet normal -0.997856 -0.0654508 0
    outer loop
      vertex 39.8488 13.256 10.5
      vertex 39.8 14 12
      vertex 39.8 14 10.5
    endloop
  endfacet
  facet normal -0.997856 -0.0654508 0
    outer loop
      vertex 39.8 14 12
      vertex 39.8488 13.256 10.5
      vertex 39.8488 13.256 12
    endloop
  endfacet
  facet normal 0.946912 0.321494 0
    outer loop
      vertex 51.0058 15.4753 12
      vertex 50.7661 16.1813 10.5
      vertex 50.7661 16.1813 12
    endloop
  endfacet
  facet normal 0.946912 0.321494 0
    outer loop
      vertex 50.7661 16.1813 10.5
      vertex 51.0058 15.4753 12
      vertex 51.0058 15.4753 10.5
    endloop
  endfacet
  facet normal 0.980802 0.195007 0
    outer loop
      vertex 51.1512 14.744 12
      vertex 51.0058 15.4753 10.5
      vertex 51.0058 15.4753 12
    endloop
  endfacet
  facet normal 0.980802 0.195007 0
    outer loop
      vertex 51.0058 15.4753 10.5
      vertex 51.1512 14.744 12
      vertex 51.1512 14.744 10.5
    endloop
  endfacet
  facet normal 0.751862 0.659321 0
    outer loop
      vertex 50.0221 17.4699 12
      vertex 49.5305 18.0305 10.5
      vertex 49.5305 18.0305 12
    endloop
  endfacet
  facet normal 0.751862 0.659321 0
    outer loop
      vertex 49.5305 18.0305 10.5
      vertex 50.0221 17.4699 12
      vertex 50.0221 17.4699 10.5
    endloop
  endfacet
  facet normal 0.321494 0.946912 -0
    outer loop
      vertex 47.6813 19.2661 10.5
      vertex 46.9753 19.5058 12
      vertex 47.6813 19.2661 12
    endloop
  endfacet
  facet normal 0.321494 0.946912 0
    outer loop
      vertex 46.9753 19.5058 12
      vertex 47.6813 19.2661 10.5
      vertex 46.9753 19.5058 10.5
    endloop
  endfacet
  facet normal 0.195007 0.980802 -0
    outer loop
      vertex 46.9753 19.5058 10.5
      vertex 46.244 19.6512 12
      vertex 46.9753 19.5058 12
    endloop
  endfacet
  facet normal 0.195007 0.980802 0
    outer loop
      vertex 46.244 19.6512 12
      vertex 46.9753 19.5058 10.5
      vertex 46.244 19.6512 10.5
    endloop
  endfacet
  facet normal -0.831472 0.555567 0
    outer loop
      vertex 40.5637 16.85 10.5
      vertex 40.9779 17.4699 12
      vertex 40.9779 17.4699 10.5
    endloop
  endfacet
  facet normal -0.831472 0.555567 0
    outer loop
      vertex 40.9779 17.4699 12
      vertex 40.5637 16.85 10.5
      vertex 40.5637 16.85 12
    endloop
  endfacet
  facet normal -0.946912 0.321494 0
    outer loop
      vertex 39.9942 15.4753 10.5
      vertex 40.2339 16.1813 12
      vertex 40.2339 16.1813 10.5
    endloop
  endfacet
  facet normal -0.946912 0.321494 0
    outer loop
      vertex 40.2339 16.1813 12
      vertex 39.9942 15.4753 10.5
      vertex 39.9942 15.4753 12
    endloop
  endfacet
  facet normal -0.980802 0.195007 0
    outer loop
      vertex 39.8488 14.744 10.5
      vertex 39.9942 15.4753 12
      vertex 39.9942 15.4753 10.5
    endloop
  endfacet
  facet normal -0.980802 0.195007 0
    outer loop
      vertex 39.9942 15.4753 12
      vertex 39.8488 14.744 10.5
      vertex 39.8488 14.744 12
    endloop
  endfacet
  facet normal -0.442325 0.896855 0
    outer loop
      vertex 43.3187 19.2661 10.5
      vertex 42.65 18.9363 12
      vertex 43.3187 19.2661 12
    endloop
  endfacet
  facet normal -0.442325 0.896855 0
    outer loop
      vertex 42.65 18.9363 12
      vertex 43.3187 19.2661 10.5
      vertex 42.65 18.9363 10.5
    endloop
  endfacet
  facet normal -0.555567 0.831472 0
    outer loop
      vertex 42.65 18.9363 10.5
      vertex 42.0301 18.5221 12
      vertex 42.65 18.9363 12
    endloop
  endfacet
  facet normal -0.555567 0.831472 0
    outer loop
      vertex 42.0301 18.5221 12
      vertex 42.65 18.9363 10.5
      vertex 42.0301 18.5221 10.5
    endloop
  endfacet
  facet normal -0.195007 0.980802 0
    outer loop
      vertex 44.756 19.6512 10.5
      vertex 44.0247 19.5058 12
      vertex 44.756 19.6512 12
    endloop
  endfacet
  facet normal -0.195007 0.980802 0
    outer loop
      vertex 44.0247 19.5058 12
      vertex 44.756 19.6512 10.5
      vertex 44.0247 19.5058 10.5
    endloop
  endfacet
  facet normal 0.997856 -0.0654508 0
    outer loop
      vertex 51.1512 13.256 12
      vertex 51.2 14 10.5
      vertex 51.2 14 12
    endloop
  endfacet
  facet normal 0.997856 -0.0654508 0
    outer loop
      vertex 51.2 14 10.5
      vertex 51.1512 13.256 12
      vertex 51.1512 13.256 10.5
    endloop
  endfacet
  facet normal 0.195084 -0.980786 0
    outer loop
      vertex 46.244 8.34876 10.5
      vertex 46.9753 8.49422 12
      vertex 46.244 8.34876 12
    endloop
  endfacet
  facet normal 0.195084 -0.980786 0
    outer loop
      vertex 46.9753 8.49422 12
      vertex 46.244 8.34876 10.5
      vertex 46.9753 8.49422 10.5
    endloop
  endfacet
  facet normal 0.659321 -0.751862 0
    outer loop
      vertex 48.9699 9.47789 10.5
      vertex 49.5305 9.96949 12
      vertex 48.9699 9.47789 12
    endloop
  endfacet
  facet normal 0.659321 -0.751862 0
    outer loop
      vertex 49.5305 9.96949 12
      vertex 48.9699 9.47789 10.5
      vertex 49.5305 9.96949 10.5
    endloop
  endfacet
  facet normal 0.442293 -0.896871 0
    outer loop
      vertex 47.6813 8.73389 10.5
      vertex 48.35 9.06366 12
      vertex 47.6813 8.73389 12
    endloop
  endfacet
  facet normal 0.442293 -0.896871 0
    outer loop
      vertex 48.35 9.06366 12
      vertex 47.6813 8.73389 10.5
      vertex 48.35 9.06366 10.5
    endloop
  endfacet
  facet normal 0.831472 -0.555567 0
    outer loop
      vertex 50.0221 10.5301 12
      vertex 50.4363 11.15 10.5
      vertex 50.4363 11.15 12
    endloop
  endfacet
  facet normal 0.831472 -0.555567 0
    outer loop
      vertex 50.4363 11.15 10.5
      vertex 50.0221 10.5301 12
      vertex 50.0221 10.5301 10.5
    endloop
  endfacet
  facet normal -0.555594 -0.831453 0
    outer loop
      vertex 42.0301 9.47789 10.5
      vertex 42.65 9.06366 12
      vertex 42.0301 9.47789 12
    endloop
  endfacet
  facet normal -0.555594 -0.831453 -0
    outer loop
      vertex 42.65 9.06366 12
      vertex 42.0301 9.47789 10.5
      vertex 42.65 9.06366 10.5
    endloop
  endfacet
  facet normal -0.321458 -0.946924 0
    outer loop
      vertex 43.3187 8.73389 10.5
      vertex 44.0247 8.49422 12
      vertex 43.3187 8.73389 12
    endloop
  endfacet
  facet normal -0.321458 -0.946924 -0
    outer loop
      vertex 44.0247 8.49422 12
      vertex 43.3187 8.73389 10.5
      vertex 44.0247 8.49422 10.5
    endloop
  endfacet
  facet normal -0.0653973 -0.997859 0
    outer loop
      vertex 44.756 8.34876 10.5
      vertex 45.5 8.3 12
      vertex 44.756 8.34876 12
    endloop
  endfacet
  facet normal -0.0653973 -0.997859 -0
    outer loop
      vertex 45.5 8.3 12
      vertex 44.756 8.34876 10.5
      vertex 45.5 8.3 10.5
    endloop
  endfacet
  facet normal -0.896855 -0.442325 0
    outer loop
      vertex 40.5637 11.15 10.5
      vertex 40.2339 11.8187 12
      vertex 40.2339 11.8187 10.5
    endloop
  endfacet
  facet normal -0.896855 -0.442325 0
    outer loop
      vertex 40.2339 11.8187 12
      vertex 40.5637 11.15 10.5
      vertex 40.5637 11.15 12
    endloop
  endfacet
  facet normal -0.751868 -0.659314 0
    outer loop
      vertex 41.4695 9.96949 10.5
      vertex 40.9779 10.5301 12
      vertex 40.9779 10.5301 10.5
    endloop
  endfacet
  facet normal -0.751868 -0.659314 0
    outer loop
      vertex 40.9779 10.5301 12
      vertex 41.4695 9.96949 10.5
      vertex 41.4695 9.96949 12
    endloop
  endfacet
  facet normal -0.980802 -0.195007 0
    outer loop
      vertex 39.9942 12.5247 10.5
      vertex 39.8488 13.256 12
      vertex 39.8488 13.256 10.5
    endloop
  endfacet
  facet normal -0.980802 -0.195007 0
    outer loop
      vertex 39.8488 13.256 12
      vertex 39.9942 12.5247 10.5
      vertex 39.9942 12.5247 12
    endloop
  endfacet
  facet normal 0.946912 -0.321494 0
    outer loop
      vertex 50.7661 11.8187 12
      vertex 51.0058 12.5247 10.5
      vertex 51.0058 12.5247 12
    endloop
  endfacet
  facet normal 0.946912 -0.321494 0
    outer loop
      vertex 51.0058 12.5247 10.5
      vertex 50.7661 11.8187 12
      vertex 50.7661 11.8187 10.5
    endloop
  endfacet
  facet normal 0.321458 -0.946924 0
    outer loop
      vertex 46.9753 8.49422 10.5
      vertex 47.6813 8.73389 12
      vertex 46.9753 8.49422 12
    endloop
  endfacet
  facet normal 0.321458 -0.946924 0
    outer loop
      vertex 47.6813 8.73389 12
      vertex 46.9753 8.49422 10.5
      vertex 47.6813 8.73389 10.5
    endloop
  endfacet
  facet normal 0.751868 -0.659314 0
    outer loop
      vertex 49.5305 9.96949 12
      vertex 50.0221 10.5301 10.5
      vertex 50.0221 10.5301 12
    endloop
  endfacet
  facet normal 0.751868 -0.659314 0
    outer loop
      vertex 50.0221 10.5301 10.5
      vertex 49.5305 9.96949 12
      vertex 49.5305 9.96949 10.5
    endloop
  endfacet
  facet normal 0.555594 -0.831453 0
    outer loop
      vertex 48.35 9.06366 10.5
      vertex 48.9699 9.47789 12
      vertex 48.35 9.06366 12
    endloop
  endfacet
  facet normal 0.555594 -0.831453 0
    outer loop
      vertex 48.9699 9.47789 12
      vertex 48.35 9.06366 10.5
      vertex 48.9699 9.47789 10.5
    endloop
  endfacet
  facet normal -0.442293 -0.896871 0
    outer loop
      vertex 42.65 9.06366 10.5
      vertex 43.3187 8.73389 12
      vertex 42.65 9.06366 12
    endloop
  endfacet
  facet normal -0.442293 -0.896871 -0
    outer loop
      vertex 43.3187 8.73389 12
      vertex 42.65 9.06366 10.5
      vertex 43.3187 8.73389 10.5
    endloop
  endfacet
  facet normal -0.195084 -0.980786 0
    outer loop
      vertex 44.0247 8.49422 10.5
      vertex 44.756 8.34876 12
      vertex 44.0247 8.49422 12
    endloop
  endfacet
  facet normal -0.195084 -0.980786 -0
    outer loop
      vertex 44.756 8.34876 12
      vertex 44.0247 8.49422 10.5
      vertex 44.756 8.34876 10.5
    endloop
  endfacet
  facet normal -0.831472 -0.555567 0
    outer loop
      vertex 40.9779 10.5301 10.5
      vertex 40.5637 11.15 12
      vertex 40.5637 11.15 10.5
    endloop
  endfacet
  facet normal -0.831472 -0.555567 0
    outer loop
      vertex 40.5637 11.15 12
      vertex 40.9779 10.5301 10.5
      vertex 40.9779 10.5301 12
    endloop
  endfacet
  facet normal -0.946912 -0.321494 0
    outer loop
      vertex 40.2339 11.8187 10.5
      vertex 39.9942 12.5247 12
      vertex 39.9942 12.5247 10.5
    endloop
  endfacet
  facet normal -0.946912 -0.321494 0
    outer loop
      vertex 39.9942 12.5247 12
      vertex 40.2339 11.8187 10.5
      vertex 40.2339 11.8187 12
    endloop
  endfacet
  facet normal 0.896855 -0.442325 0
    outer loop
      vertex 50.4363 11.15 12
      vertex 50.7661 11.8187 10.5
      vertex 50.7661 11.8187 12
    endloop
  endfacet
  facet normal 0.896855 -0.442325 0
    outer loop
      vertex 50.7661 11.8187 10.5
      vertex 50.4363 11.15 12
      vertex 50.4363 11.15 10.5
    endloop
  endfacet
  facet normal -0.99786 -0.0653855 0
    outer loop
      vertex 50.2 14 10.5
      vertex 50.1598 14.6135 12
      vertex 50.1598 14.6135 10.5
    endloop
  endfacet
  facet normal -0.99786 -0.0653855 0
    outer loop
      vertex 50.1598 14.6135 12
      vertex 50.2 14 10.5
      vertex 50.2 14 12
    endloop
  endfacet
  facet normal 0.99786 -0.0653855 0
    outer loop
      vertex 40.8 14 12
      vertex 40.8402 14.6135 10.5
      vertex 40.8402 14.6135 12
    endloop
  endfacet
  facet normal 0.99786 -0.0653855 0
    outer loop
      vertex 40.8402 14.6135 10.5
      vertex 40.8 14 12
      vertex 40.8 14 10.5
    endloop
  endfacet
  facet normal -0.0653855 -0.99786 0
    outer loop
      vertex 45.5 18.7 10.5
      vertex 46.1135 18.6598 12
      vertex 45.5 18.7 12
    endloop
  endfacet
  facet normal -0.0653855 -0.99786 -0
    outer loop
      vertex 46.1135 18.6598 12
      vertex 45.5 18.7 10.5
      vertex 46.1135 18.6598 10.5
    endloop
  endfacet
  facet normal 0.0654016 0.997859 -0
    outer loop
      vertex 45.5 9.3 10.5
      vertex 44.8865 9.34021 12
      vertex 45.5 9.3 12
    endloop
  endfacet
  facet normal 0.0654016 0.997859 0
    outer loop
      vertex 44.8865 9.34021 12
      vertex 45.5 9.3 10.5
      vertex 44.8865 9.34021 10.5
    endloop
  endfacet
  facet normal -0.75179 -0.659402 0
    outer loop
      vertex 49.2288 16.8612 10.5
      vertex 48.8234 17.3234 12
      vertex 48.8234 17.3234 10.5
    endloop
  endfacet
  facet normal -0.75179 -0.659402 0
    outer loop
      vertex 48.8234 17.3234 12
      vertex 49.2288 16.8612 10.5
      vertex 49.2288 16.8612 12
    endloop
  endfacet
  facet normal 0.659402 -0.75179 0
    outer loop
      vertex 42.1766 17.3234 10.5
      vertex 42.6388 17.7288 12
      vertex 42.1766 17.3234 12
    endloop
  endfacet
  facet normal 0.659402 -0.75179 0
    outer loop
      vertex 42.6388 17.7288 12
      vertex 42.1766 17.3234 10.5
      vertex 42.6388 17.7288 10.5
    endloop
  endfacet
  facet normal 0.321541 -0.946896 0
    outer loop
      vertex 43.7014 18.3422 10.5
      vertex 44.2836 18.5399 12
      vertex 43.7014 18.3422 12
    endloop
  endfacet
  facet normal 0.321541 -0.946896 0
    outer loop
      vertex 44.2836 18.5399 12
      vertex 43.7014 18.3422 10.5
      vertex 44.2836 18.5399 10.5
    endloop
  endfacet
  facet normal -0.946896 -0.321541 0
    outer loop
      vertex 50.0399 15.2164 10.5
      vertex 49.8422 15.7986 12
      vertex 49.8422 15.7986 10.5
    endloop
  endfacet
  facet normal -0.946896 -0.321541 0
    outer loop
      vertex 49.8422 15.7986 12
      vertex 50.0399 15.2164 10.5
      vertex 50.0399 15.2164 12
    endloop
  endfacet
  facet normal -0.980793 -0.195052 0
    outer loop
      vertex 50.1598 14.6135 10.5
      vertex 50.0399 15.2164 12
      vertex 50.0399 15.2164 10.5
    endloop
  endfacet
  facet normal -0.980793 -0.195052 0
    outer loop
      vertex 50.0399 15.2164 12
      vertex 50.1598 14.6135 10.5
      vertex 50.1598 14.6135 12
    endloop
  endfacet
  facet normal -0.896886 -0.442262 0
    outer loop
      vertex 49.8422 15.7986 10.5
      vertex 49.5703 16.35 12
      vertex 49.5703 16.35 10.5
    endloop
  endfacet
  facet normal -0.896886 -0.442262 0
    outer loop
      vertex 49.5703 16.35 12
      vertex 49.8422 15.7986 10.5
      vertex 49.8422 15.7986 12
    endloop
  endfacet
  facet normal -0.442262 -0.896886 0
    outer loop
      vertex 47.2986 18.3422 10.5
      vertex 47.85 18.0703 12
      vertex 47.2986 18.3422 12
    endloop
  endfacet
  facet normal -0.442262 -0.896886 -0
    outer loop
      vertex 47.85 18.0703 12
      vertex 47.2986 18.3422 10.5
      vertex 47.85 18.0703 10.5
    endloop
  endfacet
  facet normal -0.321541 -0.946896 0
    outer loop
      vertex 46.7164 18.5399 10.5
      vertex 47.2986 18.3422 12
      vertex 46.7164 18.5399 12
    endloop
  endfacet
  facet normal -0.321541 -0.946896 -0
    outer loop
      vertex 47.2986 18.3422 12
      vertex 46.7164 18.5399 10.5
      vertex 47.2986 18.3422 10.5
    endloop
  endfacet
  facet normal -0.555488 -0.831524 0
    outer loop
      vertex 47.85 18.0703 10.5
      vertex 48.3612 17.7288 12
      vertex 47.85 18.0703 12
    endloop
  endfacet
  facet normal -0.555488 -0.831524 -0
    outer loop
      vertex 48.3612 17.7288 12
      vertex 47.85 18.0703 10.5
      vertex 48.3612 17.7288 10.5
    endloop
  endfacet
  facet normal 0.896886 -0.442262 0
    outer loop
      vertex 41.1578 15.7986 12
      vertex 41.4297 16.35 10.5
      vertex 41.4297 16.35 12
    endloop
  endfacet
  facet normal 0.896886 -0.442262 0
    outer loop
      vertex 41.4297 16.35 10.5
      vertex 41.1578 15.7986 12
      vertex 41.1578 15.7986 10.5
    endloop
  endfacet
  facet normal 0.831524 -0.555488 0
    outer loop
      vertex 41.4297 16.35 12
      vertex 41.7712 16.8612 10.5
      vertex 41.7712 16.8612 12
    endloop
  endfacet
  facet normal 0.831524 -0.555488 0
    outer loop
      vertex 41.7712 16.8612 10.5
      vertex 41.4297 16.35 12
      vertex 41.4297 16.35 10.5
    endloop
  endfacet
  facet normal 0.946896 -0.321541 0
    outer loop
      vertex 40.9601 15.2164 12
      vertex 41.1578 15.7986 10.5
      vertex 41.1578 15.7986 12
    endloop
  endfacet
  facet normal 0.946896 -0.321541 0
    outer loop
      vertex 41.1578 15.7986 10.5
      vertex 40.9601 15.2164 12
      vertex 40.9601 15.2164 10.5
    endloop
  endfacet
  facet normal 0.442262 -0.896886 0
    outer loop
      vertex 43.15 18.0703 10.5
      vertex 43.7014 18.3422 12
      vertex 43.15 18.0703 12
    endloop
  endfacet
  facet normal 0.442262 -0.896886 0
    outer loop
      vertex 43.7014 18.3422 12
      vertex 43.15 18.0703 10.5
      vertex 43.7014 18.3422 10.5
    endloop
  endfacet
  facet normal 0.195052 -0.980793 0
    outer loop
      vertex 44.2836 18.5399 10.5
      vertex 44.8865 18.6598 12
      vertex 44.2836 18.5399 12
    endloop
  endfacet
  facet normal 0.195052 -0.980793 0
    outer loop
      vertex 44.8865 18.6598 12
      vertex 44.2836 18.5399 10.5
      vertex 44.8865 18.6598 10.5
    endloop
  endfacet
  facet normal -0.659402 0.75179 0
    outer loop
      vertex 48.8234 10.6766 10.5
      vertex 48.3612 10.2712 12
      vertex 48.8234 10.6766 12
    endloop
  endfacet
  facet normal -0.659402 0.75179 0
    outer loop
      vertex 48.3612 10.2712 12
      vertex 48.8234 10.6766 10.5
      vertex 48.3612 10.2712 10.5
    endloop
  endfacet
  facet normal -0.442275 0.896879 0
    outer loop
      vertex 47.85 9.92968 10.5
      vertex 47.2986 9.65777 12
      vertex 47.85 9.92968 12
    endloop
  endfacet
  facet normal -0.442275 0.896879 0
    outer loop
      vertex 47.2986 9.65777 12
      vertex 47.85 9.92968 10.5
      vertex 47.2986 9.65777 10.5
    endloop
  endfacet
  facet normal -0.946896 0.321541 0
    outer loop
      vertex 49.8422 12.2014 10.5
      vertex 50.0399 12.7836 12
      vertex 50.0399 12.7836 10.5
    endloop
  endfacet
  facet normal -0.946896 0.321541 0
    outer loop
      vertex 50.0399 12.7836 12
      vertex 49.8422 12.2014 10.5
      vertex 49.8422 12.2014 12
    endloop
  endfacet
  facet normal 0.442275 0.896879 -0
    outer loop
      vertex 43.7014 9.65777 10.5
      vertex 43.15 9.92968 12
      vertex 43.7014 9.65777 12
    endloop
  endfacet
  facet normal 0.442275 0.896879 0
    outer loop
      vertex 43.15 9.92968 12
      vertex 43.7014 9.65777 10.5
      vertex 43.15 9.92968 10.5
    endloop
  endfacet
  facet normal 0.321424 0.946935 -0
    outer loop
      vertex 44.2836 9.46015 10.5
      vertex 43.7014 9.65777 12
      vertex 44.2836 9.46015 12
    endloop
  endfacet
  facet normal 0.321424 0.946935 0
    outer loop
      vertex 43.7014 9.65777 12
      vertex 44.2836 9.46015 10.5
      vertex 43.7014 9.65777 10.5
    endloop
  endfacet
  facet normal 0.896886 0.442262 0
    outer loop
      vertex 41.4297 11.65 12
      vertex 41.1578 12.2014 10.5
      vertex 41.1578 12.2014 12
    endloop
  endfacet
  facet normal 0.896886 0.442262 0
    outer loop
      vertex 41.1578 12.2014 10.5
      vertex 41.4297 11.65 12
      vertex 41.4297 11.65 10.5
    endloop
  endfacet
  facet normal 0.831524 0.555488 0
    outer loop
      vertex 41.7712 11.1388 12
      vertex 41.4297 11.65 10.5
      vertex 41.4297 11.65 12
    endloop
  endfacet
  facet normal 0.831524 0.555488 0
    outer loop
      vertex 41.4297 11.65 10.5
      vertex 41.7712 11.1388 12
      vertex 41.7712 11.1388 10.5
    endloop
  endfacet
  facet normal -0.831524 -0.555488 0
    outer loop
      vertex 49.5703 16.35 10.5
      vertex 49.2288 16.8612 12
      vertex 49.2288 16.8612 10.5
    endloop
  endfacet
  facet normal -0.831524 -0.555488 0
    outer loop
      vertex 49.2288 16.8612 12
      vertex 49.5703 16.35 10.5
      vertex 49.5703 16.35 12
    endloop
  endfacet
  facet normal -0.195052 -0.980793 0
    outer loop
      vertex 46.1135 18.6598 10.5
      vertex 46.7164 18.5399 12
      vertex 46.1135 18.6598 12
    endloop
  endfacet
  facet normal -0.195052 -0.980793 -0
    outer loop
      vertex 46.7164 18.5399 12
      vertex 46.1135 18.6598 10.5
      vertex 46.7164 18.5399 10.5
    endloop
  endfacet
  facet normal -0.659402 -0.75179 0
    outer loop
      vertex 48.3612 17.7288 10.5
      vertex 48.8234 17.3234 12
      vertex 48.3612 17.7288 12
    endloop
  endfacet
  facet normal -0.659402 -0.75179 -0
    outer loop
      vertex 48.8234 17.3234 12
      vertex 48.3612 17.7288 10.5
      vertex 48.8234 17.3234 10.5
    endloop
  endfacet
  facet normal 0.980793 -0.195052 0
    outer loop
      vertex 40.8402 14.6135 12
      vertex 40.9601 15.2164 10.5
      vertex 40.9601 15.2164 12
    endloop
  endfacet
  facet normal 0.980793 -0.195052 0
    outer loop
      vertex 40.9601 15.2164 10.5
      vertex 40.8402 14.6135 12
      vertex 40.8402 14.6135 10.5
    endloop
  endfacet
  facet normal 0.0653855 -0.99786 0
    outer loop
      vertex 44.8865 18.6598 10.5
      vertex 45.5 18.7 12
      vertex 44.8865 18.6598 12
    endloop
  endfacet
  facet normal 0.0653855 -0.99786 0
    outer loop
      vertex 45.5 18.7 12
      vertex 44.8865 18.6598 10.5
      vertex 45.5 18.7 10.5
    endloop
  endfacet
  facet normal -0.99786 0.0653855 0
    outer loop
      vertex 50.1598 13.3865 10.5
      vertex 50.2 14 12
      vertex 50.2 14 10.5
    endloop
  endfacet
  facet normal -0.99786 0.0653855 0
    outer loop
      vertex 50.2 14 12
      vertex 50.1598 13.3865 10.5
      vertex 50.1598 13.3865 12
    endloop
  endfacet
  facet normal -0.0654016 0.997859 0
    outer loop
      vertex 46.1135 9.34021 10.5
      vertex 45.5 9.3 12
      vertex 46.1135 9.34021 12
    endloop
  endfacet
  facet normal -0.0654016 0.997859 0
    outer loop
      vertex 45.5 9.3 12
      vertex 46.1135 9.34021 10.5
      vertex 45.5 9.3 10.5
    endloop
  endfacet
  facet normal -0.321424 0.946935 0
    outer loop
      vertex 47.2986 9.65777 10.5
      vertex 46.7164 9.46015 12
      vertex 47.2986 9.65777 12
    endloop
  endfacet
  facet normal -0.321424 0.946935 0
    outer loop
      vertex 46.7164 9.46015 12
      vertex 47.2986 9.65777 10.5
      vertex 46.7164 9.46015 10.5
    endloop
  endfacet
  facet normal -0.555511 0.831509 0
    outer loop
      vertex 48.3612 10.2712 10.5
      vertex 47.85 9.92968 12
      vertex 48.3612 10.2712 12
    endloop
  endfacet
  facet normal -0.555511 0.831509 0
    outer loop
      vertex 47.85 9.92968 12
      vertex 48.3612 10.2712 10.5
      vertex 47.85 9.92968 10.5
    endloop
  endfacet
  facet normal -0.896886 0.442262 0
    outer loop
      vertex 49.5703 11.65 10.5
      vertex 49.8422 12.2014 12
      vertex 49.8422 12.2014 10.5
    endloop
  endfacet
  facet normal -0.896886 0.442262 0
    outer loop
      vertex 49.8422 12.2014 12
      vertex 49.5703 11.65 10.5
      vertex 49.5703 11.65 12
    endloop
  endfacet
  facet normal -0.75179 0.659402 0
    outer loop
      vertex 48.8234 10.6766 10.5
      vertex 49.2288 11.1388 12
      vertex 49.2288 11.1388 10.5
    endloop
  endfacet
  facet normal -0.75179 0.659402 0
    outer loop
      vertex 49.2288 11.1388 12
      vertex 48.8234 10.6766 10.5
      vertex 48.8234 10.6766 12
    endloop
  endfacet
  facet normal -0.831524 0.555488 0
    outer loop
      vertex 49.2288 11.1388 10.5
      vertex 49.5703 11.65 12
      vertex 49.5703 11.65 10.5
    endloop
  endfacet
  facet normal -0.831524 0.555488 0
    outer loop
      vertex 49.5703 11.65 12
      vertex 49.2288 11.1388 10.5
      vertex 49.2288 11.1388 12
    endloop
  endfacet
  facet normal 0.659402 0.75179 -0
    outer loop
      vertex 42.6388 10.2712 10.5
      vertex 42.1766 10.6766 12
      vertex 42.6388 10.2712 12
    endloop
  endfacet
  facet normal 0.659402 0.75179 0
    outer loop
      vertex 42.1766 10.6766 12
      vertex 42.6388 10.2712 10.5
      vertex 42.1766 10.6766 10.5
    endloop
  endfacet
  facet normal 0.555511 0.831509 -0
    outer loop
      vertex 43.15 9.92968 10.5
      vertex 42.6388 10.2712 12
      vertex 43.15 9.92968 12
    endloop
  endfacet
  facet normal 0.555511 0.831509 0
    outer loop
      vertex 42.6388 10.2712 12
      vertex 43.15 9.92968 10.5
      vertex 42.6388 10.2712 10.5
    endloop
  endfacet
  facet normal 0.195115 0.98078 -0
    outer loop
      vertex 44.8865 9.34021 10.5
      vertex 44.2836 9.46015 12
      vertex 44.8865 9.34021 12
    endloop
  endfacet
  facet normal 0.195115 0.98078 0
    outer loop
      vertex 44.2836 9.46015 12
      vertex 44.8865 9.34021 10.5
      vertex 44.2836 9.46015 10.5
    endloop
  endfacet
  facet normal 0.75179 0.659402 0
    outer loop
      vertex 42.1766 10.6766 12
      vertex 41.7712 11.1388 10.5
      vertex 41.7712 11.1388 12
    endloop
  endfacet
  facet normal 0.75179 0.659402 0
    outer loop
      vertex 41.7712 11.1388 10.5
      vertex 42.1766 10.6766 12
      vertex 42.1766 10.6766 10.5
    endloop
  endfacet
  facet normal 0.946896 0.321541 0
    outer loop
      vertex 41.1578 12.2014 12
      vertex 40.9601 12.7836 10.5
      vertex 40.9601 12.7836 12
    endloop
  endfacet
  facet normal 0.946896 0.321541 0
    outer loop
      vertex 40.9601 12.7836 10.5
      vertex 41.1578 12.2014 12
      vertex 41.1578 12.2014 10.5
    endloop
  endfacet
  facet normal 0.99786 0.0653855 0
    outer loop
      vertex 40.8402 13.3865 12
      vertex 40.8 14 10.5
      vertex 40.8 14 12
    endloop
  endfacet
  facet normal 0.99786 0.0653855 0
    outer loop
      vertex 40.8 14 10.5
      vertex 40.8402 13.3865 12
      vertex 40.8402 13.3865 10.5
    endloop
  endfacet
  facet normal 0.75179 -0.659402 0
    outer loop
      vertex 41.7712 16.8612 12
      vertex 42.1766 17.3234 10.5
      vertex 42.1766 17.3234 12
    endloop
  endfacet
  facet normal 0.75179 -0.659402 0
    outer loop
      vertex 42.1766 17.3234 10.5
      vertex 41.7712 16.8612 12
      vertex 41.7712 16.8612 10.5
    endloop
  endfacet
  facet normal 0.555488 -0.831524 0
    outer loop
      vertex 42.6388 17.7288 10.5
      vertex 43.15 18.0703 12
      vertex 42.6388 17.7288 12
    endloop
  endfacet
  facet normal 0.555488 -0.831524 0
    outer loop
      vertex 43.15 18.0703 12
      vertex 42.6388 17.7288 10.5
      vertex 43.15 18.0703 10.5
    endloop
  endfacet
  facet normal -0.195115 0.98078 0
    outer loop
      vertex 46.7164 9.46015 10.5
      vertex 46.1135 9.34021 12
      vertex 46.7164 9.46015 12
    endloop
  endfacet
  facet normal -0.195115 0.98078 0
    outer loop
      vertex 46.1135 9.34021 12
      vertex 46.7164 9.46015 10.5
      vertex 46.1135 9.34021 10.5
    endloop
  endfacet
  facet normal -0.980793 0.195052 0
    outer loop
      vertex 50.0399 12.7836 10.5
      vertex 50.1598 13.3865 12
      vertex 50.1598 13.3865 10.5
    endloop
  endfacet
  facet normal -0.980793 0.195052 0
    outer loop
      vertex 50.1598 13.3865 12
      vertex 50.0399 12.7836 10.5
      vertex 50.0399 12.7836 12
    endloop
  endfacet
  facet normal 0.980793 0.195052 0
    outer loop
      vertex 40.9601 12.7836 12
      vertex 40.8402 13.3865 10.5
      vertex 40.8402 13.3865 12
    endloop
  endfacet
  facet normal 0.980793 0.195052 0
    outer loop
      vertex 40.8402 13.3865 10.5
      vertex 40.9601 12.7836 12
      vertex 40.9601 12.7836 10.5
    endloop
  endfacet
  facet normal -1 0 0
    outer loop
      vertex 13.15 1.3 11.2
      vertex 13.15 2 12.8
      vertex 13.15 2 11.2
    endloop
  endfacet
  facet normal -1 -0 0
    outer loop
      vertex 13.15 2 12.8
      vertex 13.15 1.3 11.2
      vertex 13.15 1.3 12.8
    endloop
  endfacet
  facet normal -0 0 1
    outer loop
      vertex 13.15 2 12.8
      vertex 14.85 1.3 12.8
      vertex 14.85 2 12.8
    endloop
  endfacet
  facet normal 0 0 1
    outer loop
      vertex 14.85 1.3 12.8
      vertex 13.15 2 12.8
      vertex 13.15 1.3 12.8
    endloop
  endfacet
  facet normal 1 -0 0
    outer loop
      vertex 14.85 1.3 12.8
      vertex 14.85 2 11.2
      vertex 14.85 2 12.8
    endloop
  endfacet
  facet normal 1 0 0
    outer loop
      vertex 14.85 2 11.2
      vertex 14.85 1.3 12.8
      vertex 14.85 1.3 11.2
    endloop
  endfacet
  facet normal 0 1 -0
    outer loop
      vertex 14.85 2 11.2
      vertex 13.15 2 12.8
      vertex 14.85 2 12.8
    endloop
  endfacet
  facet normal 0 1 0
    outer loop
      vertex 13.15 2 12.8
      vertex 14.85 2 11.2
      vertex 13.15 2 11.2
    endloop
  endfacet
  facet normal 0 0 -1
    outer loop
      vertex 13.15 1.3 11.2
      vertex 14.85 2 11.2
      vertex 14.85 1.3 11.2
    endloop
  endfacet
  facet normal -0 0 -1
    outer loop
      vertex 14.85 2 11.2
      vertex 13.15 1.3 11.2
      vertex 13.15 2 11.2
    endloop
  endfacet
  facet normal 0 -1 0
    outer loop
      vertex 13.15 1.3 11.2
      vertex 14.85 1.3 12.8
      vertex 13.15 1.3 12.8
    endloop
  endfacet
  facet normal 0 -1 -0
    outer loop
      vertex 14.85 1.3 12.8
      vertex 13.15 1.3 11.2
      vertex 14.85 1.3 11.2
    endloop
  endfacet
  facet normal -1 0 0
    outer loop
      vertex 13.15 26 11.2
      vertex 13.15 26.7 12.8
      vertex 13.15 26.7 11.2
    endloop
  endfacet
  facet normal -1 -0 0
    outer loop
      vertex 13.15 26.7 12.8
      vertex 13.15 26 11.2
      vertex 13.15 26 12.8
    endloop
  endfacet
  facet normal -0 0 1
    outer loop
      vertex 13.15 26.7 12.8
      vertex 14.85 26 12.8
      vertex 14.85 26.7 12.8
    endloop
  endfacet
  facet normal 0 0 1
    outer loop
      vertex 14.85 26 12.8
      vertex 13.15 26.7 12.8
      vertex 13.15 26 12.8
    endloop
  endfacet
  facet normal 1 -0 0
    outer loop
      vertex 14.85 26 12.8
      vertex 14.85 26.7 11.2
      vertex 14.85 26.7 12.8
    endloop
  endfacet
  facet normal 1 0 0
    outer loop
      vertex 14.85 26.7 11.2
      vertex 14.85 26 12.8
      vertex 14.85 26 11.2
    endloop
  endfacet
  facet normal 0 0 -1
    outer loop
      vertex 13.15 26 11.2
      vertex 14.85 26.7 11.2
      vertex 14.85 26 11.2
    endloop
  endfacet
  facet normal -0 0 -1
    outer loop
      vertex 14.85 26.7 11.2
      vertex 13.15 26 11.2
      vertex 13.15 26.7 11.2
    endloop
  endfacet
  facet normal 0 -1 0
    outer loop
      vertex 13.15 26 11.2
      vertex 14.85 26 12.8
      vertex 13.15 26 12.8
    endloop
  endfacet
  facet normal 0 -1 -0
    outer loop
      vertex 14.85 26 12.8
      vertex 13.15 26 11.2
      vertex 14.85 26 11.2
    endloop
  endfacet
  facet normal 0 1 -0
    outer loop
      vertex 14.85 26.7 11.2
      vertex 13.15 26.7 12.8
      vertex 14.85 26.7 12.8
    endloop
  endfacet
  facet normal 0 1 0
    outer loop
      vertex 13.15 26.7 12.8
      vertex 14.85 26.7 11.2
      vertex 13.15 26.7 11.2
    endloop
  endfacet
  facet normal -1 0 0
    outer loop
      vertex 44.15 1.3 11.2
      vertex 44.15 2 12.8
      vertex 44.15 2 11.2
    endloop
  endfacet
  facet normal -1 -0 0
    outer loop
      vertex 44.15 2 12.8
      vertex 44.15 1.3 11.2
      vertex 44.15 1.3 12.8
    endloop
  endfacet
  facet normal -0 0 1
    outer loop
      vertex 44.15 2 12.8
      vertex 45.85 1.3 12.8
      vertex 45.85 2 12.8
    endloop
  endfacet
  facet normal 0 0 1
    outer loop
      vertex 45.85 1.3 12.8
      vertex 44.15 2 12.8
      vertex 44.15 1.3 12.8
    endloop
  endfacet
  facet normal 1 -0 0
    outer loop
      vertex 45.85 1.3 12.8
      vertex 45.85 2 11.2
      vertex 45.85 2 12.8
    endloop
  endfacet
  facet normal 1 0 0
    outer loop
      vertex 45.85 2 11.2
      vertex 45.85 1.3 12.8
      vertex 45.85 1.3 11.2
    endloop
  endfacet
  facet normal 0 1 -0
    outer loop
      vertex 45.85 2 11.2
      vertex 44.15 2 12.8
      vertex 45.85 2 12.8
    endloop
  endfacet
  facet normal 0 1 0
    outer loop
      vertex 44.15 2 12.8
      vertex 45.85 2 11.2
      vertex 44.15 2 11.2
    endloop
  endfacet
  facet normal 0 0 -1
    outer loop
      vertex 44.15 1.3 11.2
      vertex 45.85 2 11.2
      vertex 45.85 1.3 11.2
    endloop
  endfacet
  facet normal -0 0 -1
    outer loop
      vertex 45.85 2 11.2
      vertex 44.15 1.3 11.2
      vertex 44.15 2 11.2
    endloop
  endfacet
  facet normal 0 -1 0
    outer loop
      vertex 44.15 1.3 11.2
      vertex 45.85 1.3 12.8
      vertex 44.15 1.3 12.8
    endloop
  endfacet
  facet normal 0 -1 -0
    outer loop
      vertex 45.85 1.3 12.8
      vertex 44.15 1.3 11.2
      vertex 45.85 1.3 11.2
    endloop
  endfacet
  facet normal -1 0 0
    outer loop
      vertex 44.15 26 11.2
      vertex 44.15 26.7 12.8
      vertex 44.15 26.7 11.2
    endloop
  endfacet
  facet normal -1 -0 0
    outer loop
      vertex 44.15 26.7 12.8
      vertex 44.15 26 11.2
      vertex 44.15 26 12.8
    endloop
  endfacet
  facet normal -0 0 1
    outer loop
      vertex 44.15 26.7 12.8
      vertex 45.85 26 12.8
      vertex 45.85 26.7 12.8
    endloop
  endfacet
  facet normal 0 0 1
    outer loop
      vertex 45.85 26 12.8
      vertex 44.15 26.7 12.8
      vertex 44.15 26 12.8
    endloop
  endfacet
  facet normal 1 -0 0
    outer loop
      vertex 45.85 26 12.8
      vertex 45.85 26.7 11.2
      vertex 45.85 26.7 12.8
    endloop
  endfacet
  facet normal 1 0 0
    outer loop
      vertex 45.85 26.7 11.2
      vertex 45.85 26 12.8
      vertex 45.85 26 11.2
    endloop
  endfacet
  facet normal 0 1 -0
    outer loop
      vertex 45.85 26.7 11.2
      vertex 44.15 26.7 12.8
      vertex 45.85 26.7 12.8
    endloop
  endfacet
  facet normal 0 1 0
    outer loop
      vertex 44.15 26.7 12.8
      vertex 45.85 26.7 11.2
      vertex 44.15 26.7 11.2
    endloop
  endfacet
  facet normal 0 0 -1
    outer loop
      vertex 44.15 26 11.2
      vertex 45.85 26.7 11.2
      vertex 45.85 26 11.2
    endloop
  endfacet
  facet normal -0 0 -1
    outer loop
      vertex 45.85 26.7 11.2
      vertex 44.15 26 11.2
      vertex 44.15 26.7 11.2
    endloop
  endfacet
  facet normal 0 -1 0
    outer loop
      vertex 44.15 26 11.2
      vertex 45.85 26 12.8
      vertex 44.15 26 12.8
    endloop
  endfacet
  facet normal 0 -1 -0
    outer loop
      vertex 45.85 26 12.8
      vertex 44.15 26 11.2
      vertex 45.85 26 11.2
    endloop
  endfacet
  facet normal -1 0 0
    outer loop
      vertex 2.2 25.8 12
      vertex 2.2 23.428 13.9
      vertex 2.2 25.8 13.9
    endloop
  endfacet
  facet normal -1 0 0
    outer loop
      vertex 2.2 23.428 13.9
      vertex 2.2 4.57202 13.9
      vertex 2.2 23.428 16
    endloop
  endfacet
  facet normal -1 0 0
    outer loop
      vertex 2.2 25.8 12
      vertex 2.2 4.57202 13.9
      vertex 2.2 23.428 13.9
    endloop
  endfacet
  facet normal -1 0 0
    outer loop
      vertex 2.2 2.2 12
      vertex 2.2 4.57202 13.9
      vertex 2.2 25.8 12
    endloop
  endfacet
  facet normal -1 -0 0
    outer loop
      vertex 2.2 4.57202 13.9
      vertex 2.2 2.2 12
      vertex 2.2 2.2 13.9
    endloop
  endfacet
  facet normal -1 -0 0
    outer loop
      vertex 2.2 23.428 16
      vertex 2.2 4.57202 13.9
      vertex 2.2 4.57202 16
    endloop
  endfacet
  facet normal 0 0 1
    outer loop
      vertex 46.1578 15.588 16
      vertex 46.1364 15.5636 16
      vertex 46.1556 15.5556 16
    endloop
  endfacet
  facet normal -0 0 1
    outer loop
      vertex 47.0556 14.6556 16
      vertex 47.0636 14.6364 16
      vertex 47.088 14.6578 16
    endloop
  endfacet
  facet normal 0 0 1
    outer loop
      vertex 47.0556 14.6556 16
      vertex 46.986 14.5479 16
      vertex 47.0636 14.6364 16
    endloop
  endfacet
  facet normal 0 0 1
    outer loop
      vertex 46.9382 14.6633 16
      vertex 46.986 14.5479 16
      vertex 47.0556 14.6556 16
    endloop
  endfacet
  facet normal 0 0 1
    outer loop
      vertex 46.9382 14.6633 16
      vertex 46.9206 14.45 16
      vertex 46.986 14.5479 16
    endloop
  endfacet
  facet normal 0 0 1
    outer loop
      vertex 46.8227 14.6863 16
      vertex 46.9206 14.45 16
      vertex 46.9382 14.6633 16
    endloop
  endfacet
  facet normal 0 0 1
    outer loop
      vertex 46.9206 14.45 16
      vertex 46.8227 14.6863 16
      vertex 46.8685 14.3444 16
    endloop
  endfacet
  facet normal 0 0 1
    outer loop
      vertex 46.7112 14.7241 16
      vertex 46.8685 14.3444 16
      vertex 46.8227 14.6863 16
    endloop
  endfacet
  facet normal 0 0 1
    outer loop
      vertex 46.3315 14.3444 16
      vertex 46.8685 14.3444 16
      vertex 46.7112 14.7241 16
    endloop
  endfacet
  facet normal 0 0 1
    outer loop
      vertex 46.8685 14.3444 16
      vertex 46.3315 14.3444 16
      vertex 46.8307 14.2329 16
    endloop
  endfacet
  facet normal 0 -0 1
    outer loop
      vertex 46.3693 14.2329 16
      vertex 46.8307 14.2329 16
      vertex 46.3315 14.3444 16
    endloop
  endfacet
  facet normal 0 0 1
    outer loop
      vertex 47.0636 13.3636 16
      vertex 47.0556 13.3444 16
      vertex 47.088 13.3422 16
    endloop
  endfacet
  facet normal 0 0 1
    outer loop
      vertex 46.986 13.4521 16
      vertex 47.0556 13.3444 16
      vertex 47.0636 13.3636 16
    endloop
  endfacet
  facet normal 0 0 1
    outer loop
      vertex 46.986 13.4521 16
      vertex 46.9382 13.3367 16
      vertex 47.0556 13.3444 16
    endloop
  endfacet
  facet normal 0 0 1
    outer loop
      vertex 46.9206 13.55 16
      vertex 46.9382 13.3367 16
      vertex 46.986 13.4521 16
    endloop
  endfacet
  facet normal 0 0 1
    outer loop
      vertex 46.8227 13.3137 16
      vertex 46.9206 13.55 16
      vertex 46.8685 13.6556 16
    endloop
  endfacet
  facet normal 0 0 1
    outer loop
      vertex 46.3315 13.6556 16
      vertex 46.8685 13.6556 16
      vertex 46.8307 13.7671 16
    endloop
  endfacet
  facet normal 0 0 1
    outer loop
      vertex 46.9206 13.55 16
      vertex 46.8227 13.3137 16
      vertex 46.9382 13.3367 16
    endloop
  endfacet
  facet normal 0 0 1
    outer loop
      vertex 46.3693 13.7671 16
      vertex 46.8307 13.7671 16
      vertex 46.8077 13.8825 16
    endloop
  endfacet
  facet normal 0 0 1
    outer loop
      vertex 46.3923 13.8825 16
      vertex 46.8077 13.8825 16
      vertex 46.8 14 16
    endloop
  endfacet
  facet normal 0 -0 1
    outer loop
      vertex 46.3923 14.1175 16
      vertex 46.8077 14.1175 16
      vertex 46.3693 14.2329 16
    endloop
  endfacet
  facet normal 0 0 1
    outer loop
      vertex 46.3923 13.8825 16
      vertex 46.8 14 16
      vertex 46.4 14 16
    endloop
  endfacet
  facet normal 0 0 1
    outer loop
      vertex 46.3315 14.3444 16
      vertex 46.7112 14.7241 16
      vertex 46.6056 14.7762 16
    endloop
  endfacet
  facet normal 0 0 1
    outer loop
      vertex 46.8077 13.8825 16
      vertex 46.3923 13.8825 16
      vertex 46.3693 13.7671 16
    endloop
  endfacet
  facet normal 0 0 1
    outer loop
      vertex 46.2794 14.45 16
      vertex 46.6056 14.7762 16
      vertex 46.5078 14.8416 16
    endloop
  endfacet
  facet normal 0 0 1
    outer loop
      vertex 46.8307 13.7671 16
      vertex 46.3693 13.7671 16
      vertex 46.3315 13.6556 16
    endloop
  endfacet
  facet normal 0 0 1
    outer loop
      vertex 46.214 14.5479 16
      vertex 46.5078 14.8416 16
      vertex 46.4192 14.9192 16
    endloop
  endfacet
  facet normal 0 0 1
    outer loop
      vertex 46.8685 13.6556 16
      vertex 46.7112 13.2759 16
      vertex 46.8227 13.3137 16
    endloop
  endfacet
  facet normal 0 0 1
    outer loop
      vertex 46.8685 13.6556 16
      vertex 46.3315 13.6556 16
      vertex 46.7112 13.2759 16
    endloop
  endfacet
  facet normal 0 0 1
    outer loop
      vertex 46.8 14 16
      vertex 46.3923 14.1175 16
      vertex 46.4 14 16
    endloop
  endfacet
  facet normal 0 0 1
    outer loop
      vertex 46.8077 14.1175 16
      vertex 46.3923 14.1175 16
      vertex 46.8 14 16
    endloop
  endfacet
  facet normal 0 0 1
    outer loop
      vertex 46.1364 14.6364 16
      vertex 46.4192 14.9192 16
      vertex 46.3416 15.0077 16
    endloop
  endfacet
  facet normal 0 0 1
    outer loop
      vertex 46.8307 14.2329 16
      vertex 46.3693 14.2329 16
      vertex 46.8077 14.1175 16
    endloop
  endfacet
  facet normal 0 0 1
    outer loop
      vertex 46.6056 14.7762 16
      vertex 46.2794 14.45 16
      vertex 46.3315 14.3444 16
    endloop
  endfacet
  facet normal 0 0 1
    outer loop
      vertex 46.0479 14.714 16
      vertex 46.3416 15.0077 16
      vertex 46.2762 15.1056 16
    endloop
  endfacet
  facet normal 0 0 1
    outer loop
      vertex 45.95 14.7794 16
      vertex 46.2762 15.1056 16
      vertex 46.2241 15.2112 16
    endloop
  endfacet
  facet normal 0 0 1
    outer loop
      vertex 46.5078 14.8416 16
      vertex 46.214 14.5479 16
      vertex 46.2794 14.45 16
    endloop
  endfacet
  facet normal 0 0 1
    outer loop
      vertex 45.8444 15.3685 16
      vertex 46.2241 15.2112 16
      vertex 46.1863 15.3227 16
    endloop
  endfacet
  facet normal -0 0 1
    outer loop
      vertex 45.95 15.4206 16
      vertex 46.1863 15.3227 16
      vertex 46.1633 15.4382 16
    endloop
  endfacet
  facet normal -0 0 1
    outer loop
      vertex 46.0479 15.486 16
      vertex 46.1633 15.4382 16
      vertex 46.1556 15.5556 16
    endloop
  endfacet
  facet normal 0 0 1
    outer loop
      vertex 46.0479 15.486 16
      vertex 46.1556 15.5556 16
      vertex 46.1364 15.5636 16
    endloop
  endfacet
  facet normal 0 0 1
    outer loop
      vertex 46.4192 14.9192 16
      vertex 46.1364 14.6364 16
      vertex 46.214 14.5479 16
    endloop
  endfacet
  facet normal 0 0 1
    outer loop
      vertex 45.95 15.4206 16
      vertex 46.1633 15.4382 16
      vertex 46.0479 15.486 16
    endloop
  endfacet
  facet normal 0 0 1
    outer loop
      vertex 46.3416 15.0077 16
      vertex 46.0479 14.714 16
      vertex 46.1364 14.6364 16
    endloop
  endfacet
  facet normal -0 0 1
    outer loop
      vertex 45.8444 15.3685 16
      vertex 46.1863 15.3227 16
      vertex 45.95 15.4206 16
    endloop
  endfacet
  facet normal 0 0 1
    outer loop
      vertex 46.2762 15.1056 16
      vertex 45.95 14.7794 16
      vertex 46.0479 14.714 16
    endloop
  endfacet
  facet normal 0 0 1
    outer loop
      vertex 46.2241 15.2112 16
      vertex 45.8444 15.3685 16
      vertex 45.8444 14.8315 16
    endloop
  endfacet
  facet normal 0 0 1
    outer loop
      vertex 46.2241 15.2112 16
      vertex 45.8444 14.8315 16
      vertex 45.95 14.7794 16
    endloop
  endfacet
  facet normal -0 0 1
    outer loop
      vertex 45.7329 15.3307 16
      vertex 45.8444 14.8315 16
      vertex 45.8444 15.3685 16
    endloop
  endfacet
  facet normal 0 0 1
    outer loop
      vertex 45.7329 15.3307 16
      vertex 45.7329 14.8693 16
      vertex 45.8444 14.8315 16
    endloop
  endfacet
  facet normal -0 0 1
    outer loop
      vertex 45.6175 15.3077 16
      vertex 45.7329 14.8693 16
      vertex 45.7329 15.3307 16
    endloop
  endfacet
  facet normal 0 0 1
    outer loop
      vertex 45.6175 15.3077 16
      vertex 45.6175 14.8923 16
      vertex 45.7329 14.8693 16
    endloop
  endfacet
  facet normal -0 0 1
    outer loop
      vertex 45.5 15.3 16
      vertex 45.6175 14.8923 16
      vertex 45.6175 15.3077 16
    endloop
  endfacet
  facet normal 0 0 1
    outer loop
      vertex 45.5 15.3 16
      vertex 45.5 14.9 16
      vertex 45.6175 14.8923 16
    endloop
  endfacet
  facet normal 0 0 1
    outer loop
      vertex 45.3825 15.3077 16
      vertex 45.5 14.9 16
      vertex 45.5 15.3 16
    endloop
  endfacet
  facet normal 0 0 1
    outer loop
      vertex 45.3825 15.3077 16
      vertex 45.3825 14.8923 16
      vertex 45.5 14.9 16
    endloop
  endfacet
  facet normal 0 0 1
    outer loop
      vertex 45.2671 15.3307 16
      vertex 45.3825 14.8923 16
      vertex 45.3825 15.3077 16
    endloop
  endfacet
  facet normal 0 0 1
    outer loop
      vertex 45.2671 15.3307 16
      vertex 45.2671 14.8693 16
      vertex 45.3825 14.8923 16
    endloop
  endfacet
  facet normal 0 0 1
    outer loop
      vertex 45.1556 15.3685 16
      vertex 45.2671 14.8693 16
      vertex 45.2671 15.3307 16
    endloop
  endfacet
  facet normal 0 0 1
    outer loop
      vertex 45.1556 15.3685 16
      vertex 45.1556 14.8315 16
      vertex 45.2671 14.8693 16
    endloop
  endfacet
  facet normal 0 0 1
    outer loop
      vertex 44.7759 15.2112 16
      vertex 45.1556 15.3685 16
      vertex 45.05 15.4206 16
    endloop
  endfacet
  facet normal 0 0 1
    outer loop
      vertex 45.1556 15.3685 16
      vertex 44.7759 15.2112 16
      vertex 45.1556 14.8315 16
    endloop
  endfacet
  facet normal 0 0 1
    outer loop
      vertex 44.8137 15.3227 16
      vertex 45.05 15.4206 16
      vertex 44.9521 15.486 16
    endloop
  endfacet
  facet normal 0 0 1
    outer loop
      vertex 44.7759 15.2112 16
      vertex 45.05 15.4206 16
      vertex 44.8137 15.3227 16
    endloop
  endfacet
  facet normal 0 0 1
    outer loop
      vertex 44.8367 15.4382 16
      vertex 44.9521 15.486 16
      vertex 44.8636 15.5636 16
    endloop
  endfacet
  facet normal 0 0 1
    outer loop
      vertex 44.8137 15.3227 16
      vertex 44.9521 15.486 16
      vertex 44.8367 15.4382 16
    endloop
  endfacet
  facet normal 0 0 1
    outer loop
      vertex 44.8367 15.4382 16
      vertex 44.8636 15.5636 16
      vertex 44.8444 15.5556 16
    endloop
  endfacet
  facet normal 0 -0 1
    outer loop
      vertex 44.8444 15.5556 16
      vertex 44.8636 15.5636 16
      vertex 44.8422 15.588 16
    endloop
  endfacet
  facet normal 0 0 1
    outer loop
      vertex 46.7112 13.2759 16
      vertex 46.3315 13.6556 16
      vertex 46.6056 13.2238 16
    endloop
  endfacet
  facet normal -0 0 1
    outer loop
      vertex 46.2794 13.55 16
      vertex 46.6056 13.2238 16
      vertex 46.3315 13.6556 16
    endloop
  endfacet
  facet normal 0 0 1
    outer loop
      vertex 46.6056 13.2238 16
      vertex 46.2794 13.55 16
      vertex 46.5078 13.1584 16
    endloop
  endfacet
  facet normal -0 0 1
    outer loop
      vertex 46.214 13.4521 16
      vertex 46.5078 13.1584 16
      vertex 46.2794 13.55 16
    endloop
  endfacet
  facet normal 0 0 1
    outer loop
      vertex 46.5078 13.1584 16
      vertex 46.214 13.4521 16
      vertex 46.4192 13.0808 16
    endloop
  endfacet
  facet normal -0 0 1
    outer loop
      vertex 46.1364 13.3636 16
      vertex 46.4192 13.0808 16
      vertex 46.214 13.4521 16
    endloop
  endfacet
  facet normal 0 0 1
    outer loop
      vertex 46.4192 13.0808 16
      vertex 46.1364 13.3636 16
      vertex 46.3416 12.9922 16
    endloop
  endfacet
  facet normal -0 0 1
    outer loop
      vertex 46.0479 13.286 16
      vertex 46.3416 12.9922 16
      vertex 46.1364 13.3636 16
    endloop
  endfacet
  facet normal 0 0 1
    outer loop
      vertex 46.3416 12.9922 16
      vertex 46.0479 13.286 16
      vertex 46.2762 12.8944 16
    endloop
  endfacet
  facet normal -0 0 1
    outer loop
      vertex 45.95 13.2206 16
      vertex 46.2762 12.8944 16
      vertex 46.0479 13.286 16
    endloop
  endfacet
  facet normal 0 0 1
    outer loop
      vertex 46.2762 12.8944 16
      vertex 45.95 13.2206 16
      vertex 46.2241 12.7888 16
    endloop
  endfacet
  facet normal -0 0 1
    outer loop
      vertex 45.8444 13.1685 16
      vertex 46.2241 12.7888 16
      vertex 45.95 13.2206 16
    endloop
  endfacet
  facet normal 0 0 1
    outer loop
      vertex 46.1556 12.4444 16
      vertex 46.1364 12.4364 16
      vertex 46.1578 12.412 16
    endloop
  endfacet
  facet normal 0 0 1
    outer loop
      vertex 45.8444 12.6315 16
      vertex 46.2241 12.7888 16
      vertex 45.8444 13.1685 16
    endloop
  endfacet
  facet normal 0 0 1
    outer loop
      vertex 46.1633 12.5618 16
      vertex 46.0479 12.514 16
      vertex 46.1556 12.4444 16
    endloop
  endfacet
  facet normal 0 0 1
    outer loop
      vertex 46.1556 12.4444 16
      vertex 46.0479 12.514 16
      vertex 46.1364 12.4364 16
    endloop
  endfacet
  facet normal 0 0 1
    outer loop
      vertex 46.1863 12.6773 16
      vertex 45.95 12.5794 16
      vertex 46.1633 12.5618 16
    endloop
  endfacet
  facet normal 0 0 1
    outer loop
      vertex 46.1633 12.5618 16
      vertex 45.95 12.5794 16
      vertex 46.0479 12.514 16
    endloop
  endfacet
  facet normal 0 0 1
    outer loop
      vertex 46.2241 12.7888 16
      vertex 45.8444 12.6315 16
      vertex 46.1863 12.6773 16
    endloop
  endfacet
  facet normal 0 0 1
    outer loop
      vertex 46.1863 12.6773 16
      vertex 45.8444 12.6315 16
      vertex 45.95 12.5794 16
    endloop
  endfacet
  facet normal -0 0 1
    outer loop
      vertex 45.7329 13.1307 16
      vertex 45.8444 12.6315 16
      vertex 45.8444 13.1685 16
    endloop
  endfacet
  facet normal 0 0 1
    outer loop
      vertex 45.7329 13.1307 16
      vertex 45.7329 12.6693 16
      vertex 45.8444 12.6315 16
    endloop
  endfacet
  facet normal -0 0 1
    outer loop
      vertex 45.6175 13.1077 16
      vertex 45.7329 12.6693 16
      vertex 45.7329 13.1307 16
    endloop
  endfacet
  facet normal 0 0 1
    outer loop
      vertex 45.6175 13.1077 16
      vertex 45.6175 12.6923 16
      vertex 45.7329 12.6693 16
    endloop
  endfacet
  facet normal -0 0 1
    outer loop
      vertex 45.5 13.1 16
      vertex 45.6175 12.6923 16
      vertex 45.6175 13.1077 16
    endloop
  endfacet
  facet normal 0 0 1
    outer loop
      vertex 45.5 13.1 16
      vertex 45.5 12.7 16
      vertex 45.6175 12.6923 16
    endloop
  endfacet
  facet normal 0 0 1
    outer loop
      vertex 45.3825 13.1077 16
      vertex 45.5 12.7 16
      vertex 45.5 13.1 16
    endloop
  endfacet
  facet normal 0 0 1
    outer loop
      vertex 45.3825 13.1077 16
      vertex 45.3825 12.6923 16
      vertex 45.5 12.7 16
    endloop
  endfacet
  facet normal 0 0 1
    outer loop
      vertex 45.2671 13.1307 16
      vertex 45.3825 12.6923 16
      vertex 45.3825 13.1077 16
    endloop
  endfacet
  facet normal 0 0 1
    outer loop
      vertex 45.2671 13.1307 16
      vertex 45.2671 12.6693 16
      vertex 45.3825 12.6923 16
    endloop
  endfacet
  facet normal 0 0 1
    outer loop
      vertex 45.1556 13.1685 16
      vertex 45.2671 12.6693 16
      vertex 45.2671 13.1307 16
    endloop
  endfacet
  facet normal 0 0 1
    outer loop
      vertex 45.1556 13.1685 16
      vertex 45.1556 12.6315 16
      vertex 45.2671 12.6693 16
    endloop
  endfacet
  facet normal 0 0 1
    outer loop
      vertex 44.7759 12.7888 16
      vertex 45.1556 13.1685 16
      vertex 45.05 13.2206 16
    endloop
  endfacet
  facet normal 0 0 1
    outer loop
      vertex 45.1556 13.1685 16
      vertex 44.7759 12.7888 16
      vertex 45.1556 12.6315 16
    endloop
  endfacet
  facet normal 0 0 1
    outer loop
      vertex 44.7238 12.8944 16
      vertex 45.05 13.2206 16
      vertex 44.9521 13.286 16
    endloop
  endfacet
  facet normal 0 0 1
    outer loop
      vertex 45.1556 12.6315 16
      vertex 44.7759 12.7888 16
      vertex 45.05 12.5794 16
    endloop
  endfacet
  facet normal 0 0 1
    outer loop
      vertex 44.6584 12.9922 16
      vertex 44.9521 13.286 16
      vertex 44.8636 13.3636 16
    endloop
  endfacet
  facet normal -0 -0 1
    outer loop
      vertex 44.8137 12.6773 16
      vertex 45.05 12.5794 16
      vertex 44.7759 12.7888 16
    endloop
  endfacet
  facet normal 0 0 1
    outer loop
      vertex 44.9521 12.514 16
      vertex 44.8367 12.5618 16
      vertex 44.8636 12.4364 16
    endloop
  endfacet
  facet normal 0 0 1
    outer loop
      vertex 44.8636 12.4364 16
      vertex 44.8367 12.5618 16
      vertex 44.8444 12.4444 16
    endloop
  endfacet
  facet normal 0 0 1
    outer loop
      vertex 44.9521 12.514 16
      vertex 44.8137 12.6773 16
      vertex 44.8367 12.5618 16
    endloop
  endfacet
  facet normal 0 0 1
    outer loop
      vertex 44.5808 13.0808 16
      vertex 44.8636 13.3636 16
      vertex 44.786 13.4521 16
    endloop
  endfacet
  facet normal 0 0 1
    outer loop
      vertex 45.05 12.5794 16
      vertex 44.8137 12.6773 16
      vertex 44.9521 12.514 16
    endloop
  endfacet
  facet normal 0 0 1
    outer loop
      vertex 45.05 13.2206 16
      vertex 44.7238 12.8944 16
      vertex 44.7759 12.7888 16
    endloop
  endfacet
  facet normal 0 0 1
    outer loop
      vertex 44.4922 13.1584 16
      vertex 44.786 13.4521 16
      vertex 44.7206 13.55 16
    endloop
  endfacet
  facet normal 0 0 1
    outer loop
      vertex 44.3944 13.2238 16
      vertex 44.7206 13.55 16
      vertex 44.6685 13.6556 16
    endloop
  endfacet
  facet normal 0 0 1
    outer loop
      vertex 44.9521 13.286 16
      vertex 44.6584 12.9922 16
      vertex 44.7238 12.8944 16
    endloop
  endfacet
  facet normal 0 0 1
    outer loop
      vertex 44.1315 13.6556 16
      vertex 44.6685 13.6556 16
      vertex 44.6307 13.7671 16
    endloop
  endfacet
  facet normal 0 0 1
    outer loop
      vertex 44.1693 13.7671 16
      vertex 44.6307 13.7671 16
      vertex 44.6077 13.8825 16
    endloop
  endfacet
  facet normal 0 0 1
    outer loop
      vertex 44.1923 13.8825 16
      vertex 44.6077 13.8825 16
      vertex 44.6 14 16
    endloop
  endfacet
  facet normal 0 0 1
    outer loop
      vertex 44.8636 13.3636 16
      vertex 44.5808 13.0808 16
      vertex 44.6584 12.9922 16
    endloop
  endfacet
  facet normal 0 0 1
    outer loop
      vertex 44.1315 14.3444 16
      vertex 44.6685 14.3444 16
      vertex 44.2888 14.7241 16
    endloop
  endfacet
  facet normal 0 0 1
    outer loop
      vertex 44.6685 14.3444 16
      vertex 44.1315 14.3444 16
      vertex 44.6307 14.2329 16
    endloop
  endfacet
  facet normal 0 0 1
    outer loop
      vertex 44.1923 13.8825 16
      vertex 44.6 14 16
      vertex 44.2 14 16
    endloop
  endfacet
  facet normal 0 -0 1
    outer loop
      vertex 44.1923 14.1175 16
      vertex 44.6077 14.1175 16
      vertex 44.1693 14.2329 16
    endloop
  endfacet
  facet normal 0 0 1
    outer loop
      vertex 44.786 13.4521 16
      vertex 44.4922 13.1584 16
      vertex 44.5808 13.0808 16
    endloop
  endfacet
  facet normal 0 -0 1
    outer loop
      vertex 44.1693 14.2329 16
      vertex 44.6307 14.2329 16
      vertex 44.1315 14.3444 16
    endloop
  endfacet
  facet normal 0 0 1
    outer loop
      vertex 44.6077 13.8825 16
      vertex 44.1923 13.8825 16
      vertex 44.1693 13.7671 16
    endloop
  endfacet
  facet normal 0 0 1
    outer loop
      vertex 44.7206 13.55 16
      vertex 44.3944 13.2238 16
      vertex 44.4922 13.1584 16
    endloop
  endfacet
  facet normal 0 0 1
    outer loop
      vertex 44.6 14 16
      vertex 44.1923 14.1175 16
      vertex 44.2 14 16
    endloop
  endfacet
  facet normal 0 0 1
    outer loop
      vertex 44.1315 14.3444 16
      vertex 44.2888 14.7241 16
      vertex 44.1773 14.6863 16
    endloop
  endfacet
  facet normal 0 0 1
    outer loop
      vertex 44.6077 14.1175 16
      vertex 44.1923 14.1175 16
      vertex 44.6 14 16
    endloop
  endfacet
  facet normal 0 0 1
    outer loop
      vertex 44.6307 14.2329 16
      vertex 44.1693 14.2329 16
      vertex 44.6077 14.1175 16
    endloop
  endfacet
  facet normal 0 0 1
    outer loop
      vertex 44.1773 14.6863 16
      vertex 44.0794 14.45 16
      vertex 44.1315 14.3444 16
    endloop
  endfacet
  facet normal -0 0 1
    outer loop
      vertex 44.0618 14.6633 16
      vertex 44.0794 14.45 16
      vertex 44.1773 14.6863 16
    endloop
  endfacet
  facet normal 0 0 1
    outer loop
      vertex 44.0618 14.6633 16
      vertex 44.014 14.5479 16
      vertex 44.0794 14.45 16
    endloop
  endfacet
  facet normal -0 0 1
    outer loop
      vertex 43.9444 14.6556 16
      vertex 44.014 14.5479 16
      vertex 44.0618 14.6633 16
    endloop
  endfacet
  facet normal 0 0 1
    outer loop
      vertex 43.9444 14.6556 16
      vertex 43.9364 14.6364 16
      vertex 44.014 14.5479 16
    endloop
  endfacet
  facet normal 0 -0 1
    outer loop
      vertex 43.9364 14.6364 16
      vertex 43.9444 14.6556 16
      vertex 43.912 14.6578 16
    endloop
  endfacet
  facet normal 0 0 1
    outer loop
      vertex 44.6307 13.7671 16
      vertex 44.1693 13.7671 16
      vertex 44.1315 13.6556 16
    endloop
  endfacet
  facet normal 0 0 1
    outer loop
      vertex 44.6685 13.6556 16
      vertex 44.2888 13.2759 16
      vertex 44.3944 13.2238 16
    endloop
  endfacet
  facet normal 0 0 1
    outer loop
      vertex 44.6685 13.6556 16
      vertex 44.1315 13.6556 16
      vertex 44.2888 13.2759 16
    endloop
  endfacet
  facet normal 0 0 1
    outer loop
      vertex 44.2888 13.2759 16
      vertex 44.1315 13.6556 16
      vertex 44.1773 13.3137 16
    endloop
  endfacet
  facet normal -0 0 1
    outer loop
      vertex 44.0794 13.55 16
      vertex 44.1773 13.3137 16
      vertex 44.1315 13.6556 16
    endloop
  endfacet
  facet normal 0 0 1
    outer loop
      vertex 44.0794 13.55 16
      vertex 44.0618 13.3367 16
      vertex 44.1773 13.3137 16
    endloop
  endfacet
  facet normal -0 0 1
    outer loop
      vertex 44.014 13.4521 16
      vertex 44.0618 13.3367 16
      vertex 44.0794 13.55 16
    endloop
  endfacet
  facet normal 0 0 1
    outer loop
      vertex 44.014 13.4521 16
      vertex 43.9444 13.3444 16
      vertex 44.0618 13.3367 16
    endloop
  endfacet
  facet normal -0 0 1
    outer loop
      vertex 43.9364 13.3636 16
      vertex 43.9444 13.3444 16
      vertex 44.014 13.4521 16
    endloop
  endfacet
  facet normal 0 0 1
    outer loop
      vertex 43.9444 13.3444 16
      vertex 43.9364 13.3636 16
      vertex 43.912 13.3422 16
    endloop
  endfacet
  facet normal 0 0 1
    outer loop
      vertex 45.1556 14.8315 16
      vertex 44.7759 15.2112 16
      vertex 45.05 14.7794 16
    endloop
  endfacet
  facet normal -0 0 1
    outer loop
      vertex 44.7238 15.1056 16
      vertex 45.05 14.7794 16
      vertex 44.7759 15.2112 16
    endloop
  endfacet
  facet normal 0 0 1
    outer loop
      vertex 45.05 14.7794 16
      vertex 44.7238 15.1056 16
      vertex 44.9521 14.714 16
    endloop
  endfacet
  facet normal -0 0 1
    outer loop
      vertex 44.6584 15.0077 16
      vertex 44.9521 14.714 16
      vertex 44.7238 15.1056 16
    endloop
  endfacet
  facet normal 0 0 1
    outer loop
      vertex 44.9521 14.714 16
      vertex 44.6584 15.0077 16
      vertex 44.8636 14.6364 16
    endloop
  endfacet
  facet normal -0 0 1
    outer loop
      vertex 44.5808 14.9192 16
      vertex 44.8636 14.6364 16
      vertex 44.6584 15.0077 16
    endloop
  endfacet
  facet normal 0 0 1
    outer loop
      vertex 44.8636 14.6364 16
      vertex 44.5808 14.9192 16
      vertex 44.786 14.5479 16
    endloop
  endfacet
  facet normal -0 0 1
    outer loop
      vertex 44.4922 14.8416 16
      vertex 44.786 14.5479 16
      vertex 44.5808 14.9192 16
    endloop
  endfacet
  facet normal 0 0 1
    outer loop
      vertex 44.786 14.5479 16
      vertex 44.4922 14.8416 16
      vertex 44.7206 14.45 16
    endloop
  endfacet
  facet normal -0 0 1
    outer loop
      vertex 44.3944 14.7762 16
      vertex 44.7206 14.45 16
      vertex 44.4922 14.8416 16
    endloop
  endfacet
  facet normal 0 0 1
    outer loop
      vertex 44.7206 14.45 16
      vertex 44.3944 14.7762 16
      vertex 44.6685 14.3444 16
    endloop
  endfacet
  facet normal -0 0 1
    outer loop
      vertex 44.2888 14.7241 16
      vertex 44.6685 14.3444 16
      vertex 44.3944 14.7762 16
    endloop
  endfacet
  facet normal 0 0 1
    outer loop
      vertex 44.8636 12.4364 16
      vertex 44.8444 12.4444 16
      vertex 44.8422 12.412 16
    endloop
  endfacet
  facet normal -0 0 1
    outer loop
      vertex 4.77059 24.1494 16
      vertex 42.4077 14.1175 16
      vertex 4.84207 24.36 16
    endloop
  endfacet
  facet normal 0 0 1
    outer loop
      vertex 42.4 14 16
      vertex 4.88546 3.42189 16
      vertex 4.9 3.2 16
    endloop
  endfacet
  facet normal 0 0 1
    outer loop
      vertex 42.4077 14.1175 16
      vertex 4.77059 24.1494 16
      vertex 42.4 14 16
    endloop
  endfacet
  facet normal 0 0 1
    outer loop
      vertex 42.4 14 16
      vertex 4.84207 3.63999 16
      vertex 4.88546 3.42189 16
    endloop
  endfacet
  facet normal -0 0 1
    outer loop
      vertex 4.67224 23.95 16
      vertex 42.4 14 16
      vertex 4.77059 24.1494 16
    endloop
  endfacet
  facet normal 0 0 1
    outer loop
      vertex 42.4 14 16
      vertex 4.77059 3.85056 16
      vertex 4.84207 3.63999 16
    endloop
  endfacet
  facet normal 0 0 1
    outer loop
      vertex 4.67224 4.05 16
      vertex 42.4 14 16
      vertex 4.67224 23.95 16
    endloop
  endfacet
  facet normal 0 0 1
    outer loop
      vertex 42.4 14 16
      vertex 4.67224 4.05 16
      vertex 4.77059 3.85056 16
    endloop
  endfacet
  facet normal -0 0 1
    outer loop
      vertex 4.5487 23.7651 16
      vertex 4.67224 4.05 16
      vertex 4.67224 23.95 16
    endloop
  endfacet
  facet normal 0 0 1
    outer loop
      vertex 4.5487 23.7651 16
      vertex 4.5487 4.23489 16
      vertex 4.67224 4.05 16
    endloop
  endfacet
  facet normal -0 0 1
    outer loop
      vertex 4.40208 23.5979 16
      vertex 4.5487 4.23489 16
      vertex 4.5487 23.7651 16
    endloop
  endfacet
  facet normal 0 0 1
    outer loop
      vertex 4.40208 23.5979 16
      vertex 4.40208 4.40208 16
      vertex 4.5487 4.23489 16
    endloop
  endfacet
  facet normal -0 0 1
    outer loop
      vertex 4.23489 23.4513 16
      vertex 4.40208 4.40208 16
      vertex 4.40208 23.5979 16
    endloop
  endfacet
  facet normal 0 0 1
    outer loop
      vertex 4.23489 23.4513 16
      vertex 4.23489 4.5487 16
      vertex 4.40208 4.40208 16
    endloop
  endfacet
  facet normal -0 0 1
    outer loop
      vertex 4.05 23.3278 16
      vertex 4.23489 4.5487 16
      vertex 4.23489 23.4513 16
    endloop
  endfacet
  facet normal 0 0 1
    outer loop
      vertex 4.05 23.3278 16
      vertex 4.05 4.67224 16
      vertex 4.23489 4.5487 16
    endloop
  endfacet
  facet normal -0 0 1
    outer loop
      vertex 3.85056 23.2294 16
      vertex 4.05 4.67224 16
      vertex 4.05 23.3278 16
    endloop
  endfacet
  facet normal 0 0 1
    outer loop
      vertex 3.85056 23.2294 16
      vertex 3.85056 4.77059 16
      vertex 4.05 4.67224 16
    endloop
  endfacet
  facet normal -0 0 1
    outer loop
      vertex 3.63999 23.1579 16
      vertex 3.85056 4.77059 16
      vertex 3.85056 23.2294 16
    endloop
  endfacet
  facet normal 0 0 1
    outer loop
      vertex 3.63999 23.1579 16
      vertex 3.63999 4.84207 16
      vertex 3.85056 4.77059 16
    endloop
  endfacet
  facet normal -0 0 1
    outer loop
      vertex 3.42189 23.1145 16
      vertex 3.63999 4.84207 16
      vertex 3.63999 23.1579 16
    endloop
  endfacet
  facet normal 0 0 1
    outer loop
      vertex 3.42189 23.1145 16
      vertex 3.42189 4.88546 16
      vertex 3.63999 4.84207 16
    endloop
  endfacet
  facet normal -0 0 1
    outer loop
      vertex 3.2 23.1 16
      vertex 3.42189 4.88546 16
      vertex 3.42189 23.1145 16
    endloop
  endfacet
  facet normal 0 0 1
    outer loop
      vertex 3.2 23.1 16
      vertex 3.2 4.9 16
      vertex 3.42189 4.88546 16
    endloop
  endfacet
  facet normal 0 0 1
    outer loop
      vertex 2.9781 23.1145 16
      vertex 3.2 4.9 16
      vertex 3.2 23.1 16
    endloop
  endfacet
  facet normal 0 0 1
    outer loop
      vertex 2.9781 23.1145 16
      vertex 2.9781 4.88546 16
      vertex 3.2 4.9 16
    endloop
  endfacet
  facet normal 0 0 1
    outer loop
      vertex 2.76001 23.1579 16
      vertex 2.9781 4.88546 16
      vertex 2.9781 23.1145 16
    endloop
  endfacet
  facet normal 0 0 1
    outer loop
      vertex 2.76001 23.1579 16
      vertex 2.76001 4.84207 16
      vertex 2.9781 4.88546 16
    endloop
  endfacet
  facet normal 0 0 1
    outer loop
      vertex 2.54944 23.2294 16
      vertex 2.76001 4.84207 16
      vertex 2.76001 23.1579 16
    endloop
  endfacet
  facet normal 0 0 1
    outer loop
      vertex 2.54944 23.2294 16
      vertex 2.54944 4.77059 16
      vertex 2.76001 4.84207 16
    endloop
  endfacet
  facet normal 0 0 1
    outer loop
      vertex 2.35 23.3278 16
      vertex 2.54944 4.77059 16
      vertex 2.54944 23.2294 16
    endloop
  endfacet
  facet normal 0 0 1
    outer loop
      vertex 2.35 23.3278 16
      vertex 2.35 4.67224 16
      vertex 2.54944 4.77059 16
    endloop
  endfacet
  facet normal 0 0 1
    outer loop
      vertex 2.2 23.428 16
      vertex 2.35 4.67224 16
      vertex 2.35 23.3278 16
    endloop
  endfacet
  facet normal 0 0 1
    outer loop
      vertex 2.35 4.67224 16
      vertex 2.2 23.428 16
      vertex 2.2 4.57202 16
    endloop
  endfacet
  facet normal -0 0 1
    outer loop
      vertex 43.3 13.1 16
      vertex 43.308 13.0808 16
      vertex 43.3323 13.1021 16
    endloop
  endfacet
  facet normal 0 0 1
    outer loop
      vertex 43.3 13.1 16
      vertex 43.2303 12.9922 16
      vertex 43.308 13.0808 16
    endloop
  endfacet
  facet normal 0 0 1
    outer loop
      vertex 43.1825 13.1077 16
      vertex 43.2303 12.9922 16
      vertex 43.3 13.1 16
    endloop
  endfacet
  facet normal 0 0 1
    outer loop
      vertex 43.1825 13.1077 16
      vertex 43.1649 12.8944 16
      vertex 43.2303 12.9922 16
    endloop
  endfacet
  facet normal 0 0 1
    outer loop
      vertex 43.0671 13.1307 16
      vertex 43.1649 12.8944 16
      vertex 43.1825 13.1077 16
    endloop
  endfacet
  facet normal 0 0 1
    outer loop
      vertex 43.1649 12.8944 16
      vertex 43.0671 13.1307 16
      vertex 43.1129 12.7888 16
    endloop
  endfacet
  facet normal 0 0 1
    outer loop
      vertex 42.9556 13.1685 16
      vertex 43.1129 12.7888 16
      vertex 43.0671 13.1307 16
    endloop
  endfacet
  facet normal 0 0 1
    outer loop
      vertex 43.1129 12.7888 16
      vertex 42.9556 13.1685 16
      vertex 43.075 12.6773 16
    endloop
  endfacet
  facet normal 0 0 1
    outer loop
      vertex 42.85 13.2206 16
      vertex 43.075 12.6773 16
      vertex 42.9556 13.1685 16
    endloop
  endfacet
  facet normal 0 0 1
    outer loop
      vertex 43.075 12.6773 16
      vertex 42.85 13.2206 16
      vertex 43.0521 12.5618 16
    endloop
  endfacet
  facet normal 0 0 1
    outer loop
      vertex 44.6021 11.8323 16
      vertex 44.5808 11.808 16
      vertex 44.6 11.8 16
    endloop
  endfacet
  facet normal 0 0 1
    outer loop
      vertex 46.4192 11.808 16
      vertex 46.3979 11.8323 16
      vertex 46.4 11.8 16
    endloop
  endfacet
  facet normal 0 0 1
    outer loop
      vertex 48.2479 13.286 16
      vertex 47.9479 12.5618 16
      vertex 47.9556 12.4444 16
    endloop
  endfacet
  facet normal 0 0 1
    outer loop
      vertex 47.8871 12.7888 16
      vertex 48.0444 13.1685 16
      vertex 47.9329 13.1307 16
    endloop
  endfacet
  facet normal 0 0 1
    outer loop
      vertex 48.15 13.2206 16
      vertex 47.925 12.6773 16
      vertex 47.9479 12.5618 16
    endloop
  endfacet
  facet normal 0 0 1
    outer loop
      vertex 48.0444 13.1685 16
      vertex 47.8871 12.7888 16
      vertex 47.925 12.6773 16
    endloop
  endfacet
  facet normal 0 0 1
    outer loop
      vertex 47.9329 13.1307 16
      vertex 47.8351 12.8944 16
      vertex 47.8871 12.7888 16
    endloop
  endfacet
  facet normal -0 0 1
    outer loop
      vertex 47.8175 13.1077 16
      vertex 47.8351 12.8944 16
      vertex 47.9329 13.1307 16
    endloop
  endfacet
  facet normal 0 0 1
    outer loop
      vertex 47.8175 13.1077 16
      vertex 47.7697 12.9922 16
      vertex 47.8351 12.8944 16
    endloop
  endfacet
  facet normal -0 0 1
    outer loop
      vertex 47.7 13.1 16
      vertex 47.7697 12.9922 16
      vertex 47.8175 13.1077 16
    endloop
  endfacet
  facet normal 0 0 1
    outer loop
      vertex 47.7 13.1 16
      vertex 47.692 13.0808 16
      vertex 47.7697 12.9922 16
    endloop
  endfacet
  facet normal 0 -0 1
    outer loop
      vertex 47.692 13.0808 16
      vertex 47.7 13.1 16
      vertex 47.6677 13.1021 16
    endloop
  endfacet
  facet normal 0 0 1
    outer loop
      vertex 55.95 4.67224 16
      vertex 47.8351 11.9944 16
      vertex 55.7651 4.5487 16
    endloop
  endfacet
  facet normal 0 0 1
    outer loop
      vertex 45.6175 17.0923 16
      vertex 55.1 24.8 16
      vertex 55.1145 25.0219 16
    endloop
  endfacet
  facet normal 0 0 1
    outer loop
      vertex 45.5 17.1 16
      vertex 55.1145 25.0219 16
      vertex 55.1579 25.24 16
    endloop
  endfacet
  facet normal 0 0 1
    outer loop
      vertex 45.3825 17.0923 16
      vertex 55.1579 25.24 16
      vertex 55.2294 25.4506 16
    endloop
  endfacet
  facet normal 0 0 1
    outer loop
      vertex 45.2671 17.0693 16
      vertex 55.2294 25.4506 16
      vertex 55.3278 25.65 16
    endloop
  endfacet
  facet normal 0 0 1
    outer loop
      vertex 55.1145 24.5781 16
      vertex 48.5923 14.1175 16
      vertex 48.6 14 16
    endloop
  endfacet
  facet normal 0 0 1
    outer loop
      vertex 55.1145 24.5781 16
      vertex 48.5693 14.2329 16
      vertex 48.5923 14.1175 16
    endloop
  endfacet
  facet normal 0 0 1
    outer loop
      vertex 55.1145 24.5781 16
      vertex 48.5315 14.3444 16
      vertex 48.5693 14.2329 16
    endloop
  endfacet
  facet normal 0 0 1
    outer loop
      vertex 55.1145 24.5781 16
      vertex 48.4794 14.45 16
      vertex 48.5315 14.3444 16
    endloop
  endfacet
  facet normal 0 0 1
    outer loop
      vertex 55.1145 24.5781 16
      vertex 47.925 15.7886 16
      vertex 48.4794 14.45 16
    endloop
  endfacet
  facet normal 0 0 1
    outer loop
      vertex 48.4794 14.45 16
      vertex 47.925 15.7886 16
      vertex 48.414 14.5479 16
    endloop
  endfacet
  facet normal -0 -0 1
    outer loop
      vertex 47.9479 15.6731 16
      vertex 48.414 14.5479 16
      vertex 47.925 15.7886 16
    endloop
  endfacet
  facet normal 0 0 1
    outer loop
      vertex 48.414 14.5479 16
      vertex 47.9479 15.6731 16
      vertex 48.3364 14.6364 16
    endloop
  endfacet
  facet normal 0 0 1
    outer loop
      vertex 48.3364 14.6364 16
      vertex 47.9556 15.5556 16
      vertex 48.2479 14.714 16
    endloop
  endfacet
  facet normal 0 0 1
    outer loop
      vertex 45.1556 17.0315 16
      vertex 55.3278 25.65 16
      vertex 55.428 25.8 16
    endloop
  endfacet
  facet normal -0 0 1
    outer loop
      vertex 47.9479 15.4382 16
      vertex 48.2479 14.714 16
      vertex 47.9556 15.5556 16
    endloop
  endfacet
  facet normal 0 0 1
    outer loop
      vertex 48.2479 14.714 16
      vertex 47.9479 15.4382 16
      vertex 48.15 14.7794 16
    endloop
  endfacet
  facet normal -0 -0 1
    outer loop
      vertex 47.9556 15.5556 16
      vertex 48.3364 14.6364 16
      vertex 47.9479 15.6731 16
    endloop
  endfacet
  facet normal 0 0 1
    outer loop
      vertex 55.1145 24.5781 16
      vertex 47.8871 15.9 16
      vertex 47.925 15.7886 16
    endloop
  endfacet
  facet normal 0 0 1
    outer loop
      vertex 55.1145 24.5781 16
      vertex 47.8351 16.0056 16
      vertex 47.8871 15.9 16
    endloop
  endfacet
  facet normal 0 0 1
    outer loop
      vertex 55.1145 24.5781 16
      vertex 47.7697 16.1035 16
      vertex 47.8351 16.0056 16
    endloop
  endfacet
  facet normal 0 0 1
    outer loop
      vertex 55.1145 24.5781 16
      vertex 47.692 16.192 16
      vertex 47.7697 16.1035 16
    endloop
  endfacet
  facet normal 0 0 1
    outer loop
      vertex 55.1145 24.5781 16
      vertex 47.6035 16.2697 16
      vertex 47.692 16.192 16
    endloop
  endfacet
  facet normal 0 0 1
    outer loop
      vertex 55.1145 24.5781 16
      vertex 47.5056 16.3351 16
      vertex 47.6035 16.2697 16
    endloop
  endfacet
  facet normal 0 0 1
    outer loop
      vertex 55.1145 24.5781 16
      vertex 47.4 16.3871 16
      vertex 47.5056 16.3351 16
    endloop
  endfacet
  facet normal 0 0 1
    outer loop
      vertex 55.1145 24.5781 16
      vertex 47.2886 16.425 16
      vertex 47.4 16.3871 16
    endloop
  endfacet
  facet normal 0 0 1
    outer loop
      vertex 55.1145 24.5781 16
      vertex 45.95 16.9794 16
      vertex 47.2886 16.425 16
    endloop
  endfacet
  facet normal 0 0 1
    outer loop
      vertex 47.2886 16.425 16
      vertex 45.95 16.9794 16
      vertex 47.1731 16.4479 16
    endloop
  endfacet
  facet normal -0 -0 1
    outer loop
      vertex 46.0479 16.914 16
      vertex 47.1731 16.4479 16
      vertex 45.95 16.9794 16
    endloop
  endfacet
  facet normal 0 0 1
    outer loop
      vertex 47.1731 16.4479 16
      vertex 46.0479 16.914 16
      vertex 47.0556 16.4556 16
    endloop
  endfacet
  facet normal 0 0 1
    outer loop
      vertex 47.0556 16.4556 16
      vertex 46.1364 16.8364 16
      vertex 46.9382 16.4479 16
    endloop
  endfacet
  facet normal 0 0 1
    outer loop
      vertex 46.9382 16.4479 16
      vertex 46.214 16.7479 16
      vertex 46.8227 16.425 16
    endloop
  endfacet
  facet normal 0 0 1
    outer loop
      vertex 46.8227 16.425 16
      vertex 46.2794 16.65 16
      vertex 46.7112 16.3871 16
    endloop
  endfacet
  facet normal 0 0 1
    outer loop
      vertex 46.7112 16.3871 16
      vertex 46.3315 16.5444 16
      vertex 46.6056 16.3351 16
    endloop
  endfacet
  facet normal 0 0 1
    outer loop
      vertex 46.5078 16.2697 16
      vertex 46.3923 16.3175 16
      vertex 46.4192 16.192 16
    endloop
  endfacet
  facet normal 0 0 1
    outer loop
      vertex 46.4192 16.192 16
      vertex 46.3923 16.3175 16
      vertex 46.4 16.2 16
    endloop
  endfacet
  facet normal 0 0 1
    outer loop
      vertex 46.5078 16.2697 16
      vertex 46.3693 16.4329 16
      vertex 46.3923 16.3175 16
    endloop
  endfacet
  facet normal 0 0 1
    outer loop
      vertex 46.6056 16.3351 16
      vertex 46.3693 16.4329 16
      vertex 46.5078 16.2697 16
    endloop
  endfacet
  facet normal -0 -0 1
    outer loop
      vertex 46.3693 16.4329 16
      vertex 46.6056 16.3351 16
      vertex 46.3315 16.5444 16
    endloop
  endfacet
  facet normal -0 -0 1
    outer loop
      vertex 46.3315 16.5444 16
      vertex 46.7112 16.3871 16
      vertex 46.2794 16.65 16
    endloop
  endfacet
  facet normal -0 -0 1
    outer loop
      vertex 46.2794 16.65 16
      vertex 46.8227 16.425 16
      vertex 46.214 16.7479 16
    endloop
  endfacet
  facet normal -0 -0 1
    outer loop
      vertex 46.214 16.7479 16
      vertex 46.9382 16.4479 16
      vertex 46.1364 16.8364 16
    endloop
  endfacet
  facet normal -0 -0 1
    outer loop
      vertex 46.1364 16.8364 16
      vertex 47.0556 16.4556 16
      vertex 46.0479 16.914 16
    endloop
  endfacet
  facet normal 0 0 1
    outer loop
      vertex 55.1145 24.5781 16
      vertex 45.8444 17.0315 16
      vertex 45.95 16.9794 16
    endloop
  endfacet
  facet normal 0 0 1
    outer loop
      vertex 55.1145 24.5781 16
      vertex 45.7329 17.0693 16
      vertex 45.8444 17.0315 16
    endloop
  endfacet
  facet normal 0 0 1
    outer loop
      vertex 55.1 24.8 16
      vertex 45.6175 17.0923 16
      vertex 45.7329 17.0693 16
    endloop
  endfacet
  facet normal 0 0 1
    outer loop
      vertex 55.1145 25.0219 16
      vertex 45.5 17.1 16
      vertex 45.6175 17.0923 16
    endloop
  endfacet
  facet normal 0 0 1
    outer loop
      vertex 55.1579 25.24 16
      vertex 45.3825 17.0923 16
      vertex 45.5 17.1 16
    endloop
  endfacet
  facet normal 0 0 1
    outer loop
      vertex 55.2294 25.4506 16
      vertex 45.2671 17.0693 16
      vertex 45.3825 17.0923 16
    endloop
  endfacet
  facet normal 0 0 1
    outer loop
      vertex 55.3278 25.65 16
      vertex 45.1556 17.0315 16
      vertex 45.2671 17.0693 16
    endloop
  endfacet
  facet normal 0 0 1
    outer loop
      vertex 43.5999 16.3871 16
      vertex 45.1556 17.0315 16
      vertex 55.428 25.8 16
    endloop
  endfacet
  facet normal 0 0 1
    outer loop
      vertex 45.1556 17.0315 16
      vertex 43.5999 16.3871 16
      vertex 45.05 16.9794 16
    endloop
  endfacet
  facet normal 0 0 1
    outer loop
      vertex 44.6077 16.3175 16
      vertex 44.5808 16.192 16
      vertex 44.6 16.2 16
    endloop
  endfacet
  facet normal 0 0 1
    outer loop
      vertex 44.4922 16.2697 16
      vertex 44.6077 16.3175 16
      vertex 44.6307 16.4329 16
    endloop
  endfacet
  facet normal 0 0 1
    outer loop
      vertex 44.6077 16.3175 16
      vertex 44.4922 16.2697 16
      vertex 44.5808 16.192 16
    endloop
  endfacet
  facet normal 0 0 1
    outer loop
      vertex 44.3944 16.3351 16
      vertex 44.6307 16.4329 16
      vertex 44.6685 16.5444 16
    endloop
  endfacet
  facet normal 0 0 1
    outer loop
      vertex 44.2888 16.3871 16
      vertex 44.6685 16.5444 16
      vertex 44.7206 16.65 16
    endloop
  endfacet
  facet normal 0 0 1
    outer loop
      vertex 44.6307 16.4329 16
      vertex 44.3944 16.3351 16
      vertex 44.4922 16.2697 16
    endloop
  endfacet
  facet normal 0 0 1
    outer loop
      vertex 44.1773 16.425 16
      vertex 44.7206 16.65 16
      vertex 44.786 16.7479 16
    endloop
  endfacet
  facet normal 0 0 1
    outer loop
      vertex 44.0618 16.4479 16
      vertex 44.786 16.7479 16
      vertex 44.8636 16.8364 16
    endloop
  endfacet
  facet normal 0 0 1
    outer loop
      vertex 44.6685 16.5444 16
      vertex 44.2888 16.3871 16
      vertex 44.3944 16.3351 16
    endloop
  endfacet
  facet normal 0 0 1
    outer loop
      vertex 43.9444 16.4556 16
      vertex 44.8636 16.8364 16
      vertex 44.9521 16.914 16
    endloop
  endfacet
  facet normal 0 -0 1
    outer loop
      vertex 43.7114 16.425 16
      vertex 45.05 16.9794 16
      vertex 43.5999 16.3871 16
    endloop
  endfacet
  facet normal 0 0 1
    outer loop
      vertex 44.7206 16.65 16
      vertex 44.1773 16.425 16
      vertex 44.2888 16.3871 16
    endloop
  endfacet
  facet normal 0 0 1
    outer loop
      vertex 44.786 16.7479 16
      vertex 44.0618 16.4479 16
      vertex 44.1773 16.425 16
    endloop
  endfacet
  facet normal 0 0 1
    outer loop
      vertex 44.8636 16.8364 16
      vertex 43.9444 16.4556 16
      vertex 44.0618 16.4479 16
    endloop
  endfacet
  facet normal 0 0 1
    outer loop
      vertex 44.9521 16.914 16
      vertex 43.8269 16.4479 16
      vertex 43.9444 16.4556 16
    endloop
  endfacet
  facet normal 0 0 1
    outer loop
      vertex 44.9521 16.914 16
      vertex 43.7114 16.425 16
      vertex 43.8269 16.4479 16
    endloop
  endfacet
  facet normal 0 0 1
    outer loop
      vertex 45.05 16.9794 16
      vertex 43.7114 16.425 16
      vertex 44.9521 16.914 16
    endloop
  endfacet
  facet normal -0 0 1
    outer loop
      vertex 4.57202 25.8 16
      vertex 43.5999 16.3871 16
      vertex 55.428 25.8 16
    endloop
  endfacet
  facet normal 0 0 1
    outer loop
      vertex 43.5999 16.3871 16
      vertex 4.57202 25.8 16
      vertex 43.4944 16.3351 16
    endloop
  endfacet
  facet normal 0 0 1
    outer loop
      vertex 42.6636 14.6364 16
      vertex 43.0444 15.5556 16
      vertex 43.0521 15.6731 16
    endloop
  endfacet
  facet normal 0 0 1
    outer loop
      vertex 43.0444 15.5556 16
      vertex 42.85 14.7794 16
      vertex 42.9556 14.8315 16
    endloop
  endfacet
  facet normal 0 0 1
    outer loop
      vertex 42.586 14.5479 16
      vertex 43.0521 15.6731 16
      vertex 43.075 15.7886 16
    endloop
  endfacet
  facet normal 0 0 1
    outer loop
      vertex 43.0444 15.5556 16
      vertex 42.7521 14.714 16
      vertex 42.85 14.7794 16
    endloop
  endfacet
  facet normal 0 0 1
    outer loop
      vertex 43.0444 15.5556 16
      vertex 42.6636 14.6364 16
      vertex 42.7521 14.714 16
    endloop
  endfacet
  facet normal 0 0 1
    outer loop
      vertex 42.5206 14.45 16
      vertex 43.075 15.7886 16
      vertex 43.1129 15.9 16
    endloop
  endfacet
  facet normal 0 0 1
    outer loop
      vertex 43.0521 15.6731 16
      vertex 42.586 14.5479 16
      vertex 42.6636 14.6364 16
    endloop
  endfacet
  facet normal 0 0 1
    outer loop
      vertex 43.075 15.7886 16
      vertex 42.5206 14.45 16
      vertex 42.586 14.5479 16
    endloop
  endfacet
  facet normal 0 0 1
    outer loop
      vertex 43.1129 15.9 16
      vertex 42.4685 14.3444 16
      vertex 42.5206 14.45 16
    endloop
  endfacet
  facet normal -0 0 1
    outer loop
      vertex 4.84207 24.36 16
      vertex 42.4307 14.2329 16
      vertex 4.88546 24.5781 16
    endloop
  endfacet
  facet normal 0 0 1
    outer loop
      vertex 42.4685 14.3444 16
      vertex 4.88546 24.5781 16
      vertex 42.4307 14.2329 16
    endloop
  endfacet
  facet normal 0 0 1
    outer loop
      vertex 43.1129 15.9 16
      vertex 4.88546 24.5781 16
      vertex 42.4685 14.3444 16
    endloop
  endfacet
  facet normal -0 0 1
    outer loop
      vertex 4.88546 24.5781 16
      vertex 43.1129 15.9 16
      vertex 4.9 24.8 16
    endloop
  endfacet
  facet normal 0 0 1
    outer loop
      vertex 43.1649 16.0056 16
      vertex 4.9 24.8 16
      vertex 43.1129 15.9 16
    endloop
  endfacet
  facet normal 0 0 1
    outer loop
      vertex 4.88546 25.0219 16
      vertex 43.1649 16.0056 16
      vertex 43.2303 16.1035 16
    endloop
  endfacet
  facet normal 0 0 1
    outer loop
      vertex 4.84207 25.24 16
      vertex 43.2303 16.1035 16
      vertex 43.308 16.192 16
    endloop
  endfacet
  facet normal 0 0 1
    outer loop
      vertex 4.77059 25.4506 16
      vertex 43.308 16.192 16
      vertex 43.3965 16.2697 16
    endloop
  endfacet
  facet normal -0 -0 1
    outer loop
      vertex 4.67224 25.65 16
      vertex 43.4944 16.3351 16
      vertex 4.57202 25.8 16
    endloop
  endfacet
  facet normal 0 0 1
    outer loop
      vertex 43.1649 16.0056 16
      vertex 4.88546 25.0219 16
      vertex 4.9 24.8 16
    endloop
  endfacet
  facet normal 0 0 1
    outer loop
      vertex 43.2303 16.1035 16
      vertex 4.84207 25.24 16
      vertex 4.88546 25.0219 16
    endloop
  endfacet
  facet normal 0 0 1
    outer loop
      vertex 43.308 16.192 16
      vertex 4.77059 25.4506 16
      vertex 4.84207 25.24 16
    endloop
  endfacet
  facet normal 0 0 1
    outer loop
      vertex 43.3965 16.2697 16
      vertex 4.67224 25.65 16
      vertex 4.77059 25.4506 16
    endloop
  endfacet
  facet normal 0 0 1
    outer loop
      vertex 43.4944 16.3351 16
      vertex 4.67224 25.65 16
      vertex 43.3965 16.2697 16
    endloop
  endfacet
  facet normal -0 0 1
    outer loop
      vertex 57.65 23.3278 16
      vertex 57.8 4.57202 16
      vertex 57.8 23.428 16
    endloop
  endfacet
  facet normal 0 0 1
    outer loop
      vertex 57.65 23.3278 16
      vertex 57.65 4.67224 16
      vertex 57.8 4.57202 16
    endloop
  endfacet
  facet normal -0 0 1
    outer loop
      vertex 57.4506 23.2294 16
      vertex 57.65 4.67224 16
      vertex 57.65 23.3278 16
    endloop
  endfacet
  facet normal 0 0 1
    outer loop
      vertex 57.4506 23.2294 16
      vertex 57.4506 4.77059 16
      vertex 57.65 4.67224 16
    endloop
  endfacet
  facet normal -0 0 1
    outer loop
      vertex 57.24 23.1579 16
      vertex 57.4506 4.77059 16
      vertex 57.4506 23.2294 16
    endloop
  endfacet
  facet normal 0 0 1
    outer loop
      vertex 57.24 23.1579 16
      vertex 57.24 4.84207 16
      vertex 57.4506 4.77059 16
    endloop
  endfacet
  facet normal -0 0 1
    outer loop
      vertex 57.0219 23.1145 16
      vertex 57.24 4.84207 16
      vertex 57.24 23.1579 16
    endloop
  endfacet
  facet normal 0 0 1
    outer loop
      vertex 57.0219 23.1145 16
      vertex 57.0219 4.88546 16
      vertex 57.24 4.84207 16
    endloop
  endfacet
  facet normal 0 0 1
    outer loop
      vertex 48.6 14 16
      vertex 57.0219 23.1145 16
      vertex 56.8 23.1 16
    endloop
  endfacet
  facet normal 0 0 1
    outer loop
      vertex 57.0219 23.1145 16
      vertex 48.6 14 16
      vertex 57.0219 4.88546 16
    endloop
  endfacet
  facet normal 0 0 1
    outer loop
      vertex 48.6 14 16
      vertex 56.8 23.1 16
      vertex 56.5781 23.1145 16
    endloop
  endfacet
  facet normal 0 0 1
    outer loop
      vertex 57.0219 4.88546 16
      vertex 48.6 14 16
      vertex 56.8 4.9 16
    endloop
  endfacet
  facet normal 0 0 1
    outer loop
      vertex 48.6 14 16
      vertex 56.5781 23.1145 16
      vertex 56.36 23.1579 16
    endloop
  endfacet
  facet normal -0 0 1
    outer loop
      vertex 48.5923 13.8825 16
      vertex 56.8 4.9 16
      vertex 48.6 14 16
    endloop
  endfacet
  facet normal 0 0 1
    outer loop
      vertex 48.6 14 16
      vertex 56.36 23.1579 16
      vertex 56.1494 23.2294 16
    endloop
  endfacet
  facet normal 0 0 1
    outer loop
      vertex 56.8 4.9 16
      vertex 48.5923 13.8825 16
      vertex 56.5781 4.88546 16
    endloop
  endfacet
  facet normal 0 0 1
    outer loop
      vertex 48.6 14 16
      vertex 56.1494 23.2294 16
      vertex 55.95 23.3278 16
    endloop
  endfacet
  facet normal -0 0 1
    outer loop
      vertex 48.5693 13.7671 16
      vertex 56.5781 4.88546 16
      vertex 48.5923 13.8825 16
    endloop
  endfacet
  facet normal 0 0 1
    outer loop
      vertex 48.6 14 16
      vertex 55.95 23.3278 16
      vertex 55.7651 23.4513 16
    endloop
  endfacet
  facet normal 0 0 1
    outer loop
      vertex 56.5781 4.88546 16
      vertex 48.5693 13.7671 16
      vertex 56.36 4.84207 16
    endloop
  endfacet
  facet normal 0 0 1
    outer loop
      vertex 48.6 14 16
      vertex 55.7651 23.4513 16
      vertex 55.5979 23.5979 16
    endloop
  endfacet
  facet normal -0 0 1
    outer loop
      vertex 48.5315 13.6556 16
      vertex 56.36 4.84207 16
      vertex 48.5693 13.7671 16
    endloop
  endfacet
  facet normal 0 0 1
    outer loop
      vertex 48.6 14 16
      vertex 55.5979 23.5979 16
      vertex 55.4513 23.7651 16
    endloop
  endfacet
  facet normal 0 0 1
    outer loop
      vertex 56.36 4.84207 16
      vertex 48.5315 13.6556 16
      vertex 56.1494 4.77059 16
    endloop
  endfacet
  facet normal 0 0 1
    outer loop
      vertex 48.6 14 16
      vertex 55.4513 23.7651 16
      vertex 55.3278 23.95 16
    endloop
  endfacet
  facet normal -0 0 1
    outer loop
      vertex 48.4794 13.55 16
      vertex 56.1494 4.77059 16
      vertex 48.5315 13.6556 16
    endloop
  endfacet
  facet normal 0 0 1
    outer loop
      vertex 48.6 14 16
      vertex 55.3278 23.95 16
      vertex 55.2294 24.1494 16
    endloop
  endfacet
  facet normal -0 0 1
    outer loop
      vertex 47.925 12.2114 16
      vertex 56.1494 4.77059 16
      vertex 48.4794 13.55 16
    endloop
  endfacet
  facet normal 0 0 1
    outer loop
      vertex 48.6 14 16
      vertex 55.2294 24.1494 16
      vertex 55.1579 24.36 16
    endloop
  endfacet
  facet normal -0 0 1
    outer loop
      vertex 47.8871 12.0999 16
      vertex 56.1494 4.77059 16
      vertex 47.925 12.2114 16
    endloop
  endfacet
  facet normal 0 0 1
    outer loop
      vertex 48.6 14 16
      vertex 55.1579 24.36 16
      vertex 55.1145 24.5781 16
    endloop
  endfacet
  facet normal 0 0 1
    outer loop
      vertex 56.1494 4.77059 16
      vertex 47.8871 12.0999 16
      vertex 55.95 4.67224 16
    endloop
  endfacet
  facet normal 0 0 1
    outer loop
      vertex 45.7329 17.0693 16
      vertex 55.1145 24.5781 16
      vertex 55.1 24.8 16
    endloop
  endfacet
  facet normal -0 0 1
    outer loop
      vertex 47.8351 11.9944 16
      vertex 55.95 4.67224 16
      vertex 47.8871 12.0999 16
    endloop
  endfacet
  facet normal -0 0 1
    outer loop
      vertex 47.7697 11.8965 16
      vertex 55.7651 4.5487 16
      vertex 47.8351 11.9944 16
    endloop
  endfacet
  facet normal 0 0 1
    outer loop
      vertex 55.7651 4.5487 16
      vertex 47.7697 11.8965 16
      vertex 55.5979 4.40208 16
    endloop
  endfacet
  facet normal -0 0 1
    outer loop
      vertex 47.692 11.808 16
      vertex 55.5979 4.40208 16
      vertex 47.7697 11.8965 16
    endloop
  endfacet
  facet normal 0 0 1
    outer loop
      vertex 55.5979 4.40208 16
      vertex 47.692 11.808 16
      vertex 55.4513 4.23489 16
    endloop
  endfacet
  facet normal -0 0 1
    outer loop
      vertex 47.6035 11.7303 16
      vertex 55.4513 4.23489 16
      vertex 47.692 11.808 16
    endloop
  endfacet
  facet normal 0 0 1
    outer loop
      vertex 55.4513 4.23489 16
      vertex 47.6035 11.7303 16
      vertex 55.3278 4.05 16
    endloop
  endfacet
  facet normal -0 0 1
    outer loop
      vertex 47.5056 11.6649 16
      vertex 55.3278 4.05 16
      vertex 47.6035 11.7303 16
    endloop
  endfacet
  facet normal 0 0 1
    outer loop
      vertex 55.3278 4.05 16
      vertex 47.5056 11.6649 16
      vertex 55.2294 3.85056 16
    endloop
  endfacet
  facet normal 0 0 1
    outer loop
      vertex 47.925 12.2114 16
      vertex 48.4794 13.55 16
      vertex 48.414 13.4521 16
    endloop
  endfacet
  facet normal 0 0 1
    outer loop
      vertex 47.9479 12.3269 16
      vertex 48.414 13.4521 16
      vertex 48.3364 13.3636 16
    endloop
  endfacet
  facet normal 0 0 1
    outer loop
      vertex 47.9556 12.4444 16
      vertex 48.3364 13.3636 16
      vertex 48.2479 13.286 16
    endloop
  endfacet
  facet normal 0 0 1
    outer loop
      vertex 47.9479 12.5618 16
      vertex 48.2479 13.286 16
      vertex 48.15 13.2206 16
    endloop
  endfacet
  facet normal 0 0 1
    outer loop
      vertex 47.925 12.6773 16
      vertex 48.15 13.2206 16
      vertex 48.0444 13.1685 16
    endloop
  endfacet
  facet normal 0 0 1
    outer loop
      vertex 48.414 13.4521 16
      vertex 47.9479 12.3269 16
      vertex 47.925 12.2114 16
    endloop
  endfacet
  facet normal 0 0 1
    outer loop
      vertex 48.3364 13.3636 16
      vertex 47.9556 12.4444 16
      vertex 47.9479 12.3269 16
    endloop
  endfacet
  facet normal -0 0 1
    outer loop
      vertex 47.4 11.6129 16
      vertex 55.2294 3.85056 16
      vertex 47.5056 11.6649 16
    endloop
  endfacet
  facet normal 0 0 1
    outer loop
      vertex 55.2294 3.85056 16
      vertex 47.4 11.6129 16
      vertex 55.1579 3.63999 16
    endloop
  endfacet
  facet normal -0 0 1
    outer loop
      vertex 47.2886 11.575 16
      vertex 55.1579 3.63999 16
      vertex 47.4 11.6129 16
    endloop
  endfacet
  facet normal -0 0 1
    outer loop
      vertex 45.95 11.0206 16
      vertex 55.1579 3.63999 16
      vertex 47.2886 11.575 16
    endloop
  endfacet
  facet normal -0 0 1
    outer loop
      vertex 45.8444 10.9685 16
      vertex 55.1579 3.63999 16
      vertex 45.95 11.0206 16
    endloop
  endfacet
  facet normal 0 0 1
    outer loop
      vertex 55.1579 3.63999 16
      vertex 45.8444 10.9685 16
      vertex 55.1145 3.42189 16
    endloop
  endfacet
  facet normal -0 0 1
    outer loop
      vertex 45.7329 10.9307 16
      vertex 55.1145 3.42189 16
      vertex 45.8444 10.9685 16
    endloop
  endfacet
  facet normal 0 0 1
    outer loop
      vertex 55.1145 3.42189 16
      vertex 45.7329 10.9307 16
      vertex 55.1 3.2 16
    endloop
  endfacet
  facet normal -0 0 1
    outer loop
      vertex 45.6175 10.9077 16
      vertex 55.1 3.2 16
      vertex 45.7329 10.9307 16
    endloop
  endfacet
  facet normal 0 0 1
    outer loop
      vertex 55.1 3.2 16
      vertex 45.6175 10.9077 16
      vertex 55.1145 2.9781 16
    endloop
  endfacet
  facet normal 0 0 1
    outer loop
      vertex 45.95 11.0206 16
      vertex 47.2886 11.575 16
      vertex 47.1731 11.5521 16
    endloop
  endfacet
  facet normal 0 0 1
    outer loop
      vertex 46.0479 11.086 16
      vertex 47.1731 11.5521 16
      vertex 47.0556 11.5444 16
    endloop
  endfacet
  facet normal 0 0 1
    outer loop
      vertex 46.1364 11.1636 16
      vertex 47.0556 11.5444 16
      vertex 46.9382 11.5521 16
    endloop
  endfacet
  facet normal 0 0 1
    outer loop
      vertex 46.214 11.2521 16
      vertex 46.9382 11.5521 16
      vertex 46.8227 11.575 16
    endloop
  endfacet
  facet normal 0 0 1
    outer loop
      vertex 46.2794 11.35 16
      vertex 46.8227 11.575 16
      vertex 46.7112 11.6129 16
    endloop
  endfacet
  facet normal 0 0 1
    outer loop
      vertex 46.3315 11.4556 16
      vertex 46.7112 11.6129 16
      vertex 46.6056 11.6649 16
    endloop
  endfacet
  facet normal 0 0 1
    outer loop
      vertex 46.3693 11.5671 16
      vertex 46.6056 11.6649 16
      vertex 46.5078 11.7303 16
    endloop
  endfacet
  facet normal 0 0 1
    outer loop
      vertex 46.3923 11.6825 16
      vertex 46.5078 11.7303 16
      vertex 46.4192 11.808 16
    endloop
  endfacet
  facet normal 0 0 1
    outer loop
      vertex 46.3923 11.6825 16
      vertex 46.4192 11.808 16
      vertex 46.4 11.8 16
    endloop
  endfacet
  facet normal 0 0 1
    outer loop
      vertex 46.3693 11.5671 16
      vertex 46.5078 11.7303 16
      vertex 46.3923 11.6825 16
    endloop
  endfacet
  facet normal 0 0 1
    outer loop
      vertex 46.6056 11.6649 16
      vertex 46.3693 11.5671 16
      vertex 46.3315 11.4556 16
    endloop
  endfacet
  facet normal 0 0 1
    outer loop
      vertex 46.7112 11.6129 16
      vertex 46.3315 11.4556 16
      vertex 46.2794 11.35 16
    endloop
  endfacet
  facet normal 0 0 1
    outer loop
      vertex 46.8227 11.575 16
      vertex 46.2794 11.35 16
      vertex 46.214 11.2521 16
    endloop
  endfacet
  facet normal 0 0 1
    outer loop
      vertex 46.9382 11.5521 16
      vertex 46.214 11.2521 16
      vertex 46.1364 11.1636 16
    endloop
  endfacet
  facet normal 0 0 1
    outer loop
      vertex 47.0556 11.5444 16
      vertex 46.1364 11.1636 16
      vertex 46.0479 11.086 16
    endloop
  endfacet
  facet normal 0 0 1
    outer loop
      vertex 47.1731 11.5521 16
      vertex 46.0479 11.086 16
      vertex 45.95 11.0206 16
    endloop
  endfacet
  facet normal -0 0 1
    outer loop
      vertex 45.5 10.9 16
      vertex 55.1145 2.9781 16
      vertex 45.6175 10.9077 16
    endloop
  endfacet
  facet normal 0 0 1
    outer loop
      vertex 55.1145 2.9781 16
      vertex 45.5 10.9 16
      vertex 55.1579 2.76001 16
    endloop
  endfacet
  facet normal 0 0 1
    outer loop
      vertex 45.3825 10.9077 16
      vertex 55.1579 2.76001 16
      vertex 45.5 10.9 16
    endloop
  endfacet
  facet normal 0 0 1
    outer loop
      vertex 55.1579 2.76001 16
      vertex 45.3825 10.9077 16
      vertex 55.2294 2.54944 16
    endloop
  endfacet
  facet normal 0 0 1
    outer loop
      vertex 45.2671 10.9307 16
      vertex 55.2294 2.54944 16
      vertex 45.3825 10.9077 16
    endloop
  endfacet
  facet normal 0 0 1
    outer loop
      vertex 55.2294 2.54944 16
      vertex 45.2671 10.9307 16
      vertex 55.3278 2.35 16
    endloop
  endfacet
  facet normal 0 0 1
    outer loop
      vertex 45.1556 10.9685 16
      vertex 55.3278 2.35 16
      vertex 45.2671 10.9307 16
    endloop
  endfacet
  facet normal 0 0 1
    outer loop
      vertex 55.3278 2.35 16
      vertex 45.1556 10.9685 16
      vertex 55.428 2.2 16
    endloop
  endfacet
  facet normal 0 0 1
    outer loop
      vertex 43.5999 11.6129 16
      vertex 45.1556 10.9685 16
      vertex 45.05 11.0206 16
    endloop
  endfacet
  facet normal 0 0 1
    outer loop
      vertex 43.7114 11.575 16
      vertex 45.05 11.0206 16
      vertex 44.9521 11.086 16
    endloop
  endfacet
  facet normal 0 0 1
    outer loop
      vertex 44.5808 11.808 16
      vertex 44.6077 11.6825 16
      vertex 44.6 11.8 16
    endloop
  endfacet
  facet normal -0 0 1
    outer loop
      vertex 44.4922 11.7303 16
      vertex 44.6077 11.6825 16
      vertex 44.5808 11.808 16
    endloop
  endfacet
  facet normal 0 0 1
    outer loop
      vertex 44.6077 11.6825 16
      vertex 44.4922 11.7303 16
      vertex 44.6307 11.5671 16
    endloop
  endfacet
  facet normal -0 0 1
    outer loop
      vertex 44.3944 11.6649 16
      vertex 44.6307 11.5671 16
      vertex 44.4922 11.7303 16
    endloop
  endfacet
  facet normal 0 0 1
    outer loop
      vertex 44.6307 11.5671 16
      vertex 44.3944 11.6649 16
      vertex 44.6685 11.4556 16
    endloop
  endfacet
  facet normal -0 0 1
    outer loop
      vertex 44.2888 11.6129 16
      vertex 44.6685 11.4556 16
      vertex 44.3944 11.6649 16
    endloop
  endfacet
  facet normal 0 0 1
    outer loop
      vertex 44.6685 11.4556 16
      vertex 44.2888 11.6129 16
      vertex 44.7206 11.35 16
    endloop
  endfacet
  facet normal -0 0 1
    outer loop
      vertex 44.1773 11.575 16
      vertex 44.7206 11.35 16
      vertex 44.2888 11.6129 16
    endloop
  endfacet
  facet normal 0 0 1
    outer loop
      vertex 44.7206 11.35 16
      vertex 44.1773 11.575 16
      vertex 44.786 11.2521 16
    endloop
  endfacet
  facet normal -0 0 1
    outer loop
      vertex 44.0618 11.5521 16
      vertex 44.786 11.2521 16
      vertex 44.1773 11.575 16
    endloop
  endfacet
  facet normal 0 0 1
    outer loop
      vertex 44.786 11.2521 16
      vertex 44.0618 11.5521 16
      vertex 44.8636 11.1636 16
    endloop
  endfacet
  facet normal -0 0 1
    outer loop
      vertex 43.9444 11.5444 16
      vertex 44.8636 11.1636 16
      vertex 44.0618 11.5521 16
    endloop
  endfacet
  facet normal 0 0 1
    outer loop
      vertex 44.8636 11.1636 16
      vertex 43.9444 11.5444 16
      vertex 44.9521 11.086 16
    endloop
  endfacet
  facet normal 0 0 1
    outer loop
      vertex 43.8269 11.5521 16
      vertex 44.9521 11.086 16
      vertex 43.9444 11.5444 16
    endloop
  endfacet
  facet normal 0 0 1
    outer loop
      vertex 43.7114 11.575 16
      vertex 44.9521 11.086 16
      vertex 43.8269 11.5521 16
    endloop
  endfacet
  facet normal 0 0 1
    outer loop
      vertex 45.05 11.0206 16
      vertex 43.7114 11.575 16
      vertex 43.5999 11.6129 16
    endloop
  endfacet
  facet normal 0 0 1
    outer loop
      vertex 45.1556 10.9685 16
      vertex 43.5999 11.6129 16
      vertex 55.428 2.2 16
    endloop
  endfacet
  facet normal 0 0 1
    outer loop
      vertex 4.57202 2.2 16
      vertex 43.5999 11.6129 16
      vertex 43.4944 11.6649 16
    endloop
  endfacet
  facet normal 0 0 1
    outer loop
      vertex 4.67224 2.35 16
      vertex 43.4944 11.6649 16
      vertex 43.3965 11.7303 16
    endloop
  endfacet
  facet normal 0 0 1
    outer loop
      vertex 42.7521 13.286 16
      vertex 43.0521 12.5618 16
      vertex 42.85 13.2206 16
    endloop
  endfacet
  facet normal 0 0 1
    outer loop
      vertex 43.0521 12.5618 16
      vertex 42.7521 13.286 16
      vertex 43.0444 12.4444 16
    endloop
  endfacet
  facet normal 0 0 1
    outer loop
      vertex 42.6636 13.3636 16
      vertex 43.0444 12.4444 16
      vertex 42.7521 13.286 16
    endloop
  endfacet
  facet normal 0 0 1
    outer loop
      vertex 43.0444 12.4444 16
      vertex 42.6636 13.3636 16
      vertex 43.0521 12.3269 16
    endloop
  endfacet
  facet normal 0 0 1
    outer loop
      vertex 42.586 13.4521 16
      vertex 43.0521 12.3269 16
      vertex 42.6636 13.3636 16
    endloop
  endfacet
  facet normal 0 0 1
    outer loop
      vertex 43.0521 12.3269 16
      vertex 42.586 13.4521 16
      vertex 43.075 12.2114 16
    endloop
  endfacet
  facet normal 0 0 1
    outer loop
      vertex 42.5206 13.55 16
      vertex 43.075 12.2114 16
      vertex 42.586 13.4521 16
    endloop
  endfacet
  facet normal 0 0 1
    outer loop
      vertex 43.075 12.2114 16
      vertex 42.5206 13.55 16
      vertex 43.1129 12.0999 16
    endloop
  endfacet
  facet normal 0 0 1
    outer loop
      vertex 42.4685 13.6556 16
      vertex 43.1129 12.0999 16
      vertex 42.5206 13.55 16
    endloop
  endfacet
  facet normal 0 0 1
    outer loop
      vertex 42.4307 14.2329 16
      vertex 4.84207 24.36 16
      vertex 42.4077 14.1175 16
    endloop
  endfacet
  facet normal 0 0 1
    outer loop
      vertex 42.4 14 16
      vertex 4.9 3.2 16
      vertex 42.4077 13.8825 16
    endloop
  endfacet
  facet normal 0 0 1
    outer loop
      vertex 42.4077 13.8825 16
      vertex 4.9 3.2 16
      vertex 42.4307 13.7671 16
    endloop
  endfacet
  facet normal 0 0 1
    outer loop
      vertex 42.4307 13.7671 16
      vertex 4.9 3.2 16
      vertex 42.4685 13.6556 16
    endloop
  endfacet
  facet normal 0 0 1
    outer loop
      vertex 42.4685 13.6556 16
      vertex 4.9 3.2 16
      vertex 43.1129 12.0999 16
    endloop
  endfacet
  facet normal 0 0 1
    outer loop
      vertex 43.1129 12.0999 16
      vertex 4.9 3.2 16
      vertex 43.1649 11.9944 16
    endloop
  endfacet
  facet normal 0 0 1
    outer loop
      vertex 4.88546 2.9781 16
      vertex 43.1649 11.9944 16
      vertex 4.9 3.2 16
    endloop
  endfacet
  facet normal 0 0 1
    outer loop
      vertex 43.1649 11.9944 16
      vertex 4.88546 2.9781 16
      vertex 43.2303 11.8965 16
    endloop
  endfacet
  facet normal 0 0 1
    outer loop
      vertex 4.84207 2.76001 16
      vertex 43.2303 11.8965 16
      vertex 4.88546 2.9781 16
    endloop
  endfacet
  facet normal 0 0 1
    outer loop
      vertex 43.2303 11.8965 16
      vertex 4.84207 2.76001 16
      vertex 43.308 11.808 16
    endloop
  endfacet
  facet normal 0 0 1
    outer loop
      vertex 4.77059 2.54944 16
      vertex 43.308 11.808 16
      vertex 4.84207 2.76001 16
    endloop
  endfacet
  facet normal 0 0 1
    outer loop
      vertex 43.308 11.808 16
      vertex 4.77059 2.54944 16
      vertex 43.3965 11.7303 16
    endloop
  endfacet
  facet normal 0 0 1
    outer loop
      vertex 4.67224 2.35 16
      vertex 43.3965 11.7303 16
      vertex 4.77059 2.54944 16
    endloop
  endfacet
  facet normal 0 0 1
    outer loop
      vertex 43.4944 11.6649 16
      vertex 4.67224 2.35 16
      vertex 4.57202 2.2 16
    endloop
  endfacet
  facet normal 0 0 1
    outer loop
      vertex 43.5999 11.6129 16
      vertex 4.57202 2.2 16
      vertex 55.428 2.2 16
    endloop
  endfacet
  facet normal -0 0 1
    outer loop
      vertex 47.925 15.3227 16
      vertex 48.15 14.7794 16
      vertex 47.9479 15.4382 16
    endloop
  endfacet
  facet normal 0 0 1
    outer loop
      vertex 48.15 14.7794 16
      vertex 47.925 15.3227 16
      vertex 48.0444 14.8315 16
    endloop
  endfacet
  facet normal -0 0 1
    outer loop
      vertex 47.8871 15.2112 16
      vertex 48.0444 14.8315 16
      vertex 47.925 15.3227 16
    endloop
  endfacet
  facet normal 0 0 1
    outer loop
      vertex 48.0444 14.8315 16
      vertex 47.8871 15.2112 16
      vertex 47.9329 14.8693 16
    endloop
  endfacet
  facet normal -0 0 1
    outer loop
      vertex 47.8351 15.1056 16
      vertex 47.9329 14.8693 16
      vertex 47.8871 15.2112 16
    endloop
  endfacet
  facet normal 0 0 1
    outer loop
      vertex 47.8351 15.1056 16
      vertex 47.8175 14.8923 16
      vertex 47.9329 14.8693 16
    endloop
  endfacet
  facet normal -0 0 1
    outer loop
      vertex 47.7697 15.0077 16
      vertex 47.8175 14.8923 16
      vertex 47.8351 15.1056 16
    endloop
  endfacet
  facet normal 0 0 1
    outer loop
      vertex 47.7697 15.0077 16
      vertex 47.7 14.9 16
      vertex 47.8175 14.8923 16
    endloop
  endfacet
  facet normal -0 0 1
    outer loop
      vertex 47.692 14.9192 16
      vertex 47.7 14.9 16
      vertex 47.7697 15.0077 16
    endloop
  endfacet
  facet normal 0 0 1
    outer loop
      vertex 47.7 14.9 16
      vertex 47.692 14.9192 16
      vertex 47.6677 14.8979 16
    endloop
  endfacet
  facet normal 0 0 1
    outer loop
      vertex 46.4192 16.192 16
      vertex 46.4 16.2 16
      vertex 46.3979 16.1677 16
    endloop
  endfacet
  facet normal 0 0 1
    outer loop
      vertex 44.6021 16.1677 16
      vertex 44.6 16.2 16
      vertex 44.5808 16.192 16
    endloop
  endfacet
  facet normal 0 0 1
    outer loop
      vertex 43.308 14.9192 16
      vertex 43.3 14.9 16
      vertex 43.3323 14.8979 16
    endloop
  endfacet
  facet normal 0 0 1
    outer loop
      vertex 43.2303 15.0077 16
      vertex 43.3 14.9 16
      vertex 43.308 14.9192 16
    endloop
  endfacet
  facet normal 0 0 1
    outer loop
      vertex 43.2303 15.0077 16
      vertex 43.1825 14.8923 16
      vertex 43.3 14.9 16
    endloop
  endfacet
  facet normal 0 0 1
    outer loop
      vertex 43.1649 15.1056 16
      vertex 43.1825 14.8923 16
      vertex 43.2303 15.0077 16
    endloop
  endfacet
  facet normal 0 0 1
    outer loop
      vertex 43.0671 14.8693 16
      vertex 43.1649 15.1056 16
      vertex 43.1129 15.2112 16
    endloop
  endfacet
  facet normal 0 0 1
    outer loop
      vertex 42.9556 14.8315 16
      vertex 43.1129 15.2112 16
      vertex 43.075 15.3227 16
    endloop
  endfacet
  facet normal 0 0 1
    outer loop
      vertex 43.1649 15.1056 16
      vertex 43.0671 14.8693 16
      vertex 43.1825 14.8923 16
    endloop
  endfacet
  facet normal 0 0 1
    outer loop
      vertex 42.9556 14.8315 16
      vertex 43.075 15.3227 16
      vertex 43.0521 15.4382 16
    endloop
  endfacet
  facet normal 0 0 1
    outer loop
      vertex 42.9556 14.8315 16
      vertex 43.0521 15.4382 16
      vertex 43.0444 15.5556 16
    endloop
  endfacet
  facet normal 0 0 1
    outer loop
      vertex 43.1129 15.2112 16
      vertex 42.9556 14.8315 16
      vertex 43.0671 14.8693 16
    endloop
  endfacet
  facet normal 1 0 0
    outer loop
      vertex 57.8 23.428 16
      vertex 57.8 4.57202 16
      vertex 57.8 23.428 13.9
    endloop
  endfacet
  facet normal 1 -0 0
    outer loop
      vertex 57.8 23.428 13.9
      vertex 57.8 25.8 12
      vertex 57.8 25.8 13.9
    endloop
  endfacet
  facet normal 1 0 0
    outer loop
      vertex 57.8 4.57202 13.9
      vertex 57.8 23.428 13.9
      vertex 57.8 4.57202 16
    endloop
  endfacet
  facet normal 1 0 0
    outer loop
      vertex 57.8 23.428 13.9
      vertex 57.8 4.57202 13.9
      vertex 57.8 25.8 12
    endloop
  endfacet
  facet normal 1 0 0
    outer loop
      vertex 57.8 2.2 12
      vertex 57.8 4.57202 13.9
      vertex 57.8 2.2 13.9
    endloop
  endfacet
  facet normal 1 0 0
    outer loop
      vertex 57.8 4.57202 13.9
      vertex 57.8 2.2 12
      vertex 57.8 25.8 12
    endloop
  endfacet
  facet normal 0 1 -0
    outer loop
      vertex 57.8 25.8 12
      vertex 55.428 25.8 13.9
      vertex 57.8 25.8 13.9
    endloop
  endfacet
  facet normal 0 1 0
    outer loop
      vertex 55.428 25.8 13.9
      vertex 57.8 25.8 12
      vertex 4.57202 25.8 13.9
    endloop
  endfacet
  facet normal 0 1 0
    outer loop
      vertex 2.2 25.8 12
      vertex 4.57202 25.8 13.9
      vertex 57.8 25.8 12
    endloop
  endfacet
  facet normal 0 1 0
    outer loop
      vertex 4.57202 25.8 13.9
      vertex 2.2 25.8 12
      vertex 2.2 25.8 13.9
    endloop
  endfacet
  facet normal 0 1 -0
    outer loop
      vertex 55.428 25.8 13.9
      vertex 4.57202 25.8 16
      vertex 55.428 25.8 16
    endloop
  endfacet
  facet normal 0 1 0
    outer loop
      vertex 4.57202 25.8 16
      vertex 55.428 25.8 13.9
      vertex 4.57202 25.8 13.9
    endloop
  endfacet
  facet normal 0 -1 0
    outer loop
      vertex 2.2 2.2 12
      vertex 4.57202 2.2 13.9
      vertex 2.2 2.2 13.9
    endloop
  endfacet
  facet normal 0 -1 -0
    outer loop
      vertex 4.57202 2.2 13.9
      vertex 2.2 2.2 12
      vertex 55.428 2.2 13.9
    endloop
  endfacet
  facet normal 0 -1 0
    outer loop
      vertex 57.8 2.2 12
      vertex 55.428 2.2 13.9
      vertex 2.2 2.2 12
    endloop
  endfacet
  facet normal 0 -1 0
    outer loop
      vertex 55.428 2.2 13.9
      vertex 57.8 2.2 12
      vertex 57.8 2.2 13.9
    endloop
  endfacet
  facet normal 0 -1 0
    outer loop
      vertex 4.57202 2.2 13.9
      vertex 55.428 2.2 16
      vertex 4.57202 2.2 16
    endloop
  endfacet
  facet normal 0 -1 -0
    outer loop
      vertex 55.428 2.2 16
      vertex 4.57202 2.2 13.9
      vertex 55.428 2.2 13.9
    endloop
  endfacet
  facet normal 0 0 -1
    outer loop
      vertex 57.8 2.2 12
      vertex 51.2 14 12
      vertex 57.8 25.8 12
    endloop
  endfacet
  facet normal 0 0 -1
    outer loop
      vertex 57.8 2.2 12
      vertex 51.1512 13.256 12
      vertex 51.2 14 12
    endloop
  endfacet
  facet normal 0 0 -1
    outer loop
      vertex 57.8 2.2 12
      vertex 51.0058 12.5247 12
      vertex 51.1512 13.256 12
    endloop
  endfacet
  facet normal 0 0 -1
    outer loop
      vertex 57.8 2.2 12
      vertex 50.7661 11.8187 12
      vertex 51.0058 12.5247 12
    endloop
  endfacet
  facet normal 0 0 -1
    outer loop
      vertex 57.8 2.2 12
      vertex 50.4363 11.15 12
      vertex 50.7661 11.8187 12
    endloop
  endfacet
  facet normal 0 0 -1
    outer loop
      vertex 57.8 2.2 12
      vertex 50.0221 10.5301 12
      vertex 50.4363 11.15 12
    endloop
  endfacet
  facet normal 0 0 -1
    outer loop
      vertex 57.8 2.2 12
      vertex 49.5305 9.96949 12
      vertex 50.0221 10.5301 12
    endloop
  endfacet
  facet normal 0 0 -1
    outer loop
      vertex 57.8 2.2 12
      vertex 48.9699 9.47789 12
      vertex 49.5305 9.96949 12
    endloop
  endfacet
  facet normal 0 0 -1
    outer loop
      vertex 57.8 2.2 12
      vertex 48.35 9.06366 12
      vertex 48.9699 9.47789 12
    endloop
  endfacet
  facet normal 0 0 -1
    outer loop
      vertex 57.8 2.2 12
      vertex 47.6813 8.73389 12
      vertex 48.35 9.06366 12
    endloop
  endfacet
  facet normal 0 0 -1
    outer loop
      vertex 57.8 2.2 12
      vertex 46.9753 8.49422 12
      vertex 47.6813 8.73389 12
    endloop
  endfacet
  facet normal 0 0 -1
    outer loop
      vertex 57.8 2.2 12
      vertex 46.244 8.34876 12
      vertex 46.9753 8.49422 12
    endloop
  endfacet
  facet normal 0 0 -1
    outer loop
      vertex 57.8 2.2 12
      vertex 45.5 8.3 12
      vertex 46.244 8.34876 12
    endloop
  endfacet
  facet normal 0 0 -1
    outer loop
      vertex 57.8 2.2 12
      vertex 44.756 8.34876 12
      vertex 45.5 8.3 12
    endloop
  endfacet
  facet normal 0 0 -1
    outer loop
      vertex 57.8 2.2 12
      vertex 44.0247 8.49422 12
      vertex 44.756 8.34876 12
    endloop
  endfacet
  facet normal 0 0 -1
    outer loop
      vertex 2.2 2.2 12
      vertex 44.0247 8.49422 12
      vertex 57.8 2.2 12
    endloop
  endfacet
  facet normal -0 0 -1
    outer loop
      vertex 39.8488 13.256 12
      vertex 2.2 2.2 12
      vertex 39.8 14 12
    endloop
  endfacet
  facet normal -0 0 -1
    outer loop
      vertex 39.9942 12.5247 12
      vertex 2.2 2.2 12
      vertex 39.8488 13.256 12
    endloop
  endfacet
  facet normal -0 0 -1
    outer loop
      vertex 40.2339 11.8187 12
      vertex 2.2 2.2 12
      vertex 39.9942 12.5247 12
    endloop
  endfacet
  facet normal -0 0 -1
    outer loop
      vertex 40.5637 11.15 12
      vertex 2.2 2.2 12
      vertex 40.2339 11.8187 12
    endloop
  endfacet
  facet normal -0 0 -1
    outer loop
      vertex 40.9779 10.5301 12
      vertex 2.2 2.2 12
      vertex 40.5637 11.15 12
    endloop
  endfacet
  facet normal -0 0 -1
    outer loop
      vertex 41.4695 9.96949 12
      vertex 2.2 2.2 12
      vertex 40.9779 10.5301 12
    endloop
  endfacet
  facet normal -0 0 -1
    outer loop
      vertex 42.0301 9.47789 12
      vertex 2.2 2.2 12
      vertex 41.4695 9.96949 12
    endloop
  endfacet
  facet normal -0 0 -1
    outer loop
      vertex 42.65 9.06366 12
      vertex 2.2 2.2 12
      vertex 42.0301 9.47789 12
    endloop
  endfacet
  facet normal -0 0 -1
    outer loop
      vertex 43.3187 8.73389 12
      vertex 2.2 2.2 12
      vertex 42.65 9.06366 12
    endloop
  endfacet
  facet normal -0 0 -1
    outer loop
      vertex 44.0247 8.49422 12
      vertex 2.2 2.2 12
      vertex 43.3187 8.73389 12
    endloop
  endfacet
  facet normal 0 0 -1
    outer loop
      vertex 51.1512 14.744 12
      vertex 57.8 25.8 12
      vertex 51.2 14 12
    endloop
  endfacet
  facet normal 0 0 -1
    outer loop
      vertex 51.0058 15.4753 12
      vertex 57.8 25.8 12
      vertex 51.1512 14.744 12
    endloop
  endfacet
  facet normal 0 0 -1
    outer loop
      vertex 50.7661 16.1813 12
      vertex 57.8 25.8 12
      vertex 51.0058 15.4753 12
    endloop
  endfacet
  facet normal 0 0 -1
    outer loop
      vertex 50.4363 16.85 12
      vertex 57.8 25.8 12
      vertex 50.7661 16.1813 12
    endloop
  endfacet
  facet normal 0 0 -1
    outer loop
      vertex 50.0221 17.4699 12
      vertex 57.8 25.8 12
      vertex 50.4363 16.85 12
    endloop
  endfacet
  facet normal 0 0 -1
    outer loop
      vertex 49.5305 18.0305 12
      vertex 57.8 25.8 12
      vertex 50.0221 17.4699 12
    endloop
  endfacet
  facet normal 0 0 -1
    outer loop
      vertex 48.9699 18.5221 12
      vertex 57.8 25.8 12
      vertex 49.5305 18.0305 12
    endloop
  endfacet
  facet normal 0 0 -1
    outer loop
      vertex 48.35 18.9363 12
      vertex 57.8 25.8 12
      vertex 48.9699 18.5221 12
    endloop
  endfacet
  facet normal 0 0 -1
    outer loop
      vertex 47.6813 19.2661 12
      vertex 57.8 25.8 12
      vertex 48.35 18.9363 12
    endloop
  endfacet
  facet normal 0 0 -1
    outer loop
      vertex 46.9753 19.5058 12
      vertex 57.8 25.8 12
      vertex 47.6813 19.2661 12
    endloop
  endfacet
  facet normal 0 0 -1
    outer loop
      vertex 46.244 19.6512 12
      vertex 57.8 25.8 12
      vertex 46.9753 19.5058 12
    endloop
  endfacet
  facet normal 0 0 -1
    outer loop
      vertex 45.5 19.7 12
      vertex 57.8 25.8 12
      vertex 46.244 19.6512 12
    endloop
  endfacet
  facet normal 0 0 -1
    outer loop
      vertex 44.756 19.6512 12
      vertex 57.8 25.8 12
      vertex 45.5 19.7 12
    endloop
  endfacet
  facet normal 0 0 -1
    outer loop
      vertex 44.0247 19.5058 12
      vertex 57.8 25.8 12
      vertex 44.756 19.6512 12
    endloop
  endfacet
  facet normal 0 0 -1
    outer loop
      vertex 2.2 25.8 12
      vertex 44.0247 19.5058 12
      vertex 43.3187 19.2661 12
    endloop
  endfacet
  facet normal 0 0 -1
    outer loop
      vertex 2.2 25.8 12
      vertex 39.8 14 12
      vertex 2.2 2.2 12
    endloop
  endfacet
  facet normal 0 0 -1
    outer loop
      vertex 39.8 14 12
      vertex 2.2 25.8 12
      vertex 39.8488 14.744 12
    endloop
  endfacet
  facet normal 0 0 -1
    outer loop
      vertex 39.8488 14.744 12
      vertex 2.2 25.8 12
      vertex 39.9942 15.4753 12
    endloop
  endfacet
  facet normal 0 0 -1
    outer loop
      vertex 39.9942 15.4753 12
      vertex 2.2 25.8 12
      vertex 40.2339 16.1813 12
    endloop
  endfacet
  facet normal 0 0 -1
    outer loop
      vertex 40.2339 16.1813 12
      vertex 2.2 25.8 12
      vertex 40.5637 16.85 12
    endloop
  endfacet
  facet normal 0 0 -1
    outer loop
      vertex 40.5637 16.85 12
      vertex 2.2 25.8 12
      vertex 40.9779 17.4699 12
    endloop
  endfacet
  facet normal 0 0 -1
    outer loop
      vertex 40.9779 17.4699 12
      vertex 2.2 25.8 12
      vertex 41.4695 18.0305 12
    endloop
  endfacet
  facet normal 0 0 -1
    outer loop
      vertex 41.4695 18.0305 12
      vertex 2.2 25.8 12
      vertex 42.0301 18.5221 12
    endloop
  endfacet
  facet normal 0 0 -1
    outer loop
      vertex 42.0301 18.5221 12
      vertex 2.2 25.8 12
      vertex 42.65 18.9363 12
    endloop
  endfacet
  facet normal 0 0 -1
    outer loop
      vertex 42.65 18.9363 12
      vertex 2.2 25.8 12
      vertex 43.3187 19.2661 12
    endloop
  endfacet
  facet normal 0 0 -1
    outer loop
      vertex 44.0247 19.5058 12
      vertex 2.2 25.8 12
      vertex 57.8 25.8 12
    endloop
  endfacet
  facet normal 0 0 -1
    outer loop
      vertex 50.1598 13.3865 12
      vertex 50.1598 14.6135 12
      vertex 50.2 14 12
    endloop
  endfacet
  facet normal 0 0 -1
    outer loop
      vertex 50.0399 12.7836 12
      vertex 50.1598 14.6135 12
      vertex 50.1598 13.3865 12
    endloop
  endfacet
  facet normal 0 0 -1
    outer loop
      vertex 50.0399 12.7836 12
      vertex 50.0399 15.2164 12
      vertex 50.1598 14.6135 12
    endloop
  endfacet
  facet normal 0 0 -1
    outer loop
      vertex 49.8422 12.2014 12
      vertex 50.0399 15.2164 12
      vertex 50.0399 12.7836 12
    endloop
  endfacet
  facet normal 0 0 -1
    outer loop
      vertex 49.8422 12.2014 12
      vertex 49.8422 15.7986 12
      vertex 50.0399 15.2164 12
    endloop
  endfacet
  facet normal 0 0 -1
    outer loop
      vertex 49.5703 11.65 12
      vertex 49.8422 15.7986 12
      vertex 49.8422 12.2014 12
    endloop
  endfacet
  facet normal 0 0 -1
    outer loop
      vertex 49.5703 11.65 12
      vertex 49.5703 16.35 12
      vertex 49.8422 15.7986 12
    endloop
  endfacet
  facet normal 0 0 -1
    outer loop
      vertex 49.2288 11.1388 12
      vertex 49.5703 16.35 12
      vertex 49.5703 11.65 12
    endloop
  endfacet
  facet normal 0 0 -1
    outer loop
      vertex 49.2288 11.1388 12
      vertex 49.2288 16.8612 12
      vertex 49.5703 16.35 12
    endloop
  endfacet
  facet normal 0 0 -1
    outer loop
      vertex 48.8234 10.6766 12
      vertex 49.2288 16.8612 12
      vertex 49.2288 11.1388 12
    endloop
  endfacet
  facet normal 0 0 -1
    outer loop
      vertex 48.8234 10.6766 12
      vertex 48.8234 17.3234 12
      vertex 49.2288 16.8612 12
    endloop
  endfacet
  facet normal 0 0 -1
    outer loop
      vertex 48.3612 10.2712 12
      vertex 48.8234 17.3234 12
      vertex 48.8234 10.6766 12
    endloop
  endfacet
  facet normal 0 0 -1
    outer loop
      vertex 48.3612 10.2712 12
      vertex 48.3612 17.7288 12
      vertex 48.8234 17.3234 12
    endloop
  endfacet
  facet normal 0 0 -1
    outer loop
      vertex 47.85 9.92968 12
      vertex 48.3612 17.7288 12
      vertex 48.3612 10.2712 12
    endloop
  endfacet
  facet normal 0 0 -1
    outer loop
      vertex 47.85 9.92968 12
      vertex 47.85 18.0703 12
      vertex 48.3612 17.7288 12
    endloop
  endfacet
  facet normal 0 0 -1
    outer loop
      vertex 47.2986 9.65777 12
      vertex 47.85 18.0703 12
      vertex 47.85 9.92968 12
    endloop
  endfacet
  facet normal 0 0 -1
    outer loop
      vertex 47.2986 9.65777 12
      vertex 47.2986 18.3422 12
      vertex 47.85 18.0703 12
    endloop
  endfacet
  facet normal 0 0 -1
    outer loop
      vertex 46.7164 9.46015 12
      vertex 47.2986 18.3422 12
      vertex 47.2986 9.65777 12
    endloop
  endfacet
  facet normal 0 0 -1
    outer loop
      vertex 46.7164 9.46015 12
      vertex 46.7164 18.5399 12
      vertex 47.2986 18.3422 12
    endloop
  endfacet
  facet normal 0 0 -1
    outer loop
      vertex 46.1135 9.34021 12
      vertex 46.7164 18.5399 12
      vertex 46.7164 9.46015 12
    endloop
  endfacet
  facet normal 0 0 -1
    outer loop
      vertex 46.1135 9.34021 12
      vertex 46.1135 18.6598 12
      vertex 46.7164 18.5399 12
    endloop
  endfacet
  facet normal 0 0 -1
    outer loop
      vertex 45.5 9.3 12
      vertex 46.1135 18.6598 12
      vertex 46.1135 9.34021 12
    endloop
  endfacet
  facet normal 0 0 -1
    outer loop
      vertex 45.5 9.3 12
      vertex 45.5 18.7 12
      vertex 46.1135 18.6598 12
    endloop
  endfacet
  facet normal 0 0 -1
    outer loop
      vertex 44.8865 9.34021 12
      vertex 45.5 18.7 12
      vertex 45.5 9.3 12
    endloop
  endfacet
  facet normal 0 0 -1
    outer loop
      vertex 44.8865 9.34021 12
      vertex 44.8865 18.6598 12
      vertex 45.5 18.7 12
    endloop
  endfacet
  facet normal 0 0 -1
    outer loop
      vertex 44.2836 9.46015 12
      vertex 44.8865 18.6598 12
      vertex 44.8865 9.34021 12
    endloop
  endfacet
  facet normal 0 0 -1
    outer loop
      vertex 44.2836 9.46015 12
      vertex 44.2836 18.5399 12
      vertex 44.8865 18.6598 12
    endloop
  endfacet
  facet normal 0 0 -1
    outer loop
      vertex 43.7014 9.65777 12
      vertex 44.2836 18.5399 12
      vertex 44.2836 9.46015 12
    endloop
  endfacet
  facet normal 0 0 -1
    outer loop
      vertex 43.7014 9.65777 12
      vertex 43.7014 18.3422 12
      vertex 44.2836 18.5399 12
    endloop
  endfacet
  facet normal 0 0 -1
    outer loop
      vertex 43.15 9.92968 12
      vertex 43.7014 18.3422 12
      vertex 43.7014 9.65777 12
    endloop
  endfacet
  facet normal 0 0 -1
    outer loop
      vertex 43.15 9.92968 12
      vertex 43.15 18.0703 12
      vertex 43.7014 18.3422 12
    endloop
  endfacet
  facet normal 0 0 -1
    outer loop
      vertex 42.6388 10.2712 12
      vertex 43.15 18.0703 12
      vertex 43.15 9.92968 12
    endloop
  endfacet
  facet normal 0 0 -1
    outer loop
      vertex 42.6388 10.2712 12
      vertex 42.6388 17.7288 12
      vertex 43.15 18.0703 12
    endloop
  endfacet
  facet normal 0 0 -1
    outer loop
      vertex 42.1766 10.6766 12
      vertex 42.6388 17.7288 12
      vertex 42.6388 10.2712 12
    endloop
  endfacet
  facet normal 0 0 -1
    outer loop
      vertex 42.1766 10.6766 12
      vertex 42.1766 17.3234 12
      vertex 42.6388 17.7288 12
    endloop
  endfacet
  facet normal 0 0 -1
    outer loop
      vertex 41.7712 11.1388 12
      vertex 42.1766 17.3234 12
      vertex 42.1766 10.6766 12
    endloop
  endfacet
  facet normal 0 0 -1
    outer loop
      vertex 41.7712 11.1388 12
      vertex 41.7712 16.8612 12
      vertex 42.1766 17.3234 12
    endloop
  endfacet
  facet normal 0 0 -1
    outer loop
      vertex 41.4297 11.65 12
      vertex 41.7712 16.8612 12
      vertex 41.7712 11.1388 12
    endloop
  endfacet
  facet normal 0 0 -1
    outer loop
      vertex 41.4297 11.65 12
      vertex 41.4297 16.35 12
      vertex 41.7712 16.8612 12
    endloop
  endfacet
  facet normal 0 0 -1
    outer loop
      vertex 41.1578 12.2014 12
      vertex 41.4297 16.35 12
      vertex 41.4297 11.65 12
    endloop
  endfacet
  facet normal 0 0 -1
    outer loop
      vertex 41.1578 12.2014 12
      vertex 41.1578 15.7986 12
      vertex 41.4297 16.35 12
    endloop
  endfacet
  facet normal 0 0 -1
    outer loop
      vertex 40.9601 12.7836 12
      vertex 41.1578 15.7986 12
      vertex 41.1578 12.2014 12
    endloop
  endfacet
  facet normal 0 0 -1
    outer loop
      vertex 40.9601 12.7836 12
      vertex 40.9601 15.2164 12
      vertex 41.1578 15.7986 12
    endloop
  endfacet
  facet normal 0 0 -1
    outer loop
      vertex 40.8402 13.3865 12
      vertex 40.9601 15.2164 12
      vertex 40.9601 12.7836 12
    endloop
  endfacet
  facet normal 0 0 -1
    outer loop
      vertex 40.8402 13.3865 12
      vertex 40.8402 14.6135 12
      vertex 40.9601 15.2164 12
    endloop
  endfacet
  facet normal 0 -0 -1
    outer loop
      vertex 40.8402 14.6135 12
      vertex 40.8402 13.3865 12
      vertex 40.8 14 12
    endloop
  endfacet
  facet normal 0 0 1
    outer loop
      vertex 46.4 16.2 13.9
      vertex 46.3923 16.3175 13.9
      vertex 46.3979 16.1677 13.9
    endloop
  endfacet
  facet normal 0 0 1
    outer loop
      vertex 47.9479 15.6731 13.9
      vertex 47.9479 15.4382 13.9
      vertex 47.9556 15.5556 13.9
    endloop
  endfacet
  facet normal 0 0 1
    outer loop
      vertex 47.925 15.7886 13.9
      vertex 47.9479 15.4382 13.9
      vertex 47.9479 15.6731 13.9
    endloop
  endfacet
  facet normal 0 0 1
    outer loop
      vertex 47.925 15.7886 13.9
      vertex 47.925 15.3227 13.9
      vertex 47.9479 15.4382 13.9
    endloop
  endfacet
  facet normal 0 0 1
    outer loop
      vertex 47.8871 15.9 13.9
      vertex 47.925 15.3227 13.9
      vertex 47.925 15.7886 13.9
    endloop
  endfacet
  facet normal 0 0 1
    outer loop
      vertex 47.8871 15.9 13.9
      vertex 47.8871 15.2112 13.9
      vertex 47.925 15.3227 13.9
    endloop
  endfacet
  facet normal 0 0 1
    outer loop
      vertex 47.8351 16.0056 13.9
      vertex 47.8871 15.2112 13.9
      vertex 47.8871 15.9 13.9
    endloop
  endfacet
  facet normal 0 0 1
    outer loop
      vertex 47.8351 16.0056 13.9
      vertex 47.8351 15.1056 13.9
      vertex 47.8871 15.2112 13.9
    endloop
  endfacet
  facet normal 0 0 1
    outer loop
      vertex 47.7697 16.1035 13.9
      vertex 47.8351 15.1056 13.9
      vertex 47.8351 16.0056 13.9
    endloop
  endfacet
  facet normal 0 0 1
    outer loop
      vertex 47.7697 16.1035 13.9
      vertex 47.7697 15.0077 13.9
      vertex 47.8351 15.1056 13.9
    endloop
  endfacet
  facet normal 0 0 1
    outer loop
      vertex 47.692 16.192 13.9
      vertex 47.7697 15.0077 13.9
      vertex 47.7697 16.1035 13.9
    endloop
  endfacet
  facet normal 0 0 1
    outer loop
      vertex 47.6677 14.8979 13.9
      vertex 47.7697 15.0077 13.9
      vertex 47.692 16.192 13.9
    endloop
  endfacet
  facet normal 0 0 1
    outer loop
      vertex 47.7697 15.0077 13.9
      vertex 47.6677 14.8979 13.9
      vertex 47.692 14.9192 13.9
    endloop
  endfacet
  facet normal 0 0 1
    outer loop
      vertex 47.088 14.6578 13.9
      vertex 47.6677 14.8979 13.9
      vertex 47.6035 16.2697 13.9
    endloop
  endfacet
  facet normal 0 0 1
    outer loop
      vertex 47.6035 16.2697 13.9
      vertex 47.6677 14.8979 13.9
      vertex 47.692 16.192 13.9
    endloop
  endfacet
  facet normal 0 0 1
    outer loop
      vertex 48.5923 14.1175 13.9
      vertex 48.5923 13.8825 13.9
      vertex 48.6 14 13.9
    endloop
  endfacet
  facet normal 0 0 1
    outer loop
      vertex 48.5693 14.2329 13.9
      vertex 48.5923 13.8825 13.9
      vertex 48.5923 14.1175 13.9
    endloop
  endfacet
  facet normal 0 0 1
    outer loop
      vertex 48.5693 14.2329 13.9
      vertex 48.5693 13.7671 13.9
      vertex 48.5923 13.8825 13.9
    endloop
  endfacet
  facet normal 0 0 1
    outer loop
      vertex 48.5315 14.3444 13.9
      vertex 48.5693 13.7671 13.9
      vertex 48.5693 14.2329 13.9
    endloop
  endfacet
  facet normal 0 0 1
    outer loop
      vertex 48.5315 14.3444 13.9
      vertex 48.5315 13.6556 13.9
      vertex 48.5693 13.7671 13.9
    endloop
  endfacet
  facet normal 0 0 1
    outer loop
      vertex 48.4794 14.45 13.9
      vertex 48.5315 13.6556 13.9
      vertex 48.5315 14.3444 13.9
    endloop
  endfacet
  facet normal 0 0 1
    outer loop
      vertex 48.4794 14.45 13.9
      vertex 48.4794 13.55 13.9
      vertex 48.5315 13.6556 13.9
    endloop
  endfacet
  facet normal 0 0 1
    outer loop
      vertex 48.414 14.5479 13.9
      vertex 48.4794 13.55 13.9
      vertex 48.4794 14.45 13.9
    endloop
  endfacet
  facet normal 0 0 1
    outer loop
      vertex 48.414 14.5479 13.9
      vertex 48.414 13.4521 13.9
      vertex 48.4794 13.55 13.9
    endloop
  endfacet
  facet normal 0 0 1
    outer loop
      vertex 48.3364 14.6364 13.9
      vertex 48.414 13.4521 13.9
      vertex 48.414 14.5479 13.9
    endloop
  endfacet
  facet normal 0 0 1
    outer loop
      vertex 48.3364 14.6364 13.9
      vertex 48.3364 13.3636 13.9
      vertex 48.414 13.4521 13.9
    endloop
  endfacet
  facet normal 0 0 1
    outer loop
      vertex 48.2479 14.714 13.9
      vertex 48.3364 13.3636 13.9
      vertex 48.3364 14.6364 13.9
    endloop
  endfacet
  facet normal 0 0 1
    outer loop
      vertex 48.2479 14.714 13.9
      vertex 48.2479 13.286 13.9
      vertex 48.3364 13.3636 13.9
    endloop
  endfacet
  facet normal 0 0 1
    outer loop
      vertex 48.15 14.7794 13.9
      vertex 48.2479 13.286 13.9
      vertex 48.2479 14.714 13.9
    endloop
  endfacet
  facet normal 0 0 1
    outer loop
      vertex 48.15 14.7794 13.9
      vertex 48.15 13.2206 13.9
      vertex 48.2479 13.286 13.9
    endloop
  endfacet
  facet normal 0 0 1
    outer loop
      vertex 48.0444 14.8315 13.9
      vertex 48.15 13.2206 13.9
      vertex 48.15 14.7794 13.9
    endloop
  endfacet
  facet normal 0 0 1
    outer loop
      vertex 48.0444 14.8315 13.9
      vertex 48.0444 13.1685 13.9
      vertex 48.15 13.2206 13.9
    endloop
  endfacet
  facet normal 0 0 1
    outer loop
      vertex 47.9329 14.8693 13.9
      vertex 48.0444 13.1685 13.9
      vertex 48.0444 14.8315 13.9
    endloop
  endfacet
  facet normal 0 0 1
    outer loop
      vertex 47.9329 14.8693 13.9
      vertex 47.9329 13.1307 13.9
      vertex 48.0444 13.1685 13.9
    endloop
  endfacet
  facet normal 0 0 1
    outer loop
      vertex 47.6677 14.8979 13.9
      vertex 47.9329 14.8693 13.9
      vertex 47.8175 14.8923 13.9
    endloop
  endfacet
  facet normal 0 0 1
    outer loop
      vertex 47.9329 14.8693 13.9
      vertex 47.6677 14.8979 13.9
      vertex 47.9329 13.1307 13.9
    endloop
  endfacet
  facet normal -0 0 1
    outer loop
      vertex 47.6677 14.8979 13.9
      vertex 47.8175 14.8923 13.9
      vertex 47.7 14.9 13.9
    endloop
  endfacet
  facet normal 0 0 1
    outer loop
      vertex 47.6677 13.1021 13.9
      vertex 47.9329 13.1307 13.9
      vertex 47.6677 14.8979 13.9
    endloop
  endfacet
  facet normal 0 0 1
    outer loop
      vertex 47.9329 13.1307 13.9
      vertex 47.6677 13.1021 13.9
      vertex 47.8175 13.1077 13.9
    endloop
  endfacet
  facet normal 0 0 1
    outer loop
      vertex 47.8175 13.1077 13.9
      vertex 47.6677 13.1021 13.9
      vertex 47.7 13.1 13.9
    endloop
  endfacet
  facet normal 0 0 1
    outer loop
      vertex 47.9479 12.5618 13.9
      vertex 47.9479 12.3269 13.9
      vertex 47.9556 12.4444 13.9
    endloop
  endfacet
  facet normal 0 0 1
    outer loop
      vertex 47.925 12.6773 13.9
      vertex 47.9479 12.3269 13.9
      vertex 47.9479 12.5618 13.9
    endloop
  endfacet
  facet normal 0 0 1
    outer loop
      vertex 47.925 12.6773 13.9
      vertex 47.925 12.2114 13.9
      vertex 47.9479 12.3269 13.9
    endloop
  endfacet
  facet normal 0 0 1
    outer loop
      vertex 47.8871 12.7888 13.9
      vertex 47.925 12.2114 13.9
      vertex 47.925 12.6773 13.9
    endloop
  endfacet
  facet normal 0 0 1
    outer loop
      vertex 47.8871 12.7888 13.9
      vertex 47.8871 12.0999 13.9
      vertex 47.925 12.2114 13.9
    endloop
  endfacet
  facet normal 0 0 1
    outer loop
      vertex 47.8351 12.8944 13.9
      vertex 47.8871 12.0999 13.9
      vertex 47.8871 12.7888 13.9
    endloop
  endfacet
  facet normal 0 0 1
    outer loop
      vertex 47.8351 12.8944 13.9
      vertex 47.8351 11.9944 13.9
      vertex 47.8871 12.0999 13.9
    endloop
  endfacet
  facet normal 0 0 1
    outer loop
      vertex 47.7697 12.9922 13.9
      vertex 47.8351 11.9944 13.9
      vertex 47.8351 12.8944 13.9
    endloop
  endfacet
  facet normal 0 0 1
    outer loop
      vertex 47.7697 12.9922 13.9
      vertex 47.7697 11.8965 13.9
      vertex 47.8351 11.9944 13.9
    endloop
  endfacet
  facet normal 0 0 1
    outer loop
      vertex 47.6677 13.1021 13.9
      vertex 47.7697 12.9922 13.9
      vertex 47.692 13.0808 13.9
    endloop
  endfacet
  facet normal 0 0 1
    outer loop
      vertex 47.7697 12.9922 13.9
      vertex 47.6677 13.1021 13.9
      vertex 47.7697 11.8965 13.9
    endloop
  endfacet
  facet normal 0 0 1
    outer loop
      vertex 47.7697 11.8965 13.9
      vertex 47.6677 13.1021 13.9
      vertex 47.692 11.808 13.9
    endloop
  endfacet
  facet normal 0 0 1
    outer loop
      vertex 47.6677 14.8979 13.9
      vertex 47.088 14.6578 13.9
      vertex 47.6677 13.1021 13.9
    endloop
  endfacet
  facet normal -0 0 1
    outer loop
      vertex 47.088 13.3422 13.9
      vertex 47.6677 13.1021 13.9
      vertex 47.088 14.6578 13.9
    endloop
  endfacet
  facet normal 0 0 1
    outer loop
      vertex 47.088 14.6578 13.9
      vertex 47.6035 16.2697 13.9
      vertex 47.5056 16.3351 13.9
    endloop
  endfacet
  facet normal 0 0 1
    outer loop
      vertex 47.6677 13.1021 13.9
      vertex 47.088 13.3422 13.9
      vertex 47.692 11.808 13.9
    endloop
  endfacet
  facet normal 0 0 1
    outer loop
      vertex 47.088 14.6578 13.9
      vertex 47.5056 16.3351 13.9
      vertex 47.4 16.3871 13.9
    endloop
  endfacet
  facet normal 0 0 1
    outer loop
      vertex 47.692 11.808 13.9
      vertex 47.088 13.3422 13.9
      vertex 47.6035 11.7303 13.9
    endloop
  endfacet
  facet normal 0 0 1
    outer loop
      vertex 47.088 14.6578 13.9
      vertex 47.4 16.3871 13.9
      vertex 47.2886 16.425 13.9
    endloop
  endfacet
  facet normal 0 0 1
    outer loop
      vertex 47.6035 11.7303 13.9
      vertex 47.088 13.3422 13.9
      vertex 47.5056 11.6649 13.9
    endloop
  endfacet
  facet normal 0 0 1
    outer loop
      vertex 47.088 14.6578 13.9
      vertex 47.2886 16.425 13.9
      vertex 47.1731 16.4479 13.9
    endloop
  endfacet
  facet normal 0 0 1
    outer loop
      vertex 47.5056 11.6649 13.9
      vertex 47.088 13.3422 13.9
      vertex 47.4 11.6129 13.9
    endloop
  endfacet
  facet normal 0 0 1
    outer loop
      vertex 47.4 11.6129 13.9
      vertex 47.088 13.3422 13.9
      vertex 47.2886 11.575 13.9
    endloop
  endfacet
  facet normal 0 0 1
    outer loop
      vertex 47.0556 16.4556 13.9
      vertex 47.088 14.6578 13.9
      vertex 47.1731 16.4479 13.9
    endloop
  endfacet
  facet normal -0 0 1
    outer loop
      vertex 46.9382 16.4479 13.9
      vertex 47.088 14.6578 13.9
      vertex 47.0556 16.4556 13.9
    endloop
  endfacet
  facet normal -0 0 1
    outer loop
      vertex 46.8227 16.425 13.9
      vertex 47.088 14.6578 13.9
      vertex 46.9382 16.4479 13.9
    endloop
  endfacet
  facet normal 0 0 1
    outer loop
      vertex 47.088 14.6578 13.9
      vertex 46.9382 14.6633 13.9
      vertex 47.0556 14.6556 13.9
    endloop
  endfacet
  facet normal -0 0 1
    outer loop
      vertex 46.8227 14.6863 13.9
      vertex 47.088 14.6578 13.9
      vertex 46.8227 16.425 13.9
    endloop
  endfacet
  facet normal 0 0 1
    outer loop
      vertex 47.088 14.6578 13.9
      vertex 46.8227 14.6863 13.9
      vertex 46.9382 14.6633 13.9
    endloop
  endfacet
  facet normal -0 0 1
    outer loop
      vertex 46.7112 16.3871 13.9
      vertex 46.8227 14.6863 13.9
      vertex 46.8227 16.425 13.9
    endloop
  endfacet
  facet normal 0 0 1
    outer loop
      vertex 46.7112 16.3871 13.9
      vertex 46.7112 14.7241 13.9
      vertex 46.8227 14.6863 13.9
    endloop
  endfacet
  facet normal -0 0 1
    outer loop
      vertex 46.6056 16.3351 13.9
      vertex 46.7112 14.7241 13.9
      vertex 46.7112 16.3871 13.9
    endloop
  endfacet
  facet normal 0 0 1
    outer loop
      vertex 46.6056 16.3351 13.9
      vertex 46.6056 14.7762 13.9
      vertex 46.7112 14.7241 13.9
    endloop
  endfacet
  facet normal 0 0 1
    outer loop
      vertex 46.3979 16.1677 13.9
      vertex 46.6056 16.3351 13.9
      vertex 46.5078 16.2697 13.9
    endloop
  endfacet
  facet normal 0 0 1
    outer loop
      vertex 46.6056 16.3351 13.9
      vertex 46.3979 16.1677 13.9
      vertex 46.6056 14.7762 13.9
    endloop
  endfacet
  facet normal 0 0 1
    outer loop
      vertex 46.3979 16.1677 13.9
      vertex 46.5078 16.2697 13.9
      vertex 46.4192 16.192 13.9
    endloop
  endfacet
  facet normal 0 0 1
    outer loop
      vertex 46.6056 14.7762 13.9
      vertex 46.3979 16.1677 13.9
      vertex 46.5078 14.8416 13.9
    endloop
  endfacet
  facet normal 0 0 1
    outer loop
      vertex 46.5078 14.8416 13.9
      vertex 46.3979 16.1677 13.9
      vertex 46.4192 14.9192 13.9
    endloop
  endfacet
  facet normal 0 0 1
    outer loop
      vertex 46.3693 16.4329 13.9
      vertex 46.3979 16.1677 13.9
      vertex 46.3923 16.3175 13.9
    endloop
  endfacet
  facet normal 0 0 1
    outer loop
      vertex 46.3979 16.1677 13.9
      vertex 46.3693 16.4329 13.9
      vertex 46.1578 15.588 13.9
    endloop
  endfacet
  facet normal 0 0 1
    outer loop
      vertex 46.3979 16.1677 13.9
      vertex 46.1578 15.588 13.9
      vertex 46.4192 14.9192 13.9
    endloop
  endfacet
  facet normal 0 0 1
    outer loop
      vertex 46.1578 15.588 13.9
      vertex 46.3693 16.4329 13.9
      vertex 46.3315 16.5444 13.9
    endloop
  endfacet
  facet normal 0 0 1
    outer loop
      vertex 46.1578 15.588 13.9
      vertex 46.3315 16.5444 13.9
      vertex 46.2794 16.65 13.9
    endloop
  endfacet
  facet normal 0 0 1
    outer loop
      vertex 46.4192 14.9192 13.9
      vertex 46.1578 15.588 13.9
      vertex 46.3416 15.0077 13.9
    endloop
  endfacet
  facet normal 0 0 1
    outer loop
      vertex 46.3416 15.0077 13.9
      vertex 46.1578 15.588 13.9
      vertex 46.2762 15.1056 13.9
    endloop
  endfacet
  facet normal 0 0 1
    outer loop
      vertex 46.1578 15.588 13.9
      vertex 46.2794 16.65 13.9
      vertex 46.214 16.7479 13.9
    endloop
  endfacet
  facet normal 0 0 1
    outer loop
      vertex 46.2762 15.1056 13.9
      vertex 46.1578 15.588 13.9
      vertex 46.2241 15.2112 13.9
    endloop
  endfacet
  facet normal 0 0 1
    outer loop
      vertex 46.2241 15.2112 13.9
      vertex 46.1578 15.588 13.9
      vertex 46.1863 15.3227 13.9
    endloop
  endfacet
  facet normal 0 0 1
    outer loop
      vertex 46.1863 15.3227 13.9
      vertex 46.1578 15.588 13.9
      vertex 46.1633 15.4382 13.9
    endloop
  endfacet
  facet normal 0 0 1
    outer loop
      vertex 46.1364 16.8364 13.9
      vertex 46.1578 15.588 13.9
      vertex 46.214 16.7479 13.9
    endloop
  endfacet
  facet normal 0 0 1
    outer loop
      vertex 46.0479 16.914 13.9
      vertex 46.1578 15.588 13.9
      vertex 46.1364 16.8364 13.9
    endloop
  endfacet
  facet normal 0 0 1
    outer loop
      vertex 45.95 16.9794 13.9
      vertex 46.1578 15.588 13.9
      vertex 46.0479 16.914 13.9
    endloop
  endfacet
  facet normal 0 0 1
    outer loop
      vertex 46.1578 15.588 13.9
      vertex 46.0479 15.486 13.9
      vertex 46.1364 15.5636 13.9
    endloop
  endfacet
  facet normal 0 0 1
    outer loop
      vertex 45.95 15.4206 13.9
      vertex 46.1578 15.588 13.9
      vertex 45.95 16.9794 13.9
    endloop
  endfacet
  facet normal 0 0 1
    outer loop
      vertex 46.1578 15.588 13.9
      vertex 45.95 15.4206 13.9
      vertex 46.0479 15.486 13.9
    endloop
  endfacet
  facet normal 0 0 1
    outer loop
      vertex 45.8444 17.0315 13.9
      vertex 45.95 15.4206 13.9
      vertex 45.95 16.9794 13.9
    endloop
  endfacet
  facet normal 0 0 1
    outer loop
      vertex 45.8444 17.0315 13.9
      vertex 45.8444 15.3685 13.9
      vertex 45.95 15.4206 13.9
    endloop
  endfacet
  facet normal 0 0 1
    outer loop
      vertex 45.7329 17.0693 13.9
      vertex 45.8444 15.3685 13.9
      vertex 45.8444 17.0315 13.9
    endloop
  endfacet
  facet normal 0 0 1
    outer loop
      vertex 45.7329 17.0693 13.9
      vertex 45.7329 15.3307 13.9
      vertex 45.8444 15.3685 13.9
    endloop
  endfacet
  facet normal 0 0 1
    outer loop
      vertex 45.6175 17.0923 13.9
      vertex 45.7329 15.3307 13.9
      vertex 45.7329 17.0693 13.9
    endloop
  endfacet
  facet normal 0 0 1
    outer loop
      vertex 45.6175 17.0923 13.9
      vertex 45.6175 15.3077 13.9
      vertex 45.7329 15.3307 13.9
    endloop
  endfacet
  facet normal 0 0 1
    outer loop
      vertex 45.5 17.1 13.9
      vertex 45.6175 15.3077 13.9
      vertex 45.6175 17.0923 13.9
    endloop
  endfacet
  facet normal 0 0 1
    outer loop
      vertex 45.5 17.1 13.9
      vertex 45.5 15.3 13.9
      vertex 45.6175 15.3077 13.9
    endloop
  endfacet
  facet normal -0 0 1
    outer loop
      vertex 45.3825 17.0923 13.9
      vertex 45.5 15.3 13.9
      vertex 45.5 17.1 13.9
    endloop
  endfacet
  facet normal 0 0 1
    outer loop
      vertex 45.3825 17.0923 13.9
      vertex 45.3825 15.3077 13.9
      vertex 45.5 15.3 13.9
    endloop
  endfacet
  facet normal -0 0 1
    outer loop
      vertex 45.2671 17.0693 13.9
      vertex 45.3825 15.3077 13.9
      vertex 45.3825 17.0923 13.9
    endloop
  endfacet
  facet normal 0 0 1
    outer loop
      vertex 45.2671 17.0693 13.9
      vertex 45.2671 15.3307 13.9
      vertex 45.3825 15.3077 13.9
    endloop
  endfacet
  facet normal -0 0 1
    outer loop
      vertex 45.1556 17.0315 13.9
      vertex 45.2671 15.3307 13.9
      vertex 45.2671 17.0693 13.9
    endloop
  endfacet
  facet normal 0 0 1
    outer loop
      vertex 45.1556 17.0315 13.9
      vertex 45.1556 15.3685 13.9
      vertex 45.2671 15.3307 13.9
    endloop
  endfacet
  facet normal -0 0 1
    outer loop
      vertex 45.05 16.9794 13.9
      vertex 45.1556 15.3685 13.9
      vertex 45.1556 17.0315 13.9
    endloop
  endfacet
  facet normal 0 0 1
    outer loop
      vertex 45.05 16.9794 13.9
      vertex 45.05 15.4206 13.9
      vertex 45.1556 15.3685 13.9
    endloop
  endfacet
  facet normal -0 0 1
    outer loop
      vertex 44.9521 16.914 13.9
      vertex 45.05 15.4206 13.9
      vertex 45.05 16.9794 13.9
    endloop
  endfacet
  facet normal -0 0 1
    outer loop
      vertex 44.8422 15.588 13.9
      vertex 45.05 15.4206 13.9
      vertex 44.9521 16.914 13.9
    endloop
  endfacet
  facet normal 0 0 1
    outer loop
      vertex 44.8422 15.588 13.9
      vertex 44.9521 16.914 13.9
      vertex 44.8636 16.8364 13.9
    endloop
  endfacet
  facet normal 0 0 1
    outer loop
      vertex 45.05 15.4206 13.9
      vertex 44.8422 15.588 13.9
      vertex 44.9521 15.486 13.9
    endloop
  endfacet
  facet normal 0 0 1
    outer loop
      vertex 44.9521 15.486 13.9
      vertex 44.8422 15.588 13.9
      vertex 44.8636 15.5636 13.9
    endloop
  endfacet
  facet normal -0 0 1
    outer loop
      vertex 44.6021 16.1677 13.9
      vertex 44.8422 15.588 13.9
      vertex 44.8636 16.8364 13.9
    endloop
  endfacet
  facet normal 0 -0 1
    outer loop
      vertex 44.8137 15.3227 13.9
      vertex 44.8422 15.588 13.9
      vertex 44.6021 16.1677 13.9
    endloop
  endfacet
  facet normal 0 0 1
    outer loop
      vertex 44.6021 16.1677 13.9
      vertex 44.8636 16.8364 13.9
      vertex 44.786 16.7479 13.9
    endloop
  endfacet
  facet normal 0 0 1
    outer loop
      vertex 44.8422 15.588 13.9
      vertex 44.8137 15.3227 13.9
      vertex 44.8367 15.4382 13.9
    endloop
  endfacet
  facet normal 0 0 1
    outer loop
      vertex 44.8137 15.3227 13.9
      vertex 44.6021 16.1677 13.9
      vertex 44.7759 15.2112 13.9
    endloop
  endfacet
  facet normal 0 0 1
    outer loop
      vertex 44.6021 16.1677 13.9
      vertex 44.786 16.7479 13.9
      vertex 44.7206 16.65 13.9
    endloop
  endfacet
  facet normal 0 0 1
    outer loop
      vertex 44.6021 16.1677 13.9
      vertex 44.7206 16.65 13.9
      vertex 44.6685 16.5444 13.9
    endloop
  endfacet
  facet normal 0 0 1
    outer loop
      vertex 44.7759 15.2112 13.9
      vertex 44.6021 16.1677 13.9
      vertex 44.7238 15.1056 13.9
    endloop
  endfacet
  facet normal 0 0 1
    outer loop
      vertex 44.6021 16.1677 13.9
      vertex 44.6685 16.5444 13.9
      vertex 44.6307 16.4329 13.9
    endloop
  endfacet
  facet normal 0 0 1
    outer loop
      vertex 44.6021 16.1677 13.9
      vertex 44.6307 16.4329 13.9
      vertex 44.6077 16.3175 13.9
    endloop
  endfacet
  facet normal 0 0 1
    outer loop
      vertex 44.7238 15.1056 13.9
      vertex 44.6021 16.1677 13.9
      vertex 44.6584 15.0077 13.9
    endloop
  endfacet
  facet normal 0 0 1
    outer loop
      vertex 44.4922 16.2697 13.9
      vertex 44.6021 16.1677 13.9
      vertex 44.5808 16.192 13.9
    endloop
  endfacet
  facet normal 0 0 1
    outer loop
      vertex 44.6021 16.1677 13.9
      vertex 44.5808 14.9192 13.9
      vertex 44.6584 15.0077 13.9
    endloop
  endfacet
  facet normal 0 0 1
    outer loop
      vertex 44.3944 16.3351 13.9
      vertex 44.6021 16.1677 13.9
      vertex 44.4922 16.2697 13.9
    endloop
  endfacet
  facet normal 0 0 1
    outer loop
      vertex 44.6021 16.1677 13.9
      vertex 44.4922 14.8416 13.9
      vertex 44.5808 14.9192 13.9
    endloop
  endfacet
  facet normal 0 0 1
    outer loop
      vertex 44.6021 16.1677 13.9
      vertex 44.3944 16.3351 13.9
      vertex 44.4922 14.8416 13.9
    endloop
  endfacet
  facet normal 0 0 1
    outer loop
      vertex 44.3944 16.3351 13.9
      vertex 44.3944 14.7762 13.9
      vertex 44.4922 14.8416 13.9
    endloop
  endfacet
  facet normal 0 0 1
    outer loop
      vertex 44.2888 16.3871 13.9
      vertex 44.3944 14.7762 13.9
      vertex 44.3944 16.3351 13.9
    endloop
  endfacet
  facet normal 0 0 1
    outer loop
      vertex 44.2888 16.3871 13.9
      vertex 44.2888 14.7241 13.9
      vertex 44.3944 14.7762 13.9
    endloop
  endfacet
  facet normal 0 0 1
    outer loop
      vertex 44.1773 16.425 13.9
      vertex 44.2888 14.7241 13.9
      vertex 44.2888 16.3871 13.9
    endloop
  endfacet
  facet normal 0 0 1
    outer loop
      vertex 44.1773 16.425 13.9
      vertex 44.1773 14.6863 13.9
      vertex 44.2888 14.7241 13.9
    endloop
  endfacet
  facet normal 0 0 1
    outer loop
      vertex 44.0618 16.4479 13.9
      vertex 44.1773 14.6863 13.9
      vertex 44.1773 16.425 13.9
    endloop
  endfacet
  facet normal 0 0 1
    outer loop
      vertex 43.912 14.6578 13.9
      vertex 44.1773 14.6863 13.9
      vertex 44.0618 16.4479 13.9
    endloop
  endfacet
  facet normal 0 0 1
    outer loop
      vertex 43.912 14.6578 13.9
      vertex 44.0618 16.4479 13.9
      vertex 43.9444 16.4556 13.9
    endloop
  endfacet
  facet normal 0 0 1
    outer loop
      vertex 44.1773 14.6863 13.9
      vertex 43.912 14.6578 13.9
      vertex 44.0618 14.6633 13.9
    endloop
  endfacet
  facet normal 0 0 1
    outer loop
      vertex 44.0618 14.6633 13.9
      vertex 43.912 14.6578 13.9
      vertex 43.9444 14.6556 13.9
    endloop
  endfacet
  facet normal -0 0 1
    outer loop
      vertex 43.3323 14.8979 13.9
      vertex 43.912 14.6578 13.9
      vertex 43.8269 16.4479 13.9
    endloop
  endfacet
  facet normal -0 0 1
    outer loop
      vertex 43.8269 16.4479 13.9
      vertex 43.912 14.6578 13.9
      vertex 43.9444 16.4556 13.9
    endloop
  endfacet
  facet normal 0 0 1
    outer loop
      vertex 46.986 14.5479 13.9
      vertex 47.088 14.6578 13.9
      vertex 47.0636 14.6364 13.9
    endloop
  endfacet
  facet normal 0 0 1
    outer loop
      vertex 47.088 14.6578 13.9
      vertex 46.986 14.5479 13.9
      vertex 47.088 13.3422 13.9
    endloop
  endfacet
  facet normal -0 0 1
    outer loop
      vertex 46.986 13.4521 13.9
      vertex 47.088 13.3422 13.9
      vertex 46.986 14.5479 13.9
    endloop
  endfacet
  facet normal 0 0 1
    outer loop
      vertex 47.088 13.3422 13.9
      vertex 46.986 13.4521 13.9
      vertex 47.0636 13.3636 13.9
    endloop
  endfacet
  facet normal -0 0 1
    outer loop
      vertex 46.9206 14.45 13.9
      vertex 46.986 13.4521 13.9
      vertex 46.986 14.5479 13.9
    endloop
  endfacet
  facet normal 0 0 1
    outer loop
      vertex 46.9206 14.45 13.9
      vertex 46.9206 13.55 13.9
      vertex 46.986 13.4521 13.9
    endloop
  endfacet
  facet normal -0 0 1
    outer loop
      vertex 46.8685 14.3444 13.9
      vertex 46.9206 13.55 13.9
      vertex 46.9206 14.45 13.9
    endloop
  endfacet
  facet normal 0 0 1
    outer loop
      vertex 46.8685 14.3444 13.9
      vertex 46.8685 13.6556 13.9
      vertex 46.9206 13.55 13.9
    endloop
  endfacet
  facet normal -0 0 1
    outer loop
      vertex 46.8307 14.2329 13.9
      vertex 46.8685 13.6556 13.9
      vertex 46.8685 14.3444 13.9
    endloop
  endfacet
  facet normal 0 0 1
    outer loop
      vertex 46.8307 14.2329 13.9
      vertex 46.8307 13.7671 13.9
      vertex 46.8685 13.6556 13.9
    endloop
  endfacet
  facet normal -0 0 1
    outer loop
      vertex 46.8077 14.1175 13.9
      vertex 46.8307 13.7671 13.9
      vertex 46.8307 14.2329 13.9
    endloop
  endfacet
  facet normal 0 0 1
    outer loop
      vertex 46.8077 14.1175 13.9
      vertex 46.8077 13.8825 13.9
      vertex 46.8307 13.7671 13.9
    endloop
  endfacet
  facet normal 0 -0 1
    outer loop
      vertex 46.8077 13.8825 13.9
      vertex 46.8077 14.1175 13.9
      vertex 46.8 14 13.9
    endloop
  endfacet
  facet normal 0 0 1
    outer loop
      vertex 47.2886 11.575 13.9
      vertex 47.088 13.3422 13.9
      vertex 47.1731 11.5521 13.9
    endloop
  endfacet
  facet normal 0 0 1
    outer loop
      vertex 46.9382 13.3367 13.9
      vertex 47.088 13.3422 13.9
      vertex 47.0556 13.3444 13.9
    endloop
  endfacet
  facet normal 0 0 1
    outer loop
      vertex 47.088 13.3422 13.9
      vertex 47.0556 11.5444 13.9
      vertex 47.1731 11.5521 13.9
    endloop
  endfacet
  facet normal 0 0 1
    outer loop
      vertex 46.8227 13.3137 13.9
      vertex 47.088 13.3422 13.9
      vertex 46.9382 13.3367 13.9
    endloop
  endfacet
  facet normal 0 0 1
    outer loop
      vertex 47.088 13.3422 13.9
      vertex 46.9382 11.5521 13.9
      vertex 47.0556 11.5444 13.9
    endloop
  endfacet
  facet normal 0 0 1
    outer loop
      vertex 47.088 13.3422 13.9
      vertex 46.8227 13.3137 13.9
      vertex 46.9382 11.5521 13.9
    endloop
  endfacet
  facet normal 0 0 1
    outer loop
      vertex 46.8227 13.3137 13.9
      vertex 46.8227 11.575 13.9
      vertex 46.9382 11.5521 13.9
    endloop
  endfacet
  facet normal -0 0 1
    outer loop
      vertex 46.7112 13.2759 13.9
      vertex 46.8227 11.575 13.9
      vertex 46.8227 13.3137 13.9
    endloop
  endfacet
  facet normal 0 0 1
    outer loop
      vertex 46.7112 13.2759 13.9
      vertex 46.7112 11.6129 13.9
      vertex 46.8227 11.575 13.9
    endloop
  endfacet
  facet normal -0 0 1
    outer loop
      vertex 46.6056 13.2238 13.9
      vertex 46.7112 11.6129 13.9
      vertex 46.7112 13.2759 13.9
    endloop
  endfacet
  facet normal 0 0 1
    outer loop
      vertex 46.6056 13.2238 13.9
      vertex 46.6056 11.6649 13.9
      vertex 46.7112 11.6129 13.9
    endloop
  endfacet
  facet normal -0 0 1
    outer loop
      vertex 46.5078 13.1584 13.9
      vertex 46.6056 11.6649 13.9
      vertex 46.6056 13.2238 13.9
    endloop
  endfacet
  facet normal -0 0 1
    outer loop
      vertex 46.3979 11.8323 13.9
      vertex 46.6056 11.6649 13.9
      vertex 46.5078 13.1584 13.9
    endloop
  endfacet
  facet normal 0 0 1
    outer loop
      vertex 46.3979 11.8323 13.9
      vertex 46.5078 13.1584 13.9
      vertex 46.4192 13.0808 13.9
    endloop
  endfacet
  facet normal 0 0 1
    outer loop
      vertex 46.6056 11.6649 13.9
      vertex 46.3979 11.8323 13.9
      vertex 46.5078 11.7303 13.9
    endloop
  endfacet
  facet normal 0 0 1
    outer loop
      vertex 46.5078 11.7303 13.9
      vertex 46.3979 11.8323 13.9
      vertex 46.4192 11.808 13.9
    endloop
  endfacet
  facet normal -0 0 1
    outer loop
      vertex 46.1578 12.412 13.9
      vertex 46.3979 11.8323 13.9
      vertex 46.4192 13.0808 13.9
    endloop
  endfacet
  facet normal 0 -0 1
    outer loop
      vertex 46.3693 11.5671 13.9
      vertex 46.3979 11.8323 13.9
      vertex 46.1578 12.412 13.9
    endloop
  endfacet
  facet normal 0 0 1
    outer loop
      vertex 46.1578 12.412 13.9
      vertex 46.4192 13.0808 13.9
      vertex 46.3416 12.9922 13.9
    endloop
  endfacet
  facet normal 0 0 1
    outer loop
      vertex 46.3979 11.8323 13.9
      vertex 46.3693 11.5671 13.9
      vertex 46.3923 11.6825 13.9
    endloop
  endfacet
  facet normal 0 0 1
    outer loop
      vertex 46.3693 11.5671 13.9
      vertex 46.1578 12.412 13.9
      vertex 46.3315 11.4556 13.9
    endloop
  endfacet
  facet normal 0 0 1
    outer loop
      vertex 46.1578 12.412 13.9
      vertex 46.3416 12.9922 13.9
      vertex 46.2762 12.8944 13.9
    endloop
  endfacet
  facet normal 0 0 1
    outer loop
      vertex 46.1578 12.412 13.9
      vertex 46.2762 12.8944 13.9
      vertex 46.2241 12.7888 13.9
    endloop
  endfacet
  facet normal 0 0 1
    outer loop
      vertex 46.3315 11.4556 13.9
      vertex 46.1578 12.412 13.9
      vertex 46.2794 11.35 13.9
    endloop
  endfacet
  facet normal 0 0 1
    outer loop
      vertex 46.1578 12.412 13.9
      vertex 46.2241 12.7888 13.9
      vertex 46.1863 12.6773 13.9
    endloop
  endfacet
  facet normal 0 0 1
    outer loop
      vertex 46.1578 12.412 13.9
      vertex 46.1863 12.6773 13.9
      vertex 46.1633 12.5618 13.9
    endloop
  endfacet
  facet normal 0 0 1
    outer loop
      vertex 46.2794 11.35 13.9
      vertex 46.1578 12.412 13.9
      vertex 46.214 11.2521 13.9
    endloop
  endfacet
  facet normal 0 0 1
    outer loop
      vertex 46.0479 12.514 13.9
      vertex 46.1578 12.412 13.9
      vertex 46.1364 12.4364 13.9
    endloop
  endfacet
  facet normal 0 0 1
    outer loop
      vertex 46.1578 12.412 13.9
      vertex 46.1364 11.1636 13.9
      vertex 46.214 11.2521 13.9
    endloop
  endfacet
  facet normal 0 0 1
    outer loop
      vertex 45.95 12.5794 13.9
      vertex 46.1578 12.412 13.9
      vertex 46.0479 12.514 13.9
    endloop
  endfacet
  facet normal 0 0 1
    outer loop
      vertex 46.1578 12.412 13.9
      vertex 46.0479 11.086 13.9
      vertex 46.1364 11.1636 13.9
    endloop
  endfacet
  facet normal 0 0 1
    outer loop
      vertex 46.1578 12.412 13.9
      vertex 45.95 12.5794 13.9
      vertex 46.0479 11.086 13.9
    endloop
  endfacet
  facet normal 0 0 1
    outer loop
      vertex 45.95 12.5794 13.9
      vertex 45.95 11.0206 13.9
      vertex 46.0479 11.086 13.9
    endloop
  endfacet
  facet normal 0 0 1
    outer loop
      vertex 45.8444 12.6315 13.9
      vertex 45.95 11.0206 13.9
      vertex 45.95 12.5794 13.9
    endloop
  endfacet
  facet normal 0 0 1
    outer loop
      vertex 45.8444 12.6315 13.9
      vertex 45.8444 10.9685 13.9
      vertex 45.95 11.0206 13.9
    endloop
  endfacet
  facet normal 0 0 1
    outer loop
      vertex 45.7329 12.6693 13.9
      vertex 45.8444 10.9685 13.9
      vertex 45.8444 12.6315 13.9
    endloop
  endfacet
  facet normal 0 0 1
    outer loop
      vertex 45.7329 12.6693 13.9
      vertex 45.7329 10.9307 13.9
      vertex 45.8444 10.9685 13.9
    endloop
  endfacet
  facet normal 0 0 1
    outer loop
      vertex 45.6175 12.6923 13.9
      vertex 45.7329 10.9307 13.9
      vertex 45.7329 12.6693 13.9
    endloop
  endfacet
  facet normal 0 0 1
    outer loop
      vertex 45.6175 12.6923 13.9
      vertex 45.6175 10.9077 13.9
      vertex 45.7329 10.9307 13.9
    endloop
  endfacet
  facet normal 0 0 1
    outer loop
      vertex 45.5 12.7 13.9
      vertex 45.6175 10.9077 13.9
      vertex 45.6175 12.6923 13.9
    endloop
  endfacet
  facet normal 0 0 1
    outer loop
      vertex 45.5 12.7 13.9
      vertex 45.5 10.9 13.9
      vertex 45.6175 10.9077 13.9
    endloop
  endfacet
  facet normal -0 0 1
    outer loop
      vertex 45.3825 12.6923 13.9
      vertex 45.5 10.9 13.9
      vertex 45.5 12.7 13.9
    endloop
  endfacet
  facet normal 0 0 1
    outer loop
      vertex 45.3825 12.6923 13.9
      vertex 45.3825 10.9077 13.9
      vertex 45.5 10.9 13.9
    endloop
  endfacet
  facet normal -0 0 1
    outer loop
      vertex 45.2671 12.6693 13.9
      vertex 45.3825 10.9077 13.9
      vertex 45.3825 12.6923 13.9
    endloop
  endfacet
  facet normal 0 0 1
    outer loop
      vertex 45.2671 12.6693 13.9
      vertex 45.2671 10.9307 13.9
      vertex 45.3825 10.9077 13.9
    endloop
  endfacet
  facet normal -0 0 1
    outer loop
      vertex 45.1556 12.6315 13.9
      vertex 45.2671 10.9307 13.9
      vertex 45.2671 12.6693 13.9
    endloop
  endfacet
  facet normal 0 0 1
    outer loop
      vertex 45.1556 12.6315 13.9
      vertex 45.1556 10.9685 13.9
      vertex 45.2671 10.9307 13.9
    endloop
  endfacet
  facet normal -0 0 1
    outer loop
      vertex 45.05 12.5794 13.9
      vertex 45.1556 10.9685 13.9
      vertex 45.1556 12.6315 13.9
    endloop
  endfacet
  facet normal 0 0 1
    outer loop
      vertex 45.05 12.5794 13.9
      vertex 45.05 11.0206 13.9
      vertex 45.1556 10.9685 13.9
    endloop
  endfacet
  facet normal 0 0 1
    outer loop
      vertex 44.8422 12.412 13.9
      vertex 45.05 12.5794 13.9
      vertex 44.9521 12.514 13.9
    endloop
  endfacet
  facet normal 0 0 1
    outer loop
      vertex 45.05 12.5794 13.9
      vertex 44.8422 12.412 13.9
      vertex 45.05 11.0206 13.9
    endloop
  endfacet
  facet normal 0 0 1
    outer loop
      vertex 44.8422 12.412 13.9
      vertex 44.9521 12.514 13.9
      vertex 44.8636 12.4364 13.9
    endloop
  endfacet
  facet normal 0 0 1
    outer loop
      vertex 45.05 11.0206 13.9
      vertex 44.8422 12.412 13.9
      vertex 44.9521 11.086 13.9
    endloop
  endfacet
  facet normal 0 0 1
    outer loop
      vertex 44.9521 11.086 13.9
      vertex 44.8422 12.412 13.9
      vertex 44.8636 11.1636 13.9
    endloop
  endfacet
  facet normal 0 0 1
    outer loop
      vertex 44.8137 12.6773 13.9
      vertex 44.8422 12.412 13.9
      vertex 44.8367 12.5618 13.9
    endloop
  endfacet
  facet normal 0 0 1
    outer loop
      vertex 44.8422 12.412 13.9
      vertex 44.8137 12.6773 13.9
      vertex 44.6021 11.8323 13.9
    endloop
  endfacet
  facet normal 0 0 1
    outer loop
      vertex 44.8422 12.412 13.9
      vertex 44.6021 11.8323 13.9
      vertex 44.8636 11.1636 13.9
    endloop
  endfacet
  facet normal 0 0 1
    outer loop
      vertex 44.6021 11.8323 13.9
      vertex 44.8137 12.6773 13.9
      vertex 44.7759 12.7888 13.9
    endloop
  endfacet
  facet normal 0 0 1
    outer loop
      vertex 44.6021 11.8323 13.9
      vertex 44.7759 12.7888 13.9
      vertex 44.7238 12.8944 13.9
    endloop
  endfacet
  facet normal 0 0 1
    outer loop
      vertex 44.8636 11.1636 13.9
      vertex 44.6021 11.8323 13.9
      vertex 44.786 11.2521 13.9
    endloop
  endfacet
  facet normal 0 0 1
    outer loop
      vertex 44.786 11.2521 13.9
      vertex 44.6021 11.8323 13.9
      vertex 44.7206 11.35 13.9
    endloop
  endfacet
  facet normal 0 0 1
    outer loop
      vertex 44.6021 11.8323 13.9
      vertex 44.7238 12.8944 13.9
      vertex 44.6584 12.9922 13.9
    endloop
  endfacet
  facet normal 0 0 1
    outer loop
      vertex 44.7206 11.35 13.9
      vertex 44.6021 11.8323 13.9
      vertex 44.6685 11.4556 13.9
    endloop
  endfacet
  facet normal 0 0 1
    outer loop
      vertex 44.6685 11.4556 13.9
      vertex 44.6021 11.8323 13.9
      vertex 44.6307 11.5671 13.9
    endloop
  endfacet
  facet normal 0 0 1
    outer loop
      vertex 44.6307 11.5671 13.9
      vertex 44.6021 11.8323 13.9
      vertex 44.6077 11.6825 13.9
    endloop
  endfacet
  facet normal 0 0 1
    outer loop
      vertex 44.5808 13.0808 13.9
      vertex 44.6021 11.8323 13.9
      vertex 44.6584 12.9922 13.9
    endloop
  endfacet
  facet normal 0 0 1
    outer loop
      vertex 44.4922 13.1584 13.9
      vertex 44.6021 11.8323 13.9
      vertex 44.5808 13.0808 13.9
    endloop
  endfacet
  facet normal 0 0 1
    outer loop
      vertex 44.3944 13.2238 13.9
      vertex 44.6021 11.8323 13.9
      vertex 44.4922 13.1584 13.9
    endloop
  endfacet
  facet normal 0 0 1
    outer loop
      vertex 44.6021 11.8323 13.9
      vertex 44.4922 11.7303 13.9
      vertex 44.5808 11.808 13.9
    endloop
  endfacet
  facet normal 0 0 1
    outer loop
      vertex 44.3944 11.6649 13.9
      vertex 44.6021 11.8323 13.9
      vertex 44.3944 13.2238 13.9
    endloop
  endfacet
  facet normal 0 0 1
    outer loop
      vertex 44.6021 11.8323 13.9
      vertex 44.3944 11.6649 13.9
      vertex 44.4922 11.7303 13.9
    endloop
  endfacet
  facet normal 0 0 1
    outer loop
      vertex 44.2888 13.2759 13.9
      vertex 44.3944 11.6649 13.9
      vertex 44.3944 13.2238 13.9
    endloop
  endfacet
  facet normal 0 0 1
    outer loop
      vertex 44.2888 13.2759 13.9
      vertex 44.2888 11.6129 13.9
      vertex 44.3944 11.6649 13.9
    endloop
  endfacet
  facet normal 0 0 1
    outer loop
      vertex 44.1773 13.3137 13.9
      vertex 44.2888 11.6129 13.9
      vertex 44.2888 13.2759 13.9
    endloop
  endfacet
  facet normal 0 0 1
    outer loop
      vertex 44.1773 13.3137 13.9
      vertex 44.1773 11.575 13.9
      vertex 44.2888 11.6129 13.9
    endloop
  endfacet
  facet normal 0 0 1
    outer loop
      vertex 43.912 13.3422 13.9
      vertex 44.1773 13.3137 13.9
      vertex 44.0618 13.3367 13.9
    endloop
  endfacet
  facet normal 0 0 1
    outer loop
      vertex 44.1773 13.3137 13.9
      vertex 43.912 13.3422 13.9
      vertex 44.1773 11.575 13.9
    endloop
  endfacet
  facet normal -0 0 1
    outer loop
      vertex 43.912 13.3422 13.9
      vertex 44.0618 13.3367 13.9
      vertex 43.9444 13.3444 13.9
    endloop
  endfacet
  facet normal 0 0 1
    outer loop
      vertex 44.1773 11.575 13.9
      vertex 43.912 13.3422 13.9
      vertex 44.0618 11.5521 13.9
    endloop
  endfacet
  facet normal 0 0 1
    outer loop
      vertex 44.0618 11.5521 13.9
      vertex 43.912 13.3422 13.9
      vertex 43.9444 11.5444 13.9
    endloop
  endfacet
  facet normal 0 0 1
    outer loop
      vertex 43.912 14.6578 13.9
      vertex 43.3323 14.8979 13.9
      vertex 43.912 13.3422 13.9
    endloop
  endfacet
  facet normal 0 0 1
    outer loop
      vertex 43.3323 13.1021 13.9
      vertex 43.912 13.3422 13.9
      vertex 43.3323 14.8979 13.9
    endloop
  endfacet
  facet normal 0 0 1
    outer loop
      vertex 43.3323 14.8979 13.9
      vertex 43.8269 16.4479 13.9
      vertex 43.7114 16.425 13.9
    endloop
  endfacet
  facet normal 0 0 1
    outer loop
      vertex 43.912 13.3422 13.9
      vertex 43.3323 13.1021 13.9
      vertex 43.9444 11.5444 13.9
    endloop
  endfacet
  facet normal 0 0 1
    outer loop
      vertex 43.3323 14.8979 13.9
      vertex 43.7114 16.425 13.9
      vertex 43.5999 16.3871 13.9
    endloop
  endfacet
  facet normal 0 0 1
    outer loop
      vertex 43.9444 11.5444 13.9
      vertex 43.3323 13.1021 13.9
      vertex 43.8269 11.5521 13.9
    endloop
  endfacet
  facet normal 0 0 1
    outer loop
      vertex 43.3323 14.8979 13.9
      vertex 43.5999 16.3871 13.9
      vertex 43.4944 16.3351 13.9
    endloop
  endfacet
  facet normal 0 0 1
    outer loop
      vertex 43.8269 11.5521 13.9
      vertex 43.3323 13.1021 13.9
      vertex 43.7114 11.575 13.9
    endloop
  endfacet
  facet normal 0 0 1
    outer loop
      vertex 43.3323 14.8979 13.9
      vertex 43.4944 16.3351 13.9
      vertex 43.3965 16.2697 13.9
    endloop
  endfacet
  facet normal 0 0 1
    outer loop
      vertex 43.7114 11.575 13.9
      vertex 43.3323 13.1021 13.9
      vertex 43.5999 11.6129 13.9
    endloop
  endfacet
  facet normal 0 0 1
    outer loop
      vertex 43.5999 11.6129 13.9
      vertex 43.3323 13.1021 13.9
      vertex 43.4944 11.6649 13.9
    endloop
  endfacet
  facet normal -0 0 1
    outer loop
      vertex 43.308 16.192 13.9
      vertex 43.3323 14.8979 13.9
      vertex 43.3965 16.2697 13.9
    endloop
  endfacet
  facet normal -0 0 1
    outer loop
      vertex 43.2303 16.1035 13.9
      vertex 43.3323 14.8979 13.9
      vertex 43.308 16.192 13.9
    endloop
  endfacet
  facet normal -0 0 1
    outer loop
      vertex 43.2303 15.0077 13.9
      vertex 43.3323 14.8979 13.9
      vertex 43.2303 16.1035 13.9
    endloop
  endfacet
  facet normal 0 0 1
    outer loop
      vertex 43.3323 14.8979 13.9
      vertex 43.2303 15.0077 13.9
      vertex 43.308 14.9192 13.9
    endloop
  endfacet
  facet normal -0 0 1
    outer loop
      vertex 43.1649 16.0056 13.9
      vertex 43.2303 15.0077 13.9
      vertex 43.2303 16.1035 13.9
    endloop
  endfacet
  facet normal 0 0 1
    outer loop
      vertex 43.1649 16.0056 13.9
      vertex 43.1649 15.1056 13.9
      vertex 43.2303 15.0077 13.9
    endloop
  endfacet
  facet normal -0 0 1
    outer loop
      vertex 43.1129 15.9 13.9
      vertex 43.1649 15.1056 13.9
      vertex 43.1649 16.0056 13.9
    endloop
  endfacet
  facet normal 0 0 1
    outer loop
      vertex 43.1129 15.9 13.9
      vertex 43.1129 15.2112 13.9
      vertex 43.1649 15.1056 13.9
    endloop
  endfacet
  facet normal -0 0 1
    outer loop
      vertex 43.075 15.7886 13.9
      vertex 43.1129 15.2112 13.9
      vertex 43.1129 15.9 13.9
    endloop
  endfacet
  facet normal 0 0 1
    outer loop
      vertex 43.075 15.7886 13.9
      vertex 43.075 15.3227 13.9
      vertex 43.1129 15.2112 13.9
    endloop
  endfacet
  facet normal -0 0 1
    outer loop
      vertex 43.0521 15.6731 13.9
      vertex 43.075 15.3227 13.9
      vertex 43.075 15.7886 13.9
    endloop
  endfacet
  facet normal 0 0 1
    outer loop
      vertex 43.0521 15.6731 13.9
      vertex 43.0521 15.4382 13.9
      vertex 43.075 15.3227 13.9
    endloop
  endfacet
  facet normal 0 -0 1
    outer loop
      vertex 43.0521 15.4382 13.9
      vertex 43.0521 15.6731 13.9
      vertex 43.0444 15.5556 13.9
    endloop
  endfacet
  facet normal 0 0 1
    outer loop
      vertex 43.1825 14.8923 13.9
      vertex 43.3323 14.8979 13.9
      vertex 43.3 14.9 13.9
    endloop
  endfacet
  facet normal 0 0 1
    outer loop
      vertex 43.0671 14.8693 13.9
      vertex 43.3323 14.8979 13.9
      vertex 43.1825 14.8923 13.9
    endloop
  endfacet
  facet normal 0 0 1
    outer loop
      vertex 43.3323 14.8979 13.9
      vertex 43.0671 14.8693 13.9
      vertex 43.3323 13.1021 13.9
    endloop
  endfacet
  facet normal 0 0 1
    outer loop
      vertex 43.3323 13.1021 13.9
      vertex 43.1825 13.1077 13.9
      vertex 43.3 13.1 13.9
    endloop
  endfacet
  facet normal -0 0 1
    outer loop
      vertex 43.0671 13.1307 13.9
      vertex 43.3323 13.1021 13.9
      vertex 43.0671 14.8693 13.9
    endloop
  endfacet
  facet normal 0 0 1
    outer loop
      vertex 43.3323 13.1021 13.9
      vertex 43.0671 13.1307 13.9
      vertex 43.1825 13.1077 13.9
    endloop
  endfacet
  facet normal -0 0 1
    outer loop
      vertex 42.9556 14.8315 13.9
      vertex 43.0671 13.1307 13.9
      vertex 43.0671 14.8693 13.9
    endloop
  endfacet
  facet normal 0 0 1
    outer loop
      vertex 42.9556 14.8315 13.9
      vertex 42.9556 13.1685 13.9
      vertex 43.0671 13.1307 13.9
    endloop
  endfacet
  facet normal -0 0 1
    outer loop
      vertex 42.85 14.7794 13.9
      vertex 42.9556 13.1685 13.9
      vertex 42.9556 14.8315 13.9
    endloop
  endfacet
  facet normal 0 0 1
    outer loop
      vertex 42.85 14.7794 13.9
      vertex 42.85 13.2206 13.9
      vertex 42.9556 13.1685 13.9
    endloop
  endfacet
  facet normal -0 0 1
    outer loop
      vertex 42.7521 14.714 13.9
      vertex 42.85 13.2206 13.9
      vertex 42.85 14.7794 13.9
    endloop
  endfacet
  facet normal 0 0 1
    outer loop
      vertex 42.7521 14.714 13.9
      vertex 42.7521 13.286 13.9
      vertex 42.85 13.2206 13.9
    endloop
  endfacet
  facet normal -0 0 1
    outer loop
      vertex 42.6636 14.6364 13.9
      vertex 42.7521 13.286 13.9
      vertex 42.7521 14.714 13.9
    endloop
  endfacet
  facet normal 0 0 1
    outer loop
      vertex 42.6636 14.6364 13.9
      vertex 42.6636 13.3636 13.9
      vertex 42.7521 13.286 13.9
    endloop
  endfacet
  facet normal -0 0 1
    outer loop
      vertex 42.586 14.5479 13.9
      vertex 42.6636 13.3636 13.9
      vertex 42.6636 14.6364 13.9
    endloop
  endfacet
  facet normal 0 0 1
    outer loop
      vertex 42.586 14.5479 13.9
      vertex 42.586 13.4521 13.9
      vertex 42.6636 13.3636 13.9
    endloop
  endfacet
  facet normal -0 0 1
    outer loop
      vertex 42.5206 14.45 13.9
      vertex 42.586 13.4521 13.9
      vertex 42.586 14.5479 13.9
    endloop
  endfacet
  facet normal 0 0 1
    outer loop
      vertex 42.5206 14.45 13.9
      vertex 42.5206 13.55 13.9
      vertex 42.586 13.4521 13.9
    endloop
  endfacet
  facet normal -0 0 1
    outer loop
      vertex 42.4685 14.3444 13.9
      vertex 42.5206 13.55 13.9
      vertex 42.5206 14.45 13.9
    endloop
  endfacet
  facet normal 0 0 1
    outer loop
      vertex 42.4685 14.3444 13.9
      vertex 42.4685 13.6556 13.9
      vertex 42.5206 13.55 13.9
    endloop
  endfacet
  facet normal -0 0 1
    outer loop
      vertex 42.4307 14.2329 13.9
      vertex 42.4685 13.6556 13.9
      vertex 42.4685 14.3444 13.9
    endloop
  endfacet
  facet normal 0 0 1
    outer loop
      vertex 42.4307 14.2329 13.9
      vertex 42.4307 13.7671 13.9
      vertex 42.4685 13.6556 13.9
    endloop
  endfacet
  facet normal -0 0 1
    outer loop
      vertex 42.4077 14.1175 13.9
      vertex 42.4307 13.7671 13.9
      vertex 42.4307 14.2329 13.9
    endloop
  endfacet
  facet normal 0 0 1
    outer loop
      vertex 42.4077 14.1175 13.9
      vertex 42.4077 13.8825 13.9
      vertex 42.4307 13.7671 13.9
    endloop
  endfacet
  facet normal 0 -0 1
    outer loop
      vertex 42.4077 13.8825 13.9
      vertex 42.4077 14.1175 13.9
      vertex 42.4 14 13.9
    endloop
  endfacet
  facet normal 0 0 1
    outer loop
      vertex 43.4944 11.6649 13.9
      vertex 43.3323 13.1021 13.9
      vertex 43.3965 11.7303 13.9
    endloop
  endfacet
  facet normal 0 0 1
    outer loop
      vertex 43.2303 12.9922 13.9
      vertex 43.3323 13.1021 13.9
      vertex 43.308 13.0808 13.9
    endloop
  endfacet
  facet normal 0 0 1
    outer loop
      vertex 43.3323 13.1021 13.9
      vertex 43.308 11.808 13.9
      vertex 43.3965 11.7303 13.9
    endloop
  endfacet
  facet normal 0 0 1
    outer loop
      vertex 43.3323 13.1021 13.9
      vertex 43.2303 12.9922 13.9
      vertex 43.308 11.808 13.9
    endloop
  endfacet
  facet normal 0 0 1
    outer loop
      vertex 43.2303 12.9922 13.9
      vertex 43.2303 11.8965 13.9
      vertex 43.308 11.808 13.9
    endloop
  endfacet
  facet normal -0 0 1
    outer loop
      vertex 43.1649 12.8944 13.9
      vertex 43.2303 11.8965 13.9
      vertex 43.2303 12.9922 13.9
    endloop
  endfacet
  facet normal 0 0 1
    outer loop
      vertex 43.1649 12.8944 13.9
      vertex 43.1649 11.9944 13.9
      vertex 43.2303 11.8965 13.9
    endloop
  endfacet
  facet normal -0 0 1
    outer loop
      vertex 43.1129 12.7888 13.9
      vertex 43.1649 11.9944 13.9
      vertex 43.1649 12.8944 13.9
    endloop
  endfacet
  facet normal 0 0 1
    outer loop
      vertex 43.1129 12.7888 13.9
      vertex 43.1129 12.0999 13.9
      vertex 43.1649 11.9944 13.9
    endloop
  endfacet
  facet normal -0 0 1
    outer loop
      vertex 43.075 12.6773 13.9
      vertex 43.1129 12.0999 13.9
      vertex 43.1129 12.7888 13.9
    endloop
  endfacet
  facet normal 0 0 1
    outer loop
      vertex 43.075 12.6773 13.9
      vertex 43.075 12.2114 13.9
      vertex 43.1129 12.0999 13.9
    endloop
  endfacet
  facet normal -0 0 1
    outer loop
      vertex 43.0521 12.5618 13.9
      vertex 43.075 12.2114 13.9
      vertex 43.075 12.6773 13.9
    endloop
  endfacet
  facet normal 0 0 1
    outer loop
      vertex 43.0521 12.5618 13.9
      vertex 43.0521 12.3269 13.9
      vertex 43.075 12.2114 13.9
    endloop
  endfacet
  facet normal 0 -0 1
    outer loop
      vertex 43.0521 12.3269 13.9
      vertex 43.0521 12.5618 13.9
      vertex 43.0444 12.4444 13.9
    endloop
  endfacet
  facet normal 0 0 1
    outer loop
      vertex 44.6077 16.3175 13.9
      vertex 44.6 16.2 13.9
      vertex 44.6021 16.1677 13.9
    endloop
  endfacet
  facet normal 0 0 1
    outer loop
      vertex 44.6077 11.6825 13.9
      vertex 44.6021 11.8323 13.9
      vertex 44.6 11.8 13.9
    endloop
  endfacet
  facet normal 0 0 1
    outer loop
      vertex 44.1923 14.1175 13.9
      vertex 44.1923 13.8825 13.9
      vertex 44.2 14 13.9
    endloop
  endfacet
  facet normal 0 0 1
    outer loop
      vertex 44.1693 14.2329 13.9
      vertex 44.1923 13.8825 13.9
      vertex 44.1923 14.1175 13.9
    endloop
  endfacet
  facet normal 0 0 1
    outer loop
      vertex 44.1693 14.2329 13.9
      vertex 44.1693 13.7671 13.9
      vertex 44.1923 13.8825 13.9
    endloop
  endfacet
  facet normal 0 0 1
    outer loop
      vertex 44.1315 14.3444 13.9
      vertex 44.1693 13.7671 13.9
      vertex 44.1693 14.2329 13.9
    endloop
  endfacet
  facet normal 0 0 1
    outer loop
      vertex 44.1315 14.3444 13.9
      vertex 44.1315 13.6556 13.9
      vertex 44.1693 13.7671 13.9
    endloop
  endfacet
  facet normal 0 0 1
    outer loop
      vertex 44.0794 14.45 13.9
      vertex 44.1315 13.6556 13.9
      vertex 44.1315 14.3444 13.9
    endloop
  endfacet
  facet normal 0 0 1
    outer loop
      vertex 44.0794 14.45 13.9
      vertex 44.0794 13.55 13.9
      vertex 44.1315 13.6556 13.9
    endloop
  endfacet
  facet normal 0 0 1
    outer loop
      vertex 44.014 14.5479 13.9
      vertex 44.0794 13.55 13.9
      vertex 44.0794 14.45 13.9
    endloop
  endfacet
  facet normal 0 0 1
    outer loop
      vertex 44.014 14.5479 13.9
      vertex 44.014 13.4521 13.9
      vertex 44.0794 13.55 13.9
    endloop
  endfacet
  facet normal 0 0 1
    outer loop
      vertex 43.912 14.6578 13.9
      vertex 44.014 14.5479 13.9
      vertex 43.9364 14.6364 13.9
    endloop
  endfacet
  facet normal 0 0 1
    outer loop
      vertex 44.014 14.5479 13.9
      vertex 43.912 14.6578 13.9
      vertex 44.014 13.4521 13.9
    endloop
  endfacet
  facet normal 0 0 1
    outer loop
      vertex 43.912 13.3422 13.9
      vertex 44.014 13.4521 13.9
      vertex 43.912 14.6578 13.9
    endloop
  endfacet
  facet normal 0 0 1
    outer loop
      vertex 44.014 13.4521 13.9
      vertex 43.912 13.3422 13.9
      vertex 43.9364 13.3636 13.9
    endloop
  endfacet
  facet normal 0 0 1
    outer loop
      vertex 44.8444 12.4444 13.9
      vertex 44.8367 12.5618 13.9
      vertex 44.8422 12.412 13.9
    endloop
  endfacet
  facet normal 0 0 1
    outer loop
      vertex 46.1633 12.5618 13.9
      vertex 46.1556 12.4444 13.9
      vertex 46.1578 12.412 13.9
    endloop
  endfacet
  facet normal 0 0 1
    outer loop
      vertex 46.4 11.8 13.9
      vertex 46.3979 11.8323 13.9
      vertex 46.3923 11.6825 13.9
    endloop
  endfacet
  facet normal 0 0 1
    outer loop
      vertex 46.1633 15.4382 13.9
      vertex 46.1578 15.588 13.9
      vertex 46.1556 15.5556 13.9
    endloop
  endfacet
  facet normal 0 0 1
    outer loop
      vertex 44.8444 15.5556 13.9
      vertex 44.8422 15.588 13.9
      vertex 44.8367 15.4382 13.9
    endloop
  endfacet
  facet normal -0.831527 -0.555484 0
    outer loop
      vertex 48.4794 14.45 13.9
      vertex 48.414 14.5479 16
      vertex 48.414 14.5479 13.9
    endloop
  endfacet
  facet normal -0.831527 -0.555484 0
    outer loop
      vertex 48.414 14.5479 16
      vertex 48.4794 14.45 13.9
      vertex 48.4794 14.45 16
    endloop
  endfacet
  facet normal -0.321065 -0.947057 0
    outer loop
      vertex 47.9329 14.8693 13.9
      vertex 48.0444 14.8315 16
      vertex 47.9329 14.8693 16
    endloop
  endfacet
  facet normal -0.321065 -0.947057 -0
    outer loop
      vertex 48.0444 14.8315 16
      vertex 47.9329 14.8693 13.9
      vertex 48.0444 14.8315 13.9
    endloop
  endfacet
  facet normal 0.947057 -0.321065 0
    outer loop
      vertex 46.8307 14.2329 16
      vertex 46.8685 14.3444 13.9
      vertex 46.8685 14.3444 16
    endloop
  endfacet
  facet normal 0.947057 -0.321065 0
    outer loop
      vertex 46.8685 14.3444 13.9
      vertex 46.8307 14.2329 16
      vertex 46.8307 14.2329 13.9
    endloop
  endfacet
  facet normal -0.99786 0.0653917 0
    outer loop
      vertex 48.5923 13.8825 13.9
      vertex 48.6 14 16
      vertex 48.6 14 13.9
    endloop
  endfacet
  facet normal -0.99786 0.0653917 0
    outer loop
      vertex 48.6 14 16
      vertex 48.5923 13.8825 13.9
      vertex 48.5923 13.8825 16
    endloop
  endfacet
  facet normal -0.442452 0.896792 0
    outer loop
      vertex 48.15 13.2206 13.9
      vertex 48.0444 13.1685 16
      vertex 48.15 13.2206 16
    endloop
  endfacet
  facet normal -0.442452 0.896792 0
    outer loop
      vertex 48.0444 13.1685 16
      vertex 48.15 13.2206 13.9
      vertex 48.0444 13.1685 13.9
    endloop
  endfacet
  facet normal -0.980711 -0.195462 0
    outer loop
      vertex 48.5923 14.1175 13.9
      vertex 48.5693 14.2329 16
      vertex 48.5693 14.2329 13.9
    endloop
  endfacet
  facet normal -0.980711 -0.195462 0
    outer loop
      vertex 48.5693 14.2329 16
      vertex 48.5923 14.1175 13.9
      vertex 48.5923 14.1175 16
    endloop
  endfacet
  facet normal 0.0648785 -0.997893 0
    outer loop
      vertex 47.6677 14.8979 13.9
      vertex 47.7 14.9 16
      vertex 47.6677 14.8979 16
    endloop
  endfacet
  facet normal 0.0648785 -0.997893 0
    outer loop
      vertex 47.7 14.9 16
      vertex 47.6677 14.8979 13.9
      vertex 47.7 14.9 13.9
    endloop
  endfacet
  facet normal 0.99786 -0.0653917 0
    outer loop
      vertex 46.8 14 16
      vertex 46.8077 14.1175 13.9
      vertex 46.8077 14.1175 16
    endloop
  endfacet
  facet normal 0.99786 -0.0653917 0
    outer loop
      vertex 46.8077 14.1175 13.9
      vertex 46.8 14 16
      vertex 46.8 14 13.9
    endloop
  endfacet
  facet normal 0.831527 -0.555484 0
    outer loop
      vertex 46.9206 14.45 16
      vertex 46.986 14.5479 13.9
      vertex 46.986 14.5479 16
    endloop
  endfacet
  facet normal 0.831527 -0.555484 0
    outer loop
      vertex 46.986 14.5479 13.9
      vertex 46.9206 14.45 16
      vertex 46.9206 14.45 13.9
    endloop
  endfacet
  facet normal 0.659377 -0.751813 0
    outer loop
      vertex 47.0636 14.6364 13.9
      vertex 47.088 14.6578 16
      vertex 47.0636 14.6364 16
    endloop
  endfacet
  facet normal 0.659377 -0.751813 0
    outer loop
      vertex 47.088 14.6578 16
      vertex 47.0636 14.6364 13.9
      vertex 47.088 14.6578 13.9
    endloop
  endfacet
  facet normal -0.99786 -0.0653917 0
    outer loop
      vertex 48.6 14 13.9
      vertex 48.5923 14.1175 16
      vertex 48.5923 14.1175 13.9
    endloop
  endfacet
  facet normal -0.99786 -0.0653917 0
    outer loop
      vertex 48.5923 14.1175 16
      vertex 48.6 14 13.9
      vertex 48.6 14 16
    endloop
  endfacet
  facet normal -0.321065 0.947057 0
    outer loop
      vertex 48.0444 13.1685 13.9
      vertex 47.9329 13.1307 16
      vertex 48.0444 13.1685 16
    endloop
  endfacet
  facet normal -0.321065 0.947057 0
    outer loop
      vertex 47.9329 13.1307 16
      vertex 48.0444 13.1685 13.9
      vertex 47.9329 13.1307 13.9
    endloop
  endfacet
  facet normal -0.555484 0.831527 0
    outer loop
      vertex 48.2479 13.286 13.9
      vertex 48.15 13.2206 16
      vertex 48.2479 13.286 16
    endloop
  endfacet
  facet normal -0.555484 0.831527 0
    outer loop
      vertex 48.15 13.2206 16
      vertex 48.2479 13.286 13.9
      vertex 48.15 13.2206 13.9
    endloop
  endfacet
  facet normal -0.659286 -0.751892 0
    outer loop
      vertex 48.2479 14.714 13.9
      vertex 48.3364 14.6364 16
      vertex 48.2479 14.714 16
    endloop
  endfacet
  facet normal -0.659286 -0.751892 -0
    outer loop
      vertex 48.3364 14.6364 16
      vertex 48.2479 14.714 13.9
      vertex 48.3364 14.6364 13.9
    endloop
  endfacet
  facet normal -0.195462 -0.980711 0
    outer loop
      vertex 47.8175 14.8923 13.9
      vertex 47.9329 14.8693 16
      vertex 47.8175 14.8923 16
    endloop
  endfacet
  facet normal -0.195462 -0.980711 -0
    outer loop
      vertex 47.9329 14.8693 16
      vertex 47.8175 14.8923 13.9
      vertex 47.9329 14.8693 13.9
    endloop
  endfacet
  facet normal -0.0653917 -0.99786 0
    outer loop
      vertex 47.7 14.9 13.9
      vertex 47.8175 14.8923 16
      vertex 47.7 14.9 16
    endloop
  endfacet
  facet normal -0.0653917 -0.99786 -0
    outer loop
      vertex 47.8175 14.8923 16
      vertex 47.7 14.9 13.9
      vertex 47.8175 14.8923 13.9
    endloop
  endfacet
  facet normal -0.555484 -0.831527 0
    outer loop
      vertex 48.15 14.7794 13.9
      vertex 48.2479 14.714 16
      vertex 48.15 14.7794 16
    endloop
  endfacet
  facet normal -0.555484 -0.831527 -0
    outer loop
      vertex 48.2479 14.714 16
      vertex 48.15 14.7794 13.9
      vertex 48.2479 14.714 13.9
    endloop
  endfacet
  facet normal -0.442452 -0.896792 0
    outer loop
      vertex 48.0444 14.8315 13.9
      vertex 48.15 14.7794 16
      vertex 48.0444 14.8315 16
    endloop
  endfacet
  facet normal -0.442452 -0.896792 -0
    outer loop
      vertex 48.15 14.7794 16
      vertex 48.0444 14.8315 13.9
      vertex 48.15 14.7794 13.9
    endloop
  endfacet
  facet normal 0.99786 0.0653917 0
    outer loop
      vertex 46.8077 13.8825 16
      vertex 46.8 14 13.9
      vertex 46.8 14 16
    endloop
  endfacet
  facet normal 0.99786 0.0653917 0
    outer loop
      vertex 46.8 14 13.9
      vertex 46.8077 13.8825 16
      vertex 46.8077 13.8825 13.9
    endloop
  endfacet
  facet normal 0.980711 -0.195462 0
    outer loop
      vertex 46.8077 14.1175 16
      vertex 46.8307 14.2329 13.9
      vertex 46.8307 14.2329 16
    endloop
  endfacet
  facet normal 0.980711 -0.195462 0
    outer loop
      vertex 46.8307 14.2329 13.9
      vertex 46.8077 14.1175 16
      vertex 46.8077 14.1175 13.9
    endloop
  endfacet
  facet normal 0.896792 -0.442452 0
    outer loop
      vertex 46.8685 14.3444 16
      vertex 46.9206 14.45 13.9
      vertex 46.9206 14.45 16
    endloop
  endfacet
  facet normal 0.896792 -0.442452 0
    outer loop
      vertex 46.9206 14.45 13.9
      vertex 46.8685 14.3444 16
      vertex 46.8685 14.3444 13.9
    endloop
  endfacet
  facet normal 0.751892 -0.659286 0
    outer loop
      vertex 46.986 14.5479 16
      vertex 47.0636 14.6364 13.9
      vertex 47.0636 14.6364 16
    endloop
  endfacet
  facet normal 0.751892 -0.659286 0
    outer loop
      vertex 47.0636 14.6364 13.9
      vertex 46.986 14.5479 16
      vertex 46.986 14.5479 13.9
    endloop
  endfacet
  facet normal -0.980711 0.195462 0
    outer loop
      vertex 48.5693 13.7671 13.9
      vertex 48.5923 13.8825 16
      vertex 48.5923 13.8825 13.9
    endloop
  endfacet
  facet normal -0.980711 0.195462 0
    outer loop
      vertex 48.5923 13.8825 16
      vertex 48.5693 13.7671 13.9
      vertex 48.5693 13.7671 16
    endloop
  endfacet
  facet normal 0.980711 0.195462 0
    outer loop
      vertex 46.8307 13.7671 16
      vertex 46.8077 13.8825 13.9
      vertex 46.8077 13.8825 16
    endloop
  endfacet
  facet normal 0.980711 0.195462 0
    outer loop
      vertex 46.8077 13.8825 13.9
      vertex 46.8307 13.7671 16
      vertex 46.8307 13.7671 13.9
    endloop
  endfacet
  facet normal 0.947057 0.321065 0
    outer loop
      vertex 46.8685 13.6556 16
      vertex 46.8307 13.7671 13.9
      vertex 46.8307 13.7671 16
    endloop
  endfacet
  facet normal 0.947057 0.321065 0
    outer loop
      vertex 46.8307 13.7671 13.9
      vertex 46.8685 13.6556 16
      vertex 46.8685 13.6556 13.9
    endloop
  endfacet
  facet normal 0.831527 0.555484 0
    outer loop
      vertex 46.986 13.4521 16
      vertex 46.9206 13.55 13.9
      vertex 46.9206 13.55 16
    endloop
  endfacet
  facet normal 0.831527 0.555484 0
    outer loop
      vertex 46.9206 13.55 13.9
      vertex 46.986 13.4521 16
      vertex 46.986 13.4521 13.9
    endloop
  endfacet
  facet normal -0.195462 0.980711 0
    outer loop
      vertex 47.9329 13.1307 13.9
      vertex 47.8175 13.1077 16
      vertex 47.9329 13.1307 16
    endloop
  endfacet
  facet normal -0.195462 0.980711 0
    outer loop
      vertex 47.8175 13.1077 16
      vertex 47.9329 13.1307 13.9
      vertex 47.8175 13.1077 13.9
    endloop
  endfacet
  facet normal -0.896792 -0.442452 0
    outer loop
      vertex 48.5315 14.3444 13.9
      vertex 48.4794 14.45 16
      vertex 48.4794 14.45 13.9
    endloop
  endfacet
  facet normal -0.896792 -0.442452 0
    outer loop
      vertex 48.4794 14.45 16
      vertex 48.5315 14.3444 13.9
      vertex 48.5315 14.3444 16
    endloop
  endfacet
  facet normal -0.947057 -0.321065 0
    outer loop
      vertex 48.5693 14.2329 13.9
      vertex 48.5315 14.3444 16
      vertex 48.5315 14.3444 13.9
    endloop
  endfacet
  facet normal -0.947057 -0.321065 0
    outer loop
      vertex 48.5315 14.3444 16
      vertex 48.5693 14.2329 13.9
      vertex 48.5693 14.2329 16
    endloop
  endfacet
  facet normal -0.751892 -0.659286 0
    outer loop
      vertex 48.414 14.5479 13.9
      vertex 48.3364 14.6364 16
      vertex 48.3364 14.6364 13.9
    endloop
  endfacet
  facet normal -0.751892 -0.659286 0
    outer loop
      vertex 48.3364 14.6364 16
      vertex 48.414 14.5479 13.9
      vertex 48.414 14.5479 16
    endloop
  endfacet
  facet normal -0.659286 0.751892 0
    outer loop
      vertex 48.3364 13.3636 13.9
      vertex 48.2479 13.286 16
      vertex 48.3364 13.3636 16
    endloop
  endfacet
  facet normal -0.659286 0.751892 0
    outer loop
      vertex 48.2479 13.286 16
      vertex 48.3364 13.3636 13.9
      vertex 48.2479 13.286 13.9
    endloop
  endfacet
  facet normal -0.831527 0.555484 0
    outer loop
      vertex 48.414 13.4521 13.9
      vertex 48.4794 13.55 16
      vertex 48.4794 13.55 13.9
    endloop
  endfacet
  facet normal -0.831527 0.555484 0
    outer loop
      vertex 48.4794 13.55 16
      vertex 48.414 13.4521 13.9
      vertex 48.414 13.4521 16
    endloop
  endfacet
  facet normal -0.0653917 0.99786 0
    outer loop
      vertex 47.8175 13.1077 13.9
      vertex 47.7 13.1 16
      vertex 47.8175 13.1077 16
    endloop
  endfacet
  facet normal -0.0653917 0.99786 0
    outer loop
      vertex 47.7 13.1 16
      vertex 47.8175 13.1077 13.9
      vertex 47.7 13.1 13.9
    endloop
  endfacet
  facet normal 0.896792 0.442452 0
    outer loop
      vertex 46.9206 13.55 16
      vertex 46.8685 13.6556 13.9
      vertex 46.8685 13.6556 16
    endloop
  endfacet
  facet normal 0.896792 0.442452 0
    outer loop
      vertex 46.8685 13.6556 13.9
      vertex 46.9206 13.55 16
      vertex 46.9206 13.55 13.9
    endloop
  endfacet
  facet normal -0.947057 0.321065 0
    outer loop
      vertex 48.5315 13.6556 13.9
      vertex 48.5693 13.7671 16
      vertex 48.5693 13.7671 13.9
    endloop
  endfacet
  facet normal -0.947057 0.321065 0
    outer loop
      vertex 48.5693 13.7671 16
      vertex 48.5315 13.6556 13.9
      vertex 48.5315 13.6556 16
    endloop
  endfacet
  facet normal -0.896792 0.442452 0
    outer loop
      vertex 48.4794 13.55 13.9
      vertex 48.5315 13.6556 16
      vertex 48.5315 13.6556 13.9
    endloop
  endfacet
  facet normal -0.896792 0.442452 0
    outer loop
      vertex 48.5315 13.6556 16
      vertex 48.4794 13.55 13.9
      vertex 48.4794 13.55 16
    endloop
  endfacet
  facet normal 0.0648785 0.997893 -0
    outer loop
      vertex 47.7 13.1 13.9
      vertex 47.6677 13.1021 16
      vertex 47.7 13.1 16
    endloop
  endfacet
  facet normal 0.0648785 0.997893 0
    outer loop
      vertex 47.6677 13.1021 16
      vertex 47.7 13.1 13.9
      vertex 47.6677 13.1021 13.9
    endloop
  endfacet
  facet normal 0.659377 0.751813 -0
    outer loop
      vertex 47.088 13.3422 13.9
      vertex 47.0636 13.3636 16
      vertex 47.088 13.3422 16
    endloop
  endfacet
  facet normal 0.659377 0.751813 0
    outer loop
      vertex 47.0636 13.3636 16
      vertex 47.088 13.3422 13.9
      vertex 47.0636 13.3636 13.9
    endloop
  endfacet
  facet normal 0.751892 0.659286 0
    outer loop
      vertex 47.0636 13.3636 16
      vertex 46.986 13.4521 13.9
      vertex 46.986 13.4521 16
    endloop
  endfacet
  facet normal 0.751892 0.659286 0
    outer loop
      vertex 46.986 13.4521 13.9
      vertex 47.0636 13.3636 16
      vertex 47.0636 13.3636 13.9
    endloop
  endfacet
  facet normal -0.751892 0.659286 0
    outer loop
      vertex 48.3364 13.3636 13.9
      vertex 48.414 13.4521 16
      vertex 48.414 13.4521 13.9
    endloop
  endfacet
  facet normal -0.751892 0.659286 0
    outer loop
      vertex 48.414 13.4521 16
      vertex 48.3364 13.3636 13.9
      vertex 48.3364 13.3636 16
    endloop
  endfacet
  facet normal -0.99786 -0.0653917 0
    outer loop
      vertex 47.9556 15.5556 13.9
      vertex 47.9479 15.6731 16
      vertex 47.9479 15.6731 13.9
    endloop
  endfacet
  facet normal -0.99786 -0.0653917 0
    outer loop
      vertex 47.9479 15.6731 16
      vertex 47.9556 15.5556 13.9
      vertex 47.9556 15.5556 16
    endloop
  endfacet
  facet normal 0.997703 -0.0677452 0
    outer loop
      vertex 46.1556 15.5556 16
      vertex 46.1578 15.588 13.9
      vertex 46.1578 15.588 16
    endloop
  endfacet
  facet normal 0.997703 -0.0677452 0
    outer loop
      vertex 46.1578 15.588 13.9
      vertex 46.1556 15.5556 16
      vertex 46.1556 15.5556 13.9
    endloop
  endfacet
  facet normal 0.0654471 -0.997856 0
    outer loop
      vertex 46.9382 16.4479 13.9
      vertex 47.0556 16.4556 16
      vertex 46.9382 16.4479 16
    endloop
  endfacet
  facet normal 0.0654471 -0.997856 0
    outer loop
      vertex 47.0556 16.4556 16
      vertex 46.9382 16.4479 13.9
      vertex 47.0556 16.4556 13.9
    endloop
  endfacet
  facet normal -0.0677452 0.997703 0
    outer loop
      vertex 47.088 14.6578 13.9
      vertex 47.0556 14.6556 16
      vertex 47.088 14.6578 16
    endloop
  endfacet
  facet normal -0.0677452 0.997703 0
    outer loop
      vertex 47.0556 14.6556 16
      vertex 47.088 14.6578 13.9
      vertex 47.0556 14.6556 13.9
    endloop
  endfacet
  facet normal -0.659766 -0.751471 0
    outer loop
      vertex 47.6035 16.2697 13.9
      vertex 47.692 16.192 16
      vertex 47.6035 16.2697 16
    endloop
  endfacet
  facet normal -0.659766 -0.751471 -0
    outer loop
      vertex 47.692 16.192 16
      vertex 47.6035 16.2697 13.9
      vertex 47.692 16.192 13.9
    endloop
  endfacet
  facet normal 0.659345 -0.75184 0
    outer loop
      vertex 46.4192 16.192 13.9
      vertex 46.5078 16.2697 16
      vertex 46.4192 16.192 16
    endloop
  endfacet
  facet normal 0.659345 -0.75184 0
    outer loop
      vertex 46.5078 16.2697 16
      vertex 46.4192 16.192 13.9
      vertex 46.5078 16.2697 13.9
    endloop
  endfacet
  facet normal 0.441768 -0.897129 0
    outer loop
      vertex 46.6056 16.3351 13.9
      vertex 46.7112 16.3871 16
      vertex 46.6056 16.3351 16
    endloop
  endfacet
  facet normal 0.441768 -0.897129 0
    outer loop
      vertex 46.7112 16.3871 16
      vertex 46.6056 16.3351 13.9
      vertex 46.7112 16.3871 13.9
    endloop
  endfacet
  facet normal -0.831527 0.555484 0
    outer loop
      vertex 47.7697 15.0077 13.9
      vertex 47.8351 15.1056 16
      vertex 47.8351 15.1056 13.9
    endloop
  endfacet
  facet normal -0.831527 0.555484 0
    outer loop
      vertex 47.8351 15.1056 16
      vertex 47.7697 15.0077 13.9
      vertex 47.7697 15.0077 16
    endloop
  endfacet
  facet normal -0.897129 -0.441768 0
    outer loop
      vertex 47.8871 15.9 13.9
      vertex 47.8351 16.0056 16
      vertex 47.8351 16.0056 13.9
    endloop
  endfacet
  facet normal -0.897129 -0.441768 0
    outer loop
      vertex 47.8351 16.0056 16
      vertex 47.8871 15.9 13.9
      vertex 47.8871 15.9 16
    endloop
  endfacet
  facet normal -0.980906 -0.194483 0
    outer loop
      vertex 47.9479 15.6731 13.9
      vertex 47.925 15.7886 16
      vertex 47.925 15.7886 13.9
    endloop
  endfacet
  facet normal -0.980906 -0.194483 0
    outer loop
      vertex 47.925 15.7886 16
      vertex 47.9479 15.6731 13.9
      vertex 47.9479 15.6731 16
    endloop
  endfacet
  facet normal -0.322086 -0.946711 0
    outer loop
      vertex 47.2886 16.425 13.9
      vertex 47.4 16.3871 16
      vertex 47.2886 16.425 16
    endloop
  endfacet
  facet normal -0.322086 -0.946711 -0
    outer loop
      vertex 47.4 16.3871 16
      vertex 47.2886 16.425 13.9
      vertex 47.4 16.3871 13.9
    endloop
  endfacet
  facet normal -0.194483 -0.980906 0
    outer loop
      vertex 47.1731 16.4479 13.9
      vertex 47.2886 16.425 16
      vertex 47.1731 16.4479 16
    endloop
  endfacet
  facet normal -0.194483 -0.980906 -0
    outer loop
      vertex 47.2886 16.425 16
      vertex 47.1731 16.4479 13.9
      vertex 47.2886 16.425 13.9
    endloop
  endfacet
  facet normal -0.555484 -0.831527 0
    outer loop
      vertex 47.5056 16.3351 13.9
      vertex 47.6035 16.2697 16
      vertex 47.5056 16.3351 16
    endloop
  endfacet
  facet normal -0.555484 -0.831527 -0
    outer loop
      vertex 47.6035 16.2697 16
      vertex 47.5056 16.3351 13.9
      vertex 47.6035 16.2697 13.9
    endloop
  endfacet
  facet normal 0.555877 -0.831265 0
    outer loop
      vertex 46.5078 16.2697 13.9
      vertex 46.6056 16.3351 16
      vertex 46.5078 16.2697 16
    endloop
  endfacet
  facet normal 0.555877 -0.831265 0
    outer loop
      vertex 46.6056 16.3351 16
      vertex 46.5078 16.2697 13.9
      vertex 46.6056 16.3351 13.9
    endloop
  endfacet
  facet normal 0.194483 -0.980906 0
    outer loop
      vertex 46.8227 16.425 13.9
      vertex 46.9382 16.4479 16
      vertex 46.8227 16.425 16
    endloop
  endfacet
  facet normal 0.194483 -0.980906 0
    outer loop
      vertex 46.9382 16.4479 16
      vertex 46.8227 16.425 13.9
      vertex 46.9382 16.4479 13.9
    endloop
  endfacet
  facet normal -0.980906 0.194483 0
    outer loop
      vertex 47.925 15.3227 13.9
      vertex 47.9479 15.4382 16
      vertex 47.9479 15.4382 13.9
    endloop
  endfacet
  facet normal -0.980906 0.194483 0
    outer loop
      vertex 47.9479 15.4382 16
      vertex 47.925 15.3227 13.9
      vertex 47.925 15.3227 16
    endloop
  endfacet
  facet normal -0.946711 -0.322086 0
    outer loop
      vertex 47.925 15.7886 13.9
      vertex 47.8871 15.9 16
      vertex 47.8871 15.9 13.9
    endloop
  endfacet
  facet normal -0.946711 -0.322086 0
    outer loop
      vertex 47.8871 15.9 16
      vertex 47.925 15.7886 13.9
      vertex 47.925 15.7886 16
    endloop
  endfacet
  facet normal -0.751471 -0.659766 0
    outer loop
      vertex 47.7697 16.1035 13.9
      vertex 47.692 16.192 16
      vertex 47.692 16.192 13.9
    endloop
  endfacet
  facet normal -0.751471 -0.659766 0
    outer loop
      vertex 47.692 16.192 16
      vertex 47.7697 16.1035 13.9
      vertex 47.7697 16.1035 16
    endloop
  endfacet
  facet normal -0.831527 -0.555484 0
    outer loop
      vertex 47.8351 16.0056 13.9
      vertex 47.7697 16.1035 16
      vertex 47.7697 16.1035 13.9
    endloop
  endfacet
  facet normal -0.831527 -0.555484 0
    outer loop
      vertex 47.7697 16.1035 16
      vertex 47.8351 16.0056 13.9
      vertex 47.8351 16.0056 16
    endloop
  endfacet
  facet normal -0.0653917 -0.99786 0
    outer loop
      vertex 47.0556 16.4556 13.9
      vertex 47.1731 16.4479 16
      vertex 47.0556 16.4556 16
    endloop
  endfacet
  facet normal -0.0653917 -0.99786 -0
    outer loop
      vertex 47.1731 16.4479 16
      vertex 47.0556 16.4556 13.9
      vertex 47.1731 16.4479 13.9
    endloop
  endfacet
  facet normal -0.441768 -0.897129 0
    outer loop
      vertex 47.4 16.3871 13.9
      vertex 47.5056 16.3351 16
      vertex 47.4 16.3871 16
    endloop
  endfacet
  facet normal -0.441768 -0.897129 -0
    outer loop
      vertex 47.5056 16.3351 16
      vertex 47.4 16.3871 13.9
      vertex 47.5056 16.3351 13.9
    endloop
  endfacet
  facet normal 0.752001 -0.659162 0
    outer loop
      vertex 46.3979 16.1677 16
      vertex 46.4192 16.192 13.9
      vertex 46.4192 16.192 16
    endloop
  endfacet
  facet normal 0.752001 -0.659162 0
    outer loop
      vertex 46.4192 16.192 13.9
      vertex 46.3979 16.1677 16
      vertex 46.3979 16.1677 13.9
    endloop
  endfacet
  facet normal 0.321827 -0.946799 0
    outer loop
      vertex 46.7112 16.3871 13.9
      vertex 46.8227 16.425 16
      vertex 46.7112 16.3871 16
    endloop
  endfacet
  facet normal 0.321827 -0.946799 0
    outer loop
      vertex 46.8227 16.425 16
      vertex 46.7112 16.3871 13.9
      vertex 46.8227 16.425 13.9
    endloop
  endfacet
  facet normal -0.997856 0.0654471 0
    outer loop
      vertex 47.9479 15.4382 13.9
      vertex 47.9556 15.5556 16
      vertex 47.9556 15.5556 13.9
    endloop
  endfacet
  facet normal -0.997856 0.0654471 0
    outer loop
      vertex 47.9556 15.5556 16
      vertex 47.9479 15.4382 13.9
      vertex 47.9479 15.4382 16
    endloop
  endfacet
  facet normal -0.751471 0.659766 0
    outer loop
      vertex 47.692 14.9192 13.9
      vertex 47.7697 15.0077 16
      vertex 47.7697 15.0077 13.9
    endloop
  endfacet
  facet normal -0.751471 0.659766 0
    outer loop
      vertex 47.7697 15.0077 16
      vertex 47.692 14.9192 13.9
      vertex 47.692 14.9192 16
    endloop
  endfacet
  facet normal 0.658865 0.752261 -0
    outer loop
      vertex 46.5078 14.8416 13.9
      vertex 46.4192 14.9192 16
      vertex 46.5078 14.8416 16
    endloop
  endfacet
  facet normal 0.658865 0.752261 0
    outer loop
      vertex 46.4192 14.9192 16
      vertex 46.5078 14.8416 13.9
      vertex 46.4192 14.9192 13.9
    endloop
  endfacet
  facet normal 0.896792 0.442452 0
    outer loop
      vertex 46.2762 15.1056 16
      vertex 46.2241 15.2112 13.9
      vertex 46.2241 15.2112 16
    endloop
  endfacet
  facet normal 0.896792 0.442452 0
    outer loop
      vertex 46.2241 15.2112 13.9
      vertex 46.2762 15.1056 16
      vertex 46.2762 15.1056 13.9
    endloop
  endfacet
  facet normal 0.831527 0.555484 0
    outer loop
      vertex 46.3416 15.0077 16
      vertex 46.2762 15.1056 13.9
      vertex 46.2762 15.1056 16
    endloop
  endfacet
  facet normal 0.831527 0.555484 0
    outer loop
      vertex 46.2762 15.1056 13.9
      vertex 46.3416 15.0077 16
      vertex 46.3416 15.0077 13.9
    endloop
  endfacet
  facet normal 0.997856 0.0654471 0
    outer loop
      vertex 46.1633 15.4382 16
      vertex 46.1556 15.5556 13.9
      vertex 46.1556 15.5556 16
    endloop
  endfacet
  facet normal 0.997856 0.0654471 0
    outer loop
      vertex 46.1556 15.5556 13.9
      vertex 46.1633 15.4382 16
      vertex 46.1633 15.4382 13.9
    endloop
  endfacet
  facet normal -0.897129 0.441768 0
    outer loop
      vertex 47.8351 15.1056 13.9
      vertex 47.8871 15.2112 16
      vertex 47.8871 15.2112 13.9
    endloop
  endfacet
  facet normal -0.897129 0.441768 0
    outer loop
      vertex 47.8871 15.2112 16
      vertex 47.8351 15.1056 13.9
      vertex 47.8351 15.1056 16
    endloop
  endfacet
  facet normal 0.751892 0.659286 0
    outer loop
      vertex 46.4192 14.9192 16
      vertex 46.3416 15.0077 13.9
      vertex 46.3416 15.0077 16
    endloop
  endfacet
  facet normal 0.751892 0.659286 0
    outer loop
      vertex 46.3416 15.0077 13.9
      vertex 46.4192 14.9192 16
      vertex 46.4192 14.9192 13.9
    endloop
  endfacet
  facet normal 0.980744 0.1953 0
    outer loop
      vertex 46.1863 15.3227 16
      vertex 46.1633 15.4382 13.9
      vertex 46.1633 15.4382 16
    endloop
  endfacet
  facet normal 0.980744 0.1953 0
    outer loop
      vertex 46.1633 15.4382 13.9
      vertex 46.1863 15.3227 16
      vertex 46.1863 15.3227 13.9
    endloop
  endfacet
  facet normal 0.947057 0.321065 0
    outer loop
      vertex 46.2241 15.2112 16
      vertex 46.1863 15.3227 13.9
      vertex 46.1863 15.3227 16
    endloop
  endfacet
  facet normal 0.947057 0.321065 0
    outer loop
      vertex 46.1863 15.3227 13.9
      vertex 46.2241 15.2112 16
      vertex 46.2241 15.2112 13.9
    endloop
  endfacet
  facet normal -0.659162 0.752001 0
    outer loop
      vertex 47.692 14.9192 13.9
      vertex 47.6677 14.8979 16
      vertex 47.692 14.9192 16
    endloop
  endfacet
  facet normal -0.659162 0.752001 0
    outer loop
      vertex 47.6677 14.8979 16
      vertex 47.692 14.9192 13.9
      vertex 47.6677 14.8979 13.9
    endloop
  endfacet
  facet normal -0.946799 0.321827 0
    outer loop
      vertex 47.8871 15.2112 13.9
      vertex 47.925 15.3227 16
      vertex 47.925 15.3227 13.9
    endloop
  endfacet
  facet normal -0.946799 0.321827 0
    outer loop
      vertex 47.925 15.3227 16
      vertex 47.8871 15.2112 13.9
      vertex 47.8871 15.2112 16
    endloop
  endfacet
  facet normal 0.1953 0.980744 -0
    outer loop
      vertex 46.9382 14.6633 13.9
      vertex 46.8227 14.6863 16
      vertex 46.9382 14.6633 16
    endloop
  endfacet
  facet normal 0.1953 0.980744 0
    outer loop
      vertex 46.8227 14.6863 16
      vertex 46.9382 14.6633 13.9
      vertex 46.8227 14.6863 13.9
    endloop
  endfacet
  facet normal 0.0654471 0.997856 -0
    outer loop
      vertex 47.0556 14.6556 13.9
      vertex 46.9382 14.6633 16
      vertex 47.0556 14.6556 16
    endloop
  endfacet
  facet normal 0.0654471 0.997856 0
    outer loop
      vertex 46.9382 14.6633 16
      vertex 47.0556 14.6556 13.9
      vertex 46.9382 14.6633 13.9
    endloop
  endfacet
  facet normal 0.555877 0.831265 -0
    outer loop
      vertex 46.6056 14.7762 13.9
      vertex 46.5078 14.8416 16
      vertex 46.6056 14.7762 16
    endloop
  endfacet
  facet normal 0.555877 0.831265 0
    outer loop
      vertex 46.5078 14.8416 16
      vertex 46.6056 14.7762 13.9
      vertex 46.5078 14.8416 13.9
    endloop
  endfacet
  facet normal 0.321065 0.947057 -0
    outer loop
      vertex 46.8227 14.6863 13.9
      vertex 46.7112 14.7241 16
      vertex 46.8227 14.6863 16
    endloop
  endfacet
  facet normal 0.321065 0.947057 0
    outer loop
      vertex 46.7112 14.7241 16
      vertex 46.8227 14.6863 13.9
      vertex 46.7112 14.7241 13.9
    endloop
  endfacet
  facet normal 0.442452 0.896792 -0
    outer loop
      vertex 46.7112 14.7241 13.9
      vertex 46.6056 14.7762 16
      vertex 46.7112 14.7241 16
    endloop
  endfacet
  facet normal 0.442452 0.896792 0
    outer loop
      vertex 46.6056 14.7762 16
      vertex 46.7112 14.7241 13.9
      vertex 46.6056 14.7762 13.9
    endloop
  endfacet
  facet normal -0.99786 -0.0653917 0
    outer loop
      vertex 46.4 16.2 13.9
      vertex 46.3923 16.3175 16
      vertex 46.3923 16.3175 13.9
    endloop
  endfacet
  facet normal -0.99786 -0.0653917 0
    outer loop
      vertex 46.3923 16.3175 16
      vertex 46.4 16.2 13.9
      vertex 46.4 16.2 16
    endloop
  endfacet
  facet normal 0.99786 -0.0653917 0
    outer loop
      vertex 44.6 16.2 16
      vertex 44.6077 16.3175 13.9
      vertex 44.6077 16.3175 16
    endloop
  endfacet
  facet normal 0.99786 -0.0653917 0
    outer loop
      vertex 44.6077 16.3175 13.9
      vertex 44.6 16.2 16
      vertex 44.6 16.2 13.9
    endloop
  endfacet
  facet normal -0.0653917 -0.99786 0
    outer loop
      vertex 45.5 17.1 13.9
      vertex 45.6175 17.0923 16
      vertex 45.5 17.1 16
    endloop
  endfacet
  facet normal -0.0653917 -0.99786 -0
    outer loop
      vertex 45.6175 17.0923 16
      vertex 45.5 17.1 13.9
      vertex 45.6175 17.0923 13.9
    endloop
  endfacet
  facet normal -0.659286 -0.751892 0
    outer loop
      vertex 46.0479 16.914 13.9
      vertex 46.1364 16.8364 16
      vertex 46.0479 16.914 16
    endloop
  endfacet
  facet normal -0.659286 -0.751892 -0
    outer loop
      vertex 46.1364 16.8364 16
      vertex 46.0479 16.914 13.9
      vertex 46.1364 16.8364 13.9
    endloop
  endfacet
  facet normal 0.659286 -0.751892 0
    outer loop
      vertex 44.8636 16.8364 13.9
      vertex 44.9521 16.914 16
      vertex 44.8636 16.8364 16
    endloop
  endfacet
  facet normal 0.659286 -0.751892 0
    outer loop
      vertex 44.9521 16.914 16
      vertex 44.8636 16.8364 13.9
      vertex 44.9521 16.914 13.9
    endloop
  endfacet
  facet normal 0.321065 -0.947057 0
    outer loop
      vertex 45.1556 17.0315 13.9
      vertex 45.2671 17.0693 16
      vertex 45.1556 17.0315 16
    endloop
  endfacet
  facet normal 0.321065 -0.947057 0
    outer loop
      vertex 45.2671 17.0693 16
      vertex 45.1556 17.0315 13.9
      vertex 45.2671 17.0693 13.9
    endloop
  endfacet
  facet normal -0.896792 -0.442452 0
    outer loop
      vertex 46.3315 16.5444 13.9
      vertex 46.2794 16.65 16
      vertex 46.2794 16.65 13.9
    endloop
  endfacet
  facet normal -0.896792 -0.442452 0
    outer loop
      vertex 46.2794 16.65 16
      vertex 46.3315 16.5444 13.9
      vertex 46.3315 16.5444 16
    endloop
  endfacet
  facet normal -0.831527 -0.555484 0
    outer loop
      vertex 46.2794 16.65 13.9
      vertex 46.214 16.7479 16
      vertex 46.214 16.7479 13.9
    endloop
  endfacet
  facet normal -0.831527 -0.555484 0
    outer loop
      vertex 46.214 16.7479 16
      vertex 46.2794 16.65 13.9
      vertex 46.2794 16.65 16
    endloop
  endfacet
  facet normal -0.321065 -0.947057 0
    outer loop
      vertex 45.7329 17.0693 13.9
      vertex 45.8444 17.0315 16
      vertex 45.7329 17.0693 16
    endloop
  endfacet
  facet normal -0.321065 -0.947057 -0
    outer loop
      vertex 45.8444 17.0315 16
      vertex 45.7329 17.0693 13.9
      vertex 45.8444 17.0315 13.9
    endloop
  endfacet
  facet normal -0.195462 -0.980711 0
    outer loop
      vertex 45.6175 17.0923 13.9
      vertex 45.7329 17.0693 16
      vertex 45.6175 17.0923 16
    endloop
  endfacet
  facet normal -0.195462 -0.980711 -0
    outer loop
      vertex 45.7329 17.0693 16
      vertex 45.6175 17.0923 13.9
      vertex 45.7329 17.0693 13.9
    endloop
  endfacet
  facet normal -0.555484 -0.831527 0
    outer loop
      vertex 45.95 16.9794 13.9
      vertex 46.0479 16.914 16
      vertex 45.95 16.9794 16
    endloop
  endfacet
  facet normal -0.555484 -0.831527 -0
    outer loop
      vertex 46.0479 16.914 16
      vertex 45.95 16.9794 13.9
      vertex 46.0479 16.914 13.9
    endloop
  endfacet
  facet normal 0.831527 -0.555484 0
    outer loop
      vertex 44.7206 16.65 16
      vertex 44.786 16.7479 13.9
      vertex 44.786 16.7479 16
    endloop
  endfacet
  facet normal 0.831527 -0.555484 0
    outer loop
      vertex 44.786 16.7479 13.9
      vertex 44.7206 16.65 16
      vertex 44.7206 16.65 13.9
    endloop
  endfacet
  facet normal 0.751892 -0.659286 0
    outer loop
      vertex 44.786 16.7479 16
      vertex 44.8636 16.8364 13.9
      vertex 44.8636 16.8364 16
    endloop
  endfacet
  facet normal 0.751892 -0.659286 0
    outer loop
      vertex 44.8636 16.8364 13.9
      vertex 44.786 16.7479 16
      vertex 44.786 16.7479 13.9
    endloop
  endfacet
  facet normal 0.555484 -0.831527 0
    outer loop
      vertex 44.9521 16.914 13.9
      vertex 45.05 16.9794 16
      vertex 44.9521 16.914 16
    endloop
  endfacet
  facet normal 0.555484 -0.831527 0
    outer loop
      vertex 45.05 16.9794 16
      vertex 44.9521 16.914 13.9
      vertex 45.05 16.9794 13.9
    endloop
  endfacet
  facet normal 0.195462 -0.980711 0
    outer loop
      vertex 45.2671 17.0693 13.9
      vertex 45.3825 17.0923 16
      vertex 45.2671 17.0693 16
    endloop
  endfacet
  facet normal 0.195462 -0.980711 0
    outer loop
      vertex 45.3825 17.0923 16
      vertex 45.2671 17.0693 13.9
      vertex 45.3825 17.0923 13.9
    endloop
  endfacet
  facet normal -0.321065 0.947057 0
    outer loop
      vertex 45.8444 15.3685 13.9
      vertex 45.7329 15.3307 16
      vertex 45.8444 15.3685 16
    endloop
  endfacet
  facet normal -0.321065 0.947057 0
    outer loop
      vertex 45.7329 15.3307 16
      vertex 45.8444 15.3685 13.9
      vertex 45.7329 15.3307 13.9
    endloop
  endfacet
  facet normal -0.751813 0.659377 0
    outer loop
      vertex 46.1364 15.5636 13.9
      vertex 46.1578 15.588 16
      vertex 46.1578 15.588 13.9
    endloop
  endfacet
  facet normal -0.751813 0.659377 0
    outer loop
      vertex 46.1578 15.588 16
      vertex 46.1364 15.5636 13.9
      vertex 46.1364 15.5636 16
    endloop
  endfacet
  facet normal -0.555484 0.831527 0
    outer loop
      vertex 46.0479 15.486 13.9
      vertex 45.95 15.4206 16
      vertex 46.0479 15.486 16
    endloop
  endfacet
  facet normal -0.555484 0.831527 0
    outer loop
      vertex 45.95 15.4206 16
      vertex 46.0479 15.486 13.9
      vertex 45.95 15.4206 13.9
    endloop
  endfacet
  facet normal 0.321065 0.947057 -0
    outer loop
      vertex 45.2671 15.3307 13.9
      vertex 45.1556 15.3685 16
      vertex 45.2671 15.3307 16
    endloop
  endfacet
  facet normal 0.321065 0.947057 0
    outer loop
      vertex 45.1556 15.3685 16
      vertex 45.2671 15.3307 13.9
      vertex 45.1556 15.3685 13.9
    endloop
  endfacet
  facet normal 0.751813 0.659377 0
    outer loop
      vertex 44.8636 15.5636 16
      vertex 44.8422 15.588 13.9
      vertex 44.8422 15.588 16
    endloop
  endfacet
  facet normal 0.751813 0.659377 0
    outer loop
      vertex 44.8422 15.588 13.9
      vertex 44.8636 15.5636 16
      vertex 44.8636 15.5636 13.9
    endloop
  endfacet
  facet normal 0.997893 0.0648785 0
    outer loop
      vertex 44.6021 16.1677 16
      vertex 44.6 16.2 13.9
      vertex 44.6 16.2 16
    endloop
  endfacet
  facet normal 0.997893 0.0648785 0
    outer loop
      vertex 44.6 16.2 13.9
      vertex 44.6021 16.1677 16
      vertex 44.6021 16.1677 13.9
    endloop
  endfacet
  facet normal -0.947057 -0.321065 0
    outer loop
      vertex 46.3693 16.4329 13.9
      vertex 46.3315 16.5444 16
      vertex 46.3315 16.5444 13.9
    endloop
  endfacet
  facet normal -0.947057 -0.321065 0
    outer loop
      vertex 46.3315 16.5444 16
      vertex 46.3693 16.4329 13.9
      vertex 46.3693 16.4329 16
    endloop
  endfacet
  facet normal -0.980711 -0.195462 0
    outer loop
      vertex 46.3923 16.3175 13.9
      vertex 46.3693 16.4329 16
      vertex 46.3693 16.4329 13.9
    endloop
  endfacet
  facet normal -0.980711 -0.195462 0
    outer loop
      vertex 46.3693 16.4329 16
      vertex 46.3923 16.3175 13.9
      vertex 46.3923 16.3175 16
    endloop
  endfacet
  facet normal -0.442452 -0.896792 0
    outer loop
      vertex 45.8444 17.0315 13.9
      vertex 45.95 16.9794 16
      vertex 45.8444 17.0315 16
    endloop
  endfacet
  facet normal -0.442452 -0.896792 -0
    outer loop
      vertex 45.95 16.9794 16
      vertex 45.8444 17.0315 13.9
      vertex 45.95 16.9794 13.9
    endloop
  endfacet
  facet normal 0.896792 -0.442452 0
    outer loop
      vertex 44.6685 16.5444 16
      vertex 44.7206 16.65 13.9
      vertex 44.7206 16.65 16
    endloop
  endfacet
  facet normal 0.896792 -0.442452 0
    outer loop
      vertex 44.7206 16.65 13.9
      vertex 44.6685 16.5444 16
      vertex 44.6685 16.5444 13.9
    endloop
  endfacet
  facet normal 0.947057 -0.321065 0
    outer loop
      vertex 44.6307 16.4329 16
      vertex 44.6685 16.5444 13.9
      vertex 44.6685 16.5444 16
    endloop
  endfacet
  facet normal 0.947057 -0.321065 0
    outer loop
      vertex 44.6685 16.5444 13.9
      vertex 44.6307 16.4329 16
      vertex 44.6307 16.4329 13.9
    endloop
  endfacet
  facet normal 0.980711 -0.195462 0
    outer loop
      vertex 44.6077 16.3175 16
      vertex 44.6307 16.4329 13.9
      vertex 44.6307 16.4329 16
    endloop
  endfacet
  facet normal 0.980711 -0.195462 0
    outer loop
      vertex 44.6307 16.4329 13.9
      vertex 44.6077 16.3175 16
      vertex 44.6077 16.3175 13.9
    endloop
  endfacet
  facet normal 0.442452 -0.896792 0
    outer loop
      vertex 45.05 16.9794 13.9
      vertex 45.1556 17.0315 16
      vertex 45.05 16.9794 16
    endloop
  endfacet
  facet normal 0.442452 -0.896792 0
    outer loop
      vertex 45.1556 17.0315 16
      vertex 45.05 16.9794 13.9
      vertex 45.1556 17.0315 13.9
    endloop
  endfacet
  facet normal 0.0653917 -0.99786 0
    outer loop
      vertex 45.3825 17.0923 13.9
      vertex 45.5 17.1 16
      vertex 45.3825 17.0923 16
    endloop
  endfacet
  facet normal 0.0653917 -0.99786 0
    outer loop
      vertex 45.5 17.1 16
      vertex 45.3825 17.0923 13.9
      vertex 45.5 17.1 13.9
    endloop
  endfacet
  facet normal -0.997893 0.0648785 0
    outer loop
      vertex 46.3979 16.1677 13.9
      vertex 46.4 16.2 16
      vertex 46.4 16.2 13.9
    endloop
  endfacet
  facet normal -0.997893 0.0648785 0
    outer loop
      vertex 46.4 16.2 16
      vertex 46.3979 16.1677 13.9
      vertex 46.3979 16.1677 16
    endloop
  endfacet
  facet normal -0.0653917 0.99786 0
    outer loop
      vertex 45.6175 15.3077 13.9
      vertex 45.5 15.3 16
      vertex 45.6175 15.3077 16
    endloop
  endfacet
  facet normal -0.0653917 0.99786 0
    outer loop
      vertex 45.5 15.3 16
      vertex 45.6175 15.3077 13.9
      vertex 45.5 15.3 13.9
    endloop
  endfacet
  facet normal -0.659286 0.751892 0
    outer loop
      vertex 46.1364 15.5636 13.9
      vertex 46.0479 15.486 16
      vertex 46.1364 15.5636 16
    endloop
  endfacet
  facet normal -0.659286 0.751892 0
    outer loop
      vertex 46.0479 15.486 16
      vertex 46.1364 15.5636 13.9
      vertex 46.0479 15.486 13.9
    endloop
  endfacet
  facet normal 0.555484 0.831527 -0
    outer loop
      vertex 45.05 15.4206 13.9
      vertex 44.9521 15.486 16
      vertex 45.05 15.4206 16
    endloop
  endfacet
  facet normal 0.555484 0.831527 0
    outer loop
      vertex 44.9521 15.486 16
      vertex 45.05 15.4206 13.9
      vertex 44.9521 15.486 13.9
    endloop
  endfacet
  facet normal 0.659286 0.751892 -0
    outer loop
      vertex 44.9521 15.486 13.9
      vertex 44.8636 15.5636 16
      vertex 44.9521 15.486 16
    endloop
  endfacet
  facet normal 0.659286 0.751892 0
    outer loop
      vertex 44.8636 15.5636 16
      vertex 44.9521 15.486 13.9
      vertex 44.8636 15.5636 13.9
    endloop
  endfacet
  facet normal 0.442452 0.896792 -0
    outer loop
      vertex 45.1556 15.3685 13.9
      vertex 45.05 15.4206 16
      vertex 45.1556 15.3685 16
    endloop
  endfacet
  facet normal 0.442452 0.896792 0
    outer loop
      vertex 45.05 15.4206 16
      vertex 45.1556 15.3685 13.9
      vertex 45.05 15.4206 13.9
    endloop
  endfacet
  facet normal 0.195462 0.980711 -0
    outer loop
      vertex 45.3825 15.3077 13.9
      vertex 45.2671 15.3307 16
      vertex 45.3825 15.3077 16
    endloop
  endfacet
  facet normal 0.195462 0.980711 0
    outer loop
      vertex 45.2671 15.3307 16
      vertex 45.3825 15.3077 13.9
      vertex 45.2671 15.3307 13.9
    endloop
  endfacet
  facet normal -0.751892 -0.659286 0
    outer loop
      vertex 46.214 16.7479 13.9
      vertex 46.1364 16.8364 16
      vertex 46.1364 16.8364 13.9
    endloop
  endfacet
  facet normal -0.751892 -0.659286 0
    outer loop
      vertex 46.1364 16.8364 16
      vertex 46.214 16.7479 13.9
      vertex 46.214 16.7479 16
    endloop
  endfacet
  facet normal -0.195462 0.980711 0
    outer loop
      vertex 45.7329 15.3307 13.9
      vertex 45.6175 15.3077 16
      vertex 45.7329 15.3307 16
    endloop
  endfacet
  facet normal -0.195462 0.980711 0
    outer loop
      vertex 45.6175 15.3077 16
      vertex 45.7329 15.3307 13.9
      vertex 45.6175 15.3077 13.9
    endloop
  endfacet
  facet normal -0.442452 0.896792 0
    outer loop
      vertex 45.95 15.4206 13.9
      vertex 45.8444 15.3685 16
      vertex 45.95 15.4206 16
    endloop
  endfacet
  facet normal -0.442452 0.896792 0
    outer loop
      vertex 45.8444 15.3685 16
      vertex 45.95 15.4206 13.9
      vertex 45.8444 15.3685 13.9
    endloop
  endfacet
  facet normal 0.0653917 0.99786 -0
    outer loop
      vertex 45.5 15.3 13.9
      vertex 45.3825 15.3077 16
      vertex 45.5 15.3 16
    endloop
  endfacet
  facet normal 0.0653917 0.99786 0
    outer loop
      vertex 45.3825 15.3077 16
      vertex 45.5 15.3 13.9
      vertex 45.3825 15.3077 13.9
    endloop
  endfacet
  facet normal -0.997703 -0.0677452 0
    outer loop
      vertex 44.8444 15.5556 13.9
      vertex 44.8422 15.588 16
      vertex 44.8422 15.588 13.9
    endloop
  endfacet
  facet normal -0.997703 -0.0677452 0
    outer loop
      vertex 44.8422 15.588 16
      vertex 44.8444 15.5556 13.9
      vertex 44.8444 15.5556 16
    endloop
  endfacet
  facet normal 0.99786 -0.0653917 0
    outer loop
      vertex 43.0444 15.5556 16
      vertex 43.0521 15.6731 13.9
      vertex 43.0521 15.6731 16
    endloop
  endfacet
  facet normal 0.99786 -0.0653917 0
    outer loop
      vertex 43.0521 15.6731 13.9
      vertex 43.0444 15.5556 16
      vertex 43.0444 15.5556 13.9
    endloop
  endfacet
  facet normal 0.0653917 -0.99786 0
    outer loop
      vertex 43.8269 16.4479 13.9
      vertex 43.9444 16.4556 16
      vertex 43.8269 16.4479 16
    endloop
  endfacet
  facet normal 0.0653917 -0.99786 0
    outer loop
      vertex 43.9444 16.4556 16
      vertex 43.8269 16.4479 13.9
      vertex 43.9444 16.4556 13.9
    endloop
  endfacet
  facet normal -0.0654471 0.997856 0
    outer loop
      vertex 44.0618 14.6633 13.9
      vertex 43.9444 14.6556 16
      vertex 44.0618 14.6633 16
    endloop
  endfacet
  facet normal -0.0654471 0.997856 0
    outer loop
      vertex 43.9444 14.6556 16
      vertex 44.0618 14.6633 13.9
      vertex 43.9444 14.6556 13.9
    endloop
  endfacet
  facet normal -0.659345 -0.75184 0
    outer loop
      vertex 44.4922 16.2697 13.9
      vertex 44.5808 16.192 16
      vertex 44.4922 16.2697 16
    endloop
  endfacet
  facet normal -0.659345 -0.75184 -0
    outer loop
      vertex 44.5808 16.192 16
      vertex 44.4922 16.2697 13.9
      vertex 44.5808 16.192 13.9
    endloop
  endfacet
  facet normal 0.659766 -0.751471 0
    outer loop
      vertex 43.308 16.192 13.9
      vertex 43.3965 16.2697 16
      vertex 43.308 16.192 16
    endloop
  endfacet
  facet normal 0.659766 -0.751471 0
    outer loop
      vertex 43.3965 16.2697 16
      vertex 43.308 16.192 13.9
      vertex 43.3965 16.2697 13.9
    endloop
  endfacet
  facet normal 0.442105 -0.896963 0
    outer loop
      vertex 43.4944 16.3351 13.9
      vertex 43.5999 16.3871 16
      vertex 43.4944 16.3351 16
    endloop
  endfacet
  facet normal 0.442105 -0.896963 0
    outer loop
      vertex 43.5999 16.3871 16
      vertex 43.4944 16.3351 13.9
      vertex 43.5999 16.3871 13.9
    endloop
  endfacet
  facet normal -0.831527 0.555484 0
    outer loop
      vertex 44.6584 15.0077 13.9
      vertex 44.7238 15.1056 16
      vertex 44.7238 15.1056 13.9
    endloop
  endfacet
  facet normal -0.831527 0.555484 0
    outer loop
      vertex 44.7238 15.1056 16
      vertex 44.6584 15.0077 13.9
      vertex 44.6584 15.0077 16
    endloop
  endfacet
  facet normal -0.321827 -0.946799 0
    outer loop
      vertex 44.1773 16.425 13.9
      vertex 44.2888 16.3871 16
      vertex 44.1773 16.425 16
    endloop
  endfacet
  facet normal -0.321827 -0.946799 -0
    outer loop
      vertex 44.2888 16.3871 16
      vertex 44.1773 16.425 13.9
      vertex 44.2888 16.3871 13.9
    endloop
  endfacet
  facet normal -0.194483 -0.980906 0
    outer loop
      vertex 44.0618 16.4479 13.9
      vertex 44.1773 16.425 16
      vertex 44.0618 16.4479 16
    endloop
  endfacet
  facet normal -0.194483 -0.980906 -0
    outer loop
      vertex 44.1773 16.425 16
      vertex 44.0618 16.4479 13.9
      vertex 44.1773 16.425 13.9
    endloop
  endfacet
  facet normal -0.555877 -0.831265 0
    outer loop
      vertex 44.3944 16.3351 13.9
      vertex 44.4922 16.2697 16
      vertex 44.3944 16.3351 16
    endloop
  endfacet
  facet normal -0.555877 -0.831265 -0
    outer loop
      vertex 44.4922 16.2697 16
      vertex 44.3944 16.3351 13.9
      vertex 44.4922 16.2697 13.9
    endloop
  endfacet
  facet normal 0.897129 -0.441768 0
    outer loop
      vertex 43.1129 15.9 16
      vertex 43.1649 16.0056 13.9
      vertex 43.1649 16.0056 16
    endloop
  endfacet
  facet normal 0.897129 -0.441768 0
    outer loop
      vertex 43.1649 16.0056 13.9
      vertex 43.1129 15.9 16
      vertex 43.1129 15.9 13.9
    endloop
  endfacet
  facet normal 0.831527 -0.555484 0
    outer loop
      vertex 43.1649 16.0056 16
      vertex 43.2303 16.1035 13.9
      vertex 43.2303 16.1035 16
    endloop
  endfacet
  facet normal 0.831527 -0.555484 0
    outer loop
      vertex 43.2303 16.1035 13.9
      vertex 43.1649 16.0056 16
      vertex 43.1649 16.0056 13.9
    endloop
  endfacet
  facet normal 0.555484 -0.831527 0
    outer loop
      vertex 43.3965 16.2697 13.9
      vertex 43.4944 16.3351 16
      vertex 43.3965 16.2697 16
    endloop
  endfacet
  facet normal 0.555484 -0.831527 0
    outer loop
      vertex 43.4944 16.3351 16
      vertex 43.3965 16.2697 13.9
      vertex 43.4944 16.3351 13.9
    endloop
  endfacet
  facet normal 0.194483 -0.980906 0
    outer loop
      vertex 43.7114 16.425 13.9
      vertex 43.8269 16.4479 16
      vertex 43.7114 16.425 16
    endloop
  endfacet
  facet normal 0.194483 -0.980906 0
    outer loop
      vertex 43.8269 16.4479 16
      vertex 43.7114 16.425 13.9
      vertex 43.8269 16.4479 13.9
    endloop
  endfacet
  facet normal -0.1953 0.980744 0
    outer loop
      vertex 44.1773 14.6863 13.9
      vertex 44.0618 14.6633 16
      vertex 44.1773 14.6863 16
    endloop
  endfacet
  facet normal -0.1953 0.980744 0
    outer loop
      vertex 44.0618 14.6633 16
      vertex 44.1773 14.6863 13.9
      vertex 44.0618 14.6633 13.9
    endloop
  endfacet
  facet normal -0.752001 -0.659162 0
    outer loop
      vertex 44.6021 16.1677 13.9
      vertex 44.5808 16.192 16
      vertex 44.5808 16.192 13.9
    endloop
  endfacet
  facet normal -0.752001 -0.659162 0
    outer loop
      vertex 44.5808 16.192 16
      vertex 44.6021 16.1677 13.9
      vertex 44.6021 16.1677 16
    endloop
  endfacet
  facet normal -0.0654471 -0.997856 0
    outer loop
      vertex 43.9444 16.4556 13.9
      vertex 44.0618 16.4479 16
      vertex 43.9444 16.4556 16
    endloop
  endfacet
  facet normal -0.0654471 -0.997856 -0
    outer loop
      vertex 44.0618 16.4479 16
      vertex 43.9444 16.4556 13.9
      vertex 44.0618 16.4479 13.9
    endloop
  endfacet
  facet normal -0.441768 -0.897129 0
    outer loop
      vertex 44.2888 16.3871 13.9
      vertex 44.3944 16.3351 16
      vertex 44.2888 16.3871 16
    endloop
  endfacet
  facet normal -0.441768 -0.897129 -0
    outer loop
      vertex 44.3944 16.3351 16
      vertex 44.2888 16.3871 13.9
      vertex 44.3944 16.3351 13.9
    endloop
  endfacet
  facet normal 0.980906 -0.194483 0
    outer loop
      vertex 43.0521 15.6731 16
      vertex 43.075 15.7886 13.9
      vertex 43.075 15.7886 16
    endloop
  endfacet
  facet normal 0.980906 -0.194483 0
    outer loop
      vertex 43.075 15.7886 13.9
      vertex 43.0521 15.6731 16
      vertex 43.0521 15.6731 13.9
    endloop
  endfacet
  facet normal -0.997856 0.0654471 0
    outer loop
      vertex 44.8367 15.4382 13.9
      vertex 44.8444 15.5556 16
      vertex 44.8444 15.5556 13.9
    endloop
  endfacet
  facet normal -0.997856 0.0654471 0
    outer loop
      vertex 44.8444 15.5556 16
      vertex 44.8367 15.4382 13.9
      vertex 44.8367 15.4382 16
    endloop
  endfacet
  facet normal -0.980744 0.1953 0
    outer loop
      vertex 44.8137 15.3227 13.9
      vertex 44.8367 15.4382 16
      vertex 44.8367 15.4382 13.9
    endloop
  endfacet
  facet normal -0.980744 0.1953 0
    outer loop
      vertex 44.8367 15.4382 16
      vertex 44.8137 15.3227 13.9
      vertex 44.8137 15.3227 16
    endloop
  endfacet
  facet normal -0.751892 0.659286 0
    outer loop
      vertex 44.5808 14.9192 13.9
      vertex 44.6584 15.0077 16
      vertex 44.6584 15.0077 13.9
    endloop
  endfacet
  facet normal -0.751892 0.659286 0
    outer loop
      vertex 44.6584 15.0077 16
      vertex 44.5808 14.9192 13.9
      vertex 44.5808 14.9192 16
    endloop
  endfacet
  facet normal 0.897129 0.441768 0
    outer loop
      vertex 43.1649 15.1056 16
      vertex 43.1129 15.2112 13.9
      vertex 43.1129 15.2112 16
    endloop
  endfacet
  facet normal 0.897129 0.441768 0
    outer loop
      vertex 43.1129 15.2112 13.9
      vertex 43.1649 15.1056 16
      vertex 43.1649 15.1056 13.9
    endloop
  endfacet
  facet normal -0.442452 0.896792 0
    outer loop
      vertex 44.3944 14.7762 13.9
      vertex 44.2888 14.7241 16
      vertex 44.3944 14.7762 16
    endloop
  endfacet
  facet normal -0.442452 0.896792 0
    outer loop
      vertex 44.2888 14.7241 16
      vertex 44.3944 14.7762 13.9
      vertex 44.2888 14.7241 13.9
    endloop
  endfacet
  facet normal 0.751471 -0.659766 0
    outer loop
      vertex 43.2303 16.1035 16
      vertex 43.308 16.192 13.9
      vertex 43.308 16.192 16
    endloop
  endfacet
  facet normal 0.751471 -0.659766 0
    outer loop
      vertex 43.308 16.192 13.9
      vertex 43.2303 16.1035 16
      vertex 43.2303 16.1035 13.9
    endloop
  endfacet
  facet normal 0.946711 -0.322086 0
    outer loop
      vertex 43.075 15.7886 16
      vertex 43.1129 15.9 13.9
      vertex 43.1129 15.9 16
    endloop
  endfacet
  facet normal 0.946711 -0.322086 0
    outer loop
      vertex 43.1129 15.9 13.9
      vertex 43.075 15.7886 16
      vertex 43.075 15.7886 13.9
    endloop
  endfacet
  facet normal 0.321827 -0.946799 0
    outer loop
      vertex 43.5999 16.3871 13.9
      vertex 43.7114 16.425 16
      vertex 43.5999 16.3871 16
    endloop
  endfacet
  facet normal 0.321827 -0.946799 0
    outer loop
      vertex 43.7114 16.425 16
      vertex 43.5999 16.3871 13.9
      vertex 43.7114 16.425 13.9
    endloop
  endfacet
  facet normal -0.947057 0.321065 0
    outer loop
      vertex 44.7759 15.2112 13.9
      vertex 44.8137 15.3227 16
      vertex 44.8137 15.3227 13.9
    endloop
  endfacet
  facet normal -0.947057 0.321065 0
    outer loop
      vertex 44.8137 15.3227 16
      vertex 44.7759 15.2112 13.9
      vertex 44.7759 15.2112 16
    endloop
  endfacet
  facet normal -0.555877 0.831265 0
    outer loop
      vertex 44.4922 14.8416 13.9
      vertex 44.3944 14.7762 16
      vertex 44.4922 14.8416 16
    endloop
  endfacet
  facet normal -0.555877 0.831265 0
    outer loop
      vertex 44.3944 14.7762 16
      vertex 44.4922 14.8416 13.9
      vertex 44.3944 14.7762 13.9
    endloop
  endfacet
  facet normal -0.896792 0.442452 0
    outer loop
      vertex 44.7238 15.1056 13.9
      vertex 44.7759 15.2112 16
      vertex 44.7759 15.2112 13.9
    endloop
  endfacet
  facet normal -0.896792 0.442452 0
    outer loop
      vertex 44.7759 15.2112 16
      vertex 44.7238 15.1056 13.9
      vertex 44.7238 15.1056 16
    endloop
  endfacet
  facet normal 0.997856 0.0654471 0
    outer loop
      vertex 43.0521 15.4382 16
      vertex 43.0444 15.5556 13.9
      vertex 43.0444 15.5556 16
    endloop
  endfacet
  facet normal 0.997856 0.0654471 0
    outer loop
      vertex 43.0444 15.5556 13.9
      vertex 43.0521 15.4382 16
      vertex 43.0521 15.4382 13.9
    endloop
  endfacet
  facet normal 0.980906 0.194483 0
    outer loop
      vertex 43.075 15.3227 16
      vertex 43.0521 15.4382 13.9
      vertex 43.0521 15.4382 16
    endloop
  endfacet
  facet normal 0.980906 0.194483 0
    outer loop
      vertex 43.0521 15.4382 13.9
      vertex 43.075 15.3227 16
      vertex 43.075 15.3227 13.9
    endloop
  endfacet
  facet normal 0.946799 0.321827 0
    outer loop
      vertex 43.1129 15.2112 16
      vertex 43.075 15.3227 13.9
      vertex 43.075 15.3227 16
    endloop
  endfacet
  facet normal 0.946799 0.321827 0
    outer loop
      vertex 43.075 15.3227 13.9
      vertex 43.1129 15.2112 16
      vertex 43.1129 15.2112 13.9
    endloop
  endfacet
  facet normal -0.321065 0.947057 0
    outer loop
      vertex 44.2888 14.7241 13.9
      vertex 44.1773 14.6863 16
      vertex 44.2888 14.7241 16
    endloop
  endfacet
  facet normal -0.321065 0.947057 0
    outer loop
      vertex 44.1773 14.6863 16
      vertex 44.2888 14.7241 13.9
      vertex 44.1773 14.6863 13.9
    endloop
  endfacet
  facet normal -0.658865 0.752261 0
    outer loop
      vertex 44.5808 14.9192 13.9
      vertex 44.4922 14.8416 16
      vertex 44.5808 14.9192 16
    endloop
  endfacet
  facet normal -0.658865 0.752261 0
    outer loop
      vertex 44.4922 14.8416 16
      vertex 44.5808 14.9192 13.9
      vertex 44.4922 14.8416 13.9
    endloop
  endfacet
  facet normal 0.751471 0.659766 0
    outer loop
      vertex 43.308 14.9192 16
      vertex 43.2303 15.0077 13.9
      vertex 43.2303 15.0077 16
    endloop
  endfacet
  facet normal 0.751471 0.659766 0
    outer loop
      vertex 43.2303 15.0077 13.9
      vertex 43.308 14.9192 16
      vertex 43.308 14.9192 13.9
    endloop
  endfacet
  facet normal 0.831527 0.555484 0
    outer loop
      vertex 43.2303 15.0077 16
      vertex 43.1649 15.1056 13.9
      vertex 43.1649 15.1056 16
    endloop
  endfacet
  facet normal 0.831527 0.555484 0
    outer loop
      vertex 43.1649 15.1056 13.9
      vertex 43.2303 15.0077 16
      vertex 43.2303 15.0077 13.9
    endloop
  endfacet
  facet normal 0.659162 0.752001 -0
    outer loop
      vertex 43.3323 14.8979 13.9
      vertex 43.308 14.9192 16
      vertex 43.3323 14.8979 16
    endloop
  endfacet
  facet normal 0.659162 0.752001 0
    outer loop
      vertex 43.308 14.9192 16
      vertex 43.3323 14.8979 13.9
      vertex 43.308 14.9192 13.9
    endloop
  endfacet
  facet normal 0.0677452 0.997703 -0
    outer loop
      vertex 43.9444 14.6556 13.9
      vertex 43.912 14.6578 16
      vertex 43.9444 14.6556 16
    endloop
  endfacet
  facet normal 0.0677452 0.997703 0
    outer loop
      vertex 43.912 14.6578 16
      vertex 43.9444 14.6556 13.9
      vertex 43.912 14.6578 13.9
    endloop
  endfacet
  facet normal -0.99786 -0.0653917 0
    outer loop
      vertex 44.2 14 13.9
      vertex 44.1923 14.1175 16
      vertex 44.1923 14.1175 13.9
    endloop
  endfacet
  facet normal -0.99786 -0.0653917 0
    outer loop
      vertex 44.1923 14.1175 16
      vertex 44.2 14 13.9
      vertex 44.2 14 16
    endloop
  endfacet
  facet normal 0.0653917 -0.99786 0
    outer loop
      vertex 43.1825 14.8923 13.9
      vertex 43.3 14.9 16
      vertex 43.1825 14.8923 16
    endloop
  endfacet
  facet normal 0.0653917 -0.99786 0
    outer loop
      vertex 43.3 14.9 16
      vertex 43.1825 14.8923 13.9
      vertex 43.3 14.9 13.9
    endloop
  endfacet
  facet normal -0.0648785 0.997893 0
    outer loop
      vertex 43.3323 13.1021 13.9
      vertex 43.3 13.1 16
      vertex 43.3323 13.1021 16
    endloop
  endfacet
  facet normal -0.0648785 0.997893 0
    outer loop
      vertex 43.3 13.1 16
      vertex 43.3323 13.1021 13.9
      vertex 43.3 13.1 13.9
    endloop
  endfacet
  facet normal -0.751892 0.659286 0
    outer loop
      vertex 43.9364 13.3636 13.9
      vertex 44.014 13.4521 16
      vertex 44.014 13.4521 13.9
    endloop
  endfacet
  facet normal -0.751892 0.659286 0
    outer loop
      vertex 44.014 13.4521 16
      vertex 43.9364 13.3636 13.9
      vertex 43.9364 13.3636 16
    endloop
  endfacet
  facet normal -0.659377 -0.751813 0
    outer loop
      vertex 43.912 14.6578 13.9
      vertex 43.9364 14.6364 16
      vertex 43.912 14.6578 16
    endloop
  endfacet
  facet normal -0.659377 -0.751813 -0
    outer loop
      vertex 43.9364 14.6364 16
      vertex 43.912 14.6578 13.9
      vertex 43.9364 14.6364 13.9
    endloop
  endfacet
  facet normal 0.751892 -0.659286 0
    outer loop
      vertex 42.586 14.5479 16
      vertex 42.6636 14.6364 13.9
      vertex 42.6636 14.6364 16
    endloop
  endfacet
  facet normal 0.751892 -0.659286 0
    outer loop
      vertex 42.6636 14.6364 13.9
      vertex 42.586 14.5479 16
      vertex 42.586 14.5479 13.9
    endloop
  endfacet
  facet normal 0.442452 -0.896792 0
    outer loop
      vertex 42.85 14.7794 13.9
      vertex 42.9556 14.8315 16
      vertex 42.85 14.7794 16
    endloop
  endfacet
  facet normal 0.442452 -0.896792 0
    outer loop
      vertex 42.9556 14.8315 16
      vertex 42.85 14.7794 13.9
      vertex 42.9556 14.8315 13.9
    endloop
  endfacet
  facet normal -0.947057 0.321065 0
    outer loop
      vertex 44.1315 13.6556 13.9
      vertex 44.1693 13.7671 16
      vertex 44.1693 13.7671 13.9
    endloop
  endfacet
  facet normal -0.947057 0.321065 0
    outer loop
      vertex 44.1693 13.7671 16
      vertex 44.1315 13.6556 13.9
      vertex 44.1315 13.6556 16
    endloop
  endfacet
  facet normal -0.896792 -0.442452 0
    outer loop
      vertex 44.1315 14.3444 13.9
      vertex 44.0794 14.45 16
      vertex 44.0794 14.45 13.9
    endloop
  endfacet
  facet normal -0.896792 -0.442452 0
    outer loop
      vertex 44.0794 14.45 16
      vertex 44.1315 14.3444 13.9
      vertex 44.1315 14.3444 16
    endloop
  endfacet
  facet normal -0.980711 -0.195462 0
    outer loop
      vertex 44.1923 14.1175 13.9
      vertex 44.1693 14.2329 16
      vertex 44.1693 14.2329 13.9
    endloop
  endfacet
  facet normal -0.980711 -0.195462 0
    outer loop
      vertex 44.1693 14.2329 16
      vertex 44.1923 14.1175 13.9
      vertex 44.1923 14.1175 16
    endloop
  endfacet
  facet normal -0.831527 -0.555484 0
    outer loop
      vertex 44.0794 14.45 13.9
      vertex 44.014 14.5479 16
      vertex 44.014 14.5479 13.9
    endloop
  endfacet
  facet normal -0.831527 -0.555484 0
    outer loop
      vertex 44.014 14.5479 16
      vertex 44.0794 14.45 13.9
      vertex 44.0794 14.45 16
    endloop
  endfacet
  facet normal 0.947057 -0.321065 0
    outer loop
      vertex 42.4307 14.2329 16
      vertex 42.4685 14.3444 13.9
      vertex 42.4685 14.3444 16
    endloop
  endfacet
  facet normal 0.947057 -0.321065 0
    outer loop
      vertex 42.4685 14.3444 13.9
      vertex 42.4307 14.2329 16
      vertex 42.4307 14.2329 13.9
    endloop
  endfacet
  facet normal 0.831527 -0.555484 0
    outer loop
      vertex 42.5206 14.45 16
      vertex 42.586 14.5479 13.9
      vertex 42.586 14.5479 16
    endloop
  endfacet
  facet normal 0.831527 -0.555484 0
    outer loop
      vertex 42.586 14.5479 13.9
      vertex 42.5206 14.45 16
      vertex 42.5206 14.45 13.9
    endloop
  endfacet
  facet normal 0.555484 -0.831527 0
    outer loop
      vertex 42.7521 14.714 13.9
      vertex 42.85 14.7794 16
      vertex 42.7521 14.714 16
    endloop
  endfacet
  facet normal 0.555484 -0.831527 0
    outer loop
      vertex 42.85 14.7794 16
      vertex 42.7521 14.714 13.9
      vertex 42.85 14.7794 13.9
    endloop
  endfacet
  facet normal 0.321065 -0.947057 0
    outer loop
      vertex 42.9556 14.8315 13.9
      vertex 43.0671 14.8693 16
      vertex 42.9556 14.8315 16
    endloop
  endfacet
  facet normal 0.321065 -0.947057 0
    outer loop
      vertex 43.0671 14.8693 16
      vertex 42.9556 14.8315 13.9
      vertex 43.0671 14.8693 13.9
    endloop
  endfacet
  facet normal -0.947057 -0.321065 0
    outer loop
      vertex 44.1693 14.2329 13.9
      vertex 44.1315 14.3444 16
      vertex 44.1315 14.3444 13.9
    endloop
  endfacet
  facet normal -0.947057 -0.321065 0
    outer loop
      vertex 44.1315 14.3444 16
      vertex 44.1693 14.2329 13.9
      vertex 44.1693 14.2329 16
    endloop
  endfacet
  facet normal -0.751892 -0.659286 0
    outer loop
      vertex 44.014 14.5479 13.9
      vertex 43.9364 14.6364 16
      vertex 43.9364 14.6364 13.9
    endloop
  endfacet
  facet normal -0.751892 -0.659286 0
    outer loop
      vertex 43.9364 14.6364 16
      vertex 44.014 14.5479 13.9
      vertex 44.014 14.5479 16
    endloop
  endfacet
  facet normal -0.0648785 -0.997893 0
    outer loop
      vertex 43.3 14.9 13.9
      vertex 43.3323 14.8979 16
      vertex 43.3 14.9 16
    endloop
  endfacet
  facet normal -0.0648785 -0.997893 -0
    outer loop
      vertex 43.3323 14.8979 16
      vertex 43.3 14.9 13.9
      vertex 43.3323 14.8979 13.9
    endloop
  endfacet
  facet normal 0.896792 -0.442452 0
    outer loop
      vertex 42.4685 14.3444 16
      vertex 42.5206 14.45 13.9
      vertex 42.5206 14.45 16
    endloop
  endfacet
  facet normal 0.896792 -0.442452 0
    outer loop
      vertex 42.5206 14.45 13.9
      vertex 42.4685 14.3444 16
      vertex 42.4685 14.3444 13.9
    endloop
  endfacet
  facet normal 0.980711 -0.195462 0
    outer loop
      vertex 42.4077 14.1175 16
      vertex 42.4307 14.2329 13.9
      vertex 42.4307 14.2329 16
    endloop
  endfacet
  facet normal 0.980711 -0.195462 0
    outer loop
      vertex 42.4307 14.2329 13.9
      vertex 42.4077 14.1175 16
      vertex 42.4077 14.1175 13.9
    endloop
  endfacet
  facet normal 0.99786 -0.0653917 0
    outer loop
      vertex 42.4 14 16
      vertex 42.4077 14.1175 13.9
      vertex 42.4077 14.1175 16
    endloop
  endfacet
  facet normal 0.99786 -0.0653917 0
    outer loop
      vertex 42.4077 14.1175 13.9
      vertex 42.4 14 16
      vertex 42.4 14 13.9
    endloop
  endfacet
  facet normal 0.99786 0.0653917 0
    outer loop
      vertex 42.4077 13.8825 16
      vertex 42.4 14 13.9
      vertex 42.4 14 16
    endloop
  endfacet
  facet normal 0.99786 0.0653917 0
    outer loop
      vertex 42.4 14 13.9
      vertex 42.4077 13.8825 16
      vertex 42.4077 13.8825 13.9
    endloop
  endfacet
  facet normal 0.659286 -0.751892 0
    outer loop
      vertex 42.6636 14.6364 13.9
      vertex 42.7521 14.714 16
      vertex 42.6636 14.6364 16
    endloop
  endfacet
  facet normal 0.659286 -0.751892 0
    outer loop
      vertex 42.7521 14.714 16
      vertex 42.6636 14.6364 13.9
      vertex 42.7521 14.714 13.9
    endloop
  endfacet
  facet normal 0.195462 -0.980711 0
    outer loop
      vertex 43.0671 14.8693 13.9
      vertex 43.1825 14.8923 16
      vertex 43.0671 14.8693 16
    endloop
  endfacet
  facet normal 0.195462 -0.980711 0
    outer loop
      vertex 43.1825 14.8923 16
      vertex 43.0671 14.8693 13.9
      vertex 43.1825 14.8923 13.9
    endloop
  endfacet
  facet normal -0.831527 0.555484 0
    outer loop
      vertex 44.014 13.4521 13.9
      vertex 44.0794 13.55 16
      vertex 44.0794 13.55 13.9
    endloop
  endfacet
  facet normal -0.831527 0.555484 0
    outer loop
      vertex 44.0794 13.55 16
      vertex 44.014 13.4521 13.9
      vertex 44.014 13.4521 16
    endloop
  endfacet
  facet normal -0.980711 0.195462 0
    outer loop
      vertex 44.1693 13.7671 13.9
      vertex 44.1923 13.8825 16
      vertex 44.1923 13.8825 13.9
    endloop
  endfacet
  facet normal -0.980711 0.195462 0
    outer loop
      vertex 44.1923 13.8825 16
      vertex 44.1693 13.7671 13.9
      vertex 44.1693 13.7671 16
    endloop
  endfacet
  facet normal 0.555484 0.831527 -0
    outer loop
      vertex 42.85 13.2206 13.9
      vertex 42.7521 13.286 16
      vertex 42.85 13.2206 16
    endloop
  endfacet
  facet normal 0.555484 0.831527 0
    outer loop
      vertex 42.7521 13.286 16
      vertex 42.85 13.2206 13.9
      vertex 42.7521 13.286 13.9
    endloop
  endfacet
  facet normal 0.831527 0.555484 0
    outer loop
      vertex 42.586 13.4521 16
      vertex 42.5206 13.55 13.9
      vertex 42.5206 13.55 16
    endloop
  endfacet
  facet normal 0.831527 0.555484 0
    outer loop
      vertex 42.5206 13.55 13.9
      vertex 42.586 13.4521 16
      vertex 42.586 13.4521 13.9
    endloop
  endfacet
  facet normal 0.751892 0.659286 0
    outer loop
      vertex 42.6636 13.3636 16
      vertex 42.586 13.4521 13.9
      vertex 42.586 13.4521 16
    endloop
  endfacet
  facet normal 0.751892 0.659286 0
    outer loop
      vertex 42.586 13.4521 13.9
      vertex 42.6636 13.3636 16
      vertex 42.6636 13.3636 13.9
    endloop
  endfacet
  facet normal -0.896792 0.442452 0
    outer loop
      vertex 44.0794 13.55 13.9
      vertex 44.1315 13.6556 16
      vertex 44.1315 13.6556 13.9
    endloop
  endfacet
  facet normal -0.896792 0.442452 0
    outer loop
      vertex 44.1315 13.6556 16
      vertex 44.0794 13.55 13.9
      vertex 44.0794 13.55 16
    endloop
  endfacet
  facet normal -0.99786 0.0653917 0
    outer loop
      vertex 44.1923 13.8825 13.9
      vertex 44.2 14 16
      vertex 44.2 14 13.9
    endloop
  endfacet
  facet normal -0.99786 0.0653917 0
    outer loop
      vertex 44.2 14 16
      vertex 44.1923 13.8825 13.9
      vertex 44.1923 13.8825 16
    endloop
  endfacet
  facet normal 0.659286 0.751892 -0
    outer loop
      vertex 42.7521 13.286 13.9
      vertex 42.6636 13.3636 16
      vertex 42.7521 13.286 16
    endloop
  endfacet
  facet normal 0.659286 0.751892 0
    outer loop
      vertex 42.6636 13.3636 16
      vertex 42.7521 13.286 13.9
      vertex 42.6636 13.3636 13.9
    endloop
  endfacet
  facet normal 0.947057 0.321065 0
    outer loop
      vertex 42.4685 13.6556 16
      vertex 42.4307 13.7671 13.9
      vertex 42.4307 13.7671 16
    endloop
  endfacet
  facet normal 0.947057 0.321065 0
    outer loop
      vertex 42.4307 13.7671 13.9
      vertex 42.4685 13.6556 16
      vertex 42.4685 13.6556 13.9
    endloop
  endfacet
  facet normal 0.980711 0.195462 0
    outer loop
      vertex 42.4307 13.7671 16
      vertex 42.4077 13.8825 13.9
      vertex 42.4077 13.8825 16
    endloop
  endfacet
  facet normal 0.980711 0.195462 0
    outer loop
      vertex 42.4077 13.8825 13.9
      vertex 42.4307 13.7671 16
      vertex 42.4307 13.7671 13.9
    endloop
  endfacet
  facet normal 0.896792 0.442452 0
    outer loop
      vertex 42.5206 13.55 16
      vertex 42.4685 13.6556 13.9
      vertex 42.4685 13.6556 16
    endloop
  endfacet
  facet normal 0.896792 0.442452 0
    outer loop
      vertex 42.4685 13.6556 13.9
      vertex 42.5206 13.55 16
      vertex 42.5206 13.55 13.9
    endloop
  endfacet
  facet normal -0.659377 0.751813 0
    outer loop
      vertex 43.9364 13.3636 13.9
      vertex 43.912 13.3422 16
      vertex 43.9364 13.3636 16
    endloop
  endfacet
  facet normal -0.659377 0.751813 0
    outer loop
      vertex 43.912 13.3422 16
      vertex 43.9364 13.3636 13.9
      vertex 43.912 13.3422 13.9
    endloop
  endfacet
  facet normal 0.0653917 0.99786 -0
    outer loop
      vertex 43.3 13.1 13.9
      vertex 43.1825 13.1077 16
      vertex 43.3 13.1 16
    endloop
  endfacet
  facet normal 0.0653917 0.99786 0
    outer loop
      vertex 43.1825 13.1077 16
      vertex 43.3 13.1 13.9
      vertex 43.1825 13.1077 13.9
    endloop
  endfacet
  facet normal 0.321065 0.947057 -0
    outer loop
      vertex 43.0671 13.1307 13.9
      vertex 42.9556 13.1685 16
      vertex 43.0671 13.1307 16
    endloop
  endfacet
  facet normal 0.321065 0.947057 0
    outer loop
      vertex 42.9556 13.1685 16
      vertex 43.0671 13.1307 13.9
      vertex 42.9556 13.1685 13.9
    endloop
  endfacet
  facet normal 0.195462 0.980711 -0
    outer loop
      vertex 43.1825 13.1077 13.9
      vertex 43.0671 13.1307 16
      vertex 43.1825 13.1077 16
    endloop
  endfacet
  facet normal 0.195462 0.980711 0
    outer loop
      vertex 43.0671 13.1307 16
      vertex 43.1825 13.1077 13.9
      vertex 43.0671 13.1307 13.9
    endloop
  endfacet
  facet normal 0.442452 0.896792 -0
    outer loop
      vertex 42.9556 13.1685 13.9
      vertex 42.85 13.2206 16
      vertex 42.9556 13.1685 16
    endloop
  endfacet
  facet normal 0.442452 0.896792 0
    outer loop
      vertex 42.85 13.2206 16
      vertex 42.9556 13.1685 13.9
      vertex 42.85 13.2206 13.9
    endloop
  endfacet
  facet normal -0.997856 -0.0654471 0
    outer loop
      vertex 44.8444 12.4444 13.9
      vertex 44.8367 12.5618 16
      vertex 44.8367 12.5618 13.9
    endloop
  endfacet
  facet normal -0.997856 -0.0654471 0
    outer loop
      vertex 44.8367 12.5618 16
      vertex 44.8444 12.4444 13.9
      vertex 44.8444 12.4444 16
    endloop
  endfacet
  facet normal 0.997856 -0.0654471 0
    outer loop
      vertex 43.0444 12.4444 16
      vertex 43.0521 12.5618 13.9
      vertex 43.0521 12.5618 16
    endloop
  endfacet
  facet normal 0.997856 -0.0654471 0
    outer loop
      vertex 43.0521 12.5618 13.9
      vertex 43.0444 12.4444 16
      vertex 43.0444 12.4444 13.9
    endloop
  endfacet
  facet normal 0.0677452 -0.997703 0
    outer loop
      vertex 43.912 13.3422 13.9
      vertex 43.9444 13.3444 16
      vertex 43.912 13.3422 16
    endloop
  endfacet
  facet normal 0.0677452 -0.997703 0
    outer loop
      vertex 43.9444 13.3444 16
      vertex 43.912 13.3422 13.9
      vertex 43.9444 13.3444 13.9
    endloop
  endfacet
  facet normal -0.0654471 0.997856 0
    outer loop
      vertex 44.0618 11.5521 13.9
      vertex 43.9444 11.5444 16
      vertex 44.0618 11.5521 16
    endloop
  endfacet
  facet normal -0.0654471 0.997856 0
    outer loop
      vertex 43.9444 11.5444 16
      vertex 44.0618 11.5521 13.9
      vertex 43.9444 11.5444 13.9
    endloop
  endfacet
  facet normal -0.658865 -0.752261 0
    outer loop
      vertex 44.4922 13.1584 13.9
      vertex 44.5808 13.0808 16
      vertex 44.4922 13.1584 16
    endloop
  endfacet
  facet normal -0.658865 -0.752261 -0
    outer loop
      vertex 44.5808 13.0808 16
      vertex 44.4922 13.1584 13.9
      vertex 44.5808 13.0808 13.9
    endloop
  endfacet
  facet normal 0.659162 -0.752001 0
    outer loop
      vertex 43.308 13.0808 13.9
      vertex 43.3323 13.1021 16
      vertex 43.308 13.0808 16
    endloop
  endfacet
  facet normal 0.659162 -0.752001 0
    outer loop
      vertex 43.3323 13.1021 16
      vertex 43.308 13.0808 13.9
      vertex 43.3323 13.1021 13.9
    endloop
  endfacet
  facet normal -0.896792 -0.442452 0
    outer loop
      vertex 44.7759 12.7888 13.9
      vertex 44.7238 12.8944 16
      vertex 44.7238 12.8944 13.9
    endloop
  endfacet
  facet normal -0.896792 -0.442452 0
    outer loop
      vertex 44.7238 12.8944 16
      vertex 44.7759 12.7888 13.9
      vertex 44.7759 12.7888 16
    endloop
  endfacet
  facet normal -0.980744 -0.1953 0
    outer loop
      vertex 44.8367 12.5618 13.9
      vertex 44.8137 12.6773 16
      vertex 44.8137 12.6773 13.9
    endloop
  endfacet
  facet normal -0.980744 -0.1953 0
    outer loop
      vertex 44.8137 12.6773 16
      vertex 44.8367 12.5618 13.9
      vertex 44.8367 12.5618 16
    endloop
  endfacet
  facet normal -0.321065 -0.947057 0
    outer loop
      vertex 44.1773 13.3137 13.9
      vertex 44.2888 13.2759 16
      vertex 44.1773 13.3137 16
    endloop
  endfacet
  facet normal -0.321065 -0.947057 -0
    outer loop
      vertex 44.2888 13.2759 16
      vertex 44.1773 13.3137 13.9
      vertex 44.2888 13.2759 13.9
    endloop
  endfacet
  facet normal -0.1953 -0.980744 0
    outer loop
      vertex 44.0618 13.3367 13.9
      vertex 44.1773 13.3137 16
      vertex 44.0618 13.3367 16
    endloop
  endfacet
  facet normal -0.1953 -0.980744 -0
    outer loop
      vertex 44.1773 13.3137 16
      vertex 44.0618 13.3367 13.9
      vertex 44.1773 13.3137 13.9
    endloop
  endfacet
  facet normal -0.555877 -0.831265 0
    outer loop
      vertex 44.3944 13.2238 13.9
      vertex 44.4922 13.1584 16
      vertex 44.3944 13.2238 16
    endloop
  endfacet
  facet normal -0.555877 -0.831265 -0
    outer loop
      vertex 44.4922 13.1584 16
      vertex 44.3944 13.2238 13.9
      vertex 44.4922 13.1584 13.9
    endloop
  endfacet
  facet normal 0.897129 -0.441768 0
    outer loop
      vertex 43.1129 12.7888 16
      vertex 43.1649 12.8944 13.9
      vertex 43.1649 12.8944 16
    endloop
  endfacet
  facet normal 0.897129 -0.441768 0
    outer loop
      vertex 43.1649 12.8944 13.9
      vertex 43.1129 12.7888 16
      vertex 43.1129 12.7888 13.9
    endloop
  endfacet
  facet normal 0.831265 -0.555877 0
    outer loop
      vertex 43.1649 12.8944 16
      vertex 43.2303 12.9922 13.9
      vertex 43.2303 12.9922 16
    endloop
  endfacet
  facet normal 0.831265 -0.555877 0
    outer loop
      vertex 43.2303 12.9922 13.9
      vertex 43.1649 12.8944 16
      vertex 43.1649 12.8944 13.9
    endloop
  endfacet
  facet normal -0.194483 0.980906 0
    outer loop
      vertex 44.1773 11.575 13.9
      vertex 44.0618 11.5521 16
      vertex 44.1773 11.575 16
    endloop
  endfacet
  facet normal -0.194483 0.980906 0
    outer loop
      vertex 44.0618 11.5521 16
      vertex 44.1773 11.575 13.9
      vertex 44.0618 11.5521 13.9
    endloop
  endfacet
  facet normal -0.947057 -0.321065 0
    outer loop
      vertex 44.8137 12.6773 13.9
      vertex 44.7759 12.7888 16
      vertex 44.7759 12.7888 13.9
    endloop
  endfacet
  facet normal -0.947057 -0.321065 0
    outer loop
      vertex 44.7759 12.7888 16
      vertex 44.8137 12.6773 13.9
      vertex 44.8137 12.6773 16
    endloop
  endfacet
  facet normal -0.752261 -0.658865 0
    outer loop
      vertex 44.6584 12.9922 13.9
      vertex 44.5808 13.0808 16
      vertex 44.5808 13.0808 13.9
    endloop
  endfacet
  facet normal -0.752261 -0.658865 0
    outer loop
      vertex 44.5808 13.0808 16
      vertex 44.6584 12.9922 13.9
      vertex 44.6584 12.9922 16
    endloop
  endfacet
  facet normal -0.831265 -0.555877 0
    outer loop
      vertex 44.7238 12.8944 13.9
      vertex 44.6584 12.9922 16
      vertex 44.6584 12.9922 13.9
    endloop
  endfacet
  facet normal -0.831265 -0.555877 0
    outer loop
      vertex 44.6584 12.9922 16
      vertex 44.7238 12.8944 13.9
      vertex 44.7238 12.8944 16
    endloop
  endfacet
  facet normal -0.0654471 -0.997856 0
    outer loop
      vertex 43.9444 13.3444 13.9
      vertex 44.0618 13.3367 16
      vertex 43.9444 13.3444 16
    endloop
  endfacet
  facet normal -0.0654471 -0.997856 -0
    outer loop
      vertex 44.0618 13.3367 16
      vertex 43.9444 13.3444 13.9
      vertex 44.0618 13.3367 13.9
    endloop
  endfacet
  facet normal -0.442452 -0.896792 0
    outer loop
      vertex 44.2888 13.2759 13.9
      vertex 44.3944 13.2238 16
      vertex 44.2888 13.2759 16
    endloop
  endfacet
  facet normal -0.442452 -0.896792 -0
    outer loop
      vertex 44.3944 13.2238 16
      vertex 44.2888 13.2759 13.9
      vertex 44.3944 13.2238 13.9
    endloop
  endfacet
  facet normal 0.980906 -0.194483 0
    outer loop
      vertex 43.0521 12.5618 16
      vertex 43.075 12.6773 13.9
      vertex 43.075 12.6773 16
    endloop
  endfacet
  facet normal 0.980906 -0.194483 0
    outer loop
      vertex 43.075 12.6773 13.9
      vertex 43.0521 12.5618 16
      vertex 43.0521 12.5618 13.9
    endloop
  endfacet
  facet normal -0.997703 0.0677452 0
    outer loop
      vertex 44.8422 12.412 13.9
      vertex 44.8444 12.4444 16
      vertex 44.8444 12.4444 13.9
    endloop
  endfacet
  facet normal -0.997703 0.0677452 0
    outer loop
      vertex 44.8444 12.4444 16
      vertex 44.8422 12.412 13.9
      vertex 44.8422 12.412 16
    endloop
  endfacet
  facet normal -0.752001 0.659162 0
    outer loop
      vertex 44.5808 11.808 13.9
      vertex 44.6021 11.8323 16
      vertex 44.6021 11.8323 13.9
    endloop
  endfacet
  facet normal -0.752001 0.659162 0
    outer loop
      vertex 44.6021 11.8323 16
      vertex 44.5808 11.808 13.9
      vertex 44.5808 11.808 16
    endloop
  endfacet
  facet normal 0.321827 0.946799 -0
    outer loop
      vertex 43.7114 11.575 13.9
      vertex 43.5999 11.6129 16
      vertex 43.7114 11.575 16
    endloop
  endfacet
  facet normal 0.321827 0.946799 0
    outer loop
      vertex 43.5999 11.6129 16
      vertex 43.7114 11.575 13.9
      vertex 43.5999 11.6129 13.9
    endloop
  endfacet
  facet normal 0.896963 0.442105 0
    outer loop
      vertex 43.1649 11.9944 16
      vertex 43.1129 12.0999 13.9
      vertex 43.1129 12.0999 16
    endloop
  endfacet
  facet normal 0.896963 0.442105 0
    outer loop
      vertex 43.1129 12.0999 13.9
      vertex 43.1649 11.9944 16
      vertex 43.1649 11.9944 13.9
    endloop
  endfacet
  facet normal 0.99786 0.0653917 0
    outer loop
      vertex 43.0521 12.3269 16
      vertex 43.0444 12.4444 13.9
      vertex 43.0444 12.4444 16
    endloop
  endfacet
  facet normal 0.99786 0.0653917 0
    outer loop
      vertex 43.0444 12.4444 13.9
      vertex 43.0521 12.3269 16
      vertex 43.0521 12.3269 13.9
    endloop
  endfacet
  facet normal -0.441768 0.897129 0
    outer loop
      vertex 44.3944 11.6649 13.9
      vertex 44.2888 11.6129 16
      vertex 44.3944 11.6649 16
    endloop
  endfacet
  facet normal -0.441768 0.897129 0
    outer loop
      vertex 44.2888 11.6129 16
      vertex 44.3944 11.6649 13.9
      vertex 44.2888 11.6129 13.9
    endloop
  endfacet
  facet normal 0.75184 -0.659345 0
    outer loop
      vertex 43.2303 12.9922 16
      vertex 43.308 13.0808 13.9
      vertex 43.308 13.0808 16
    endloop
  endfacet
  facet normal 0.75184 -0.659345 0
    outer loop
      vertex 43.308 13.0808 13.9
      vertex 43.2303 12.9922 16
      vertex 43.2303 12.9922 13.9
    endloop
  endfacet
  facet normal 0.946799 -0.321827 0
    outer loop
      vertex 43.075 12.6773 16
      vertex 43.1129 12.7888 13.9
      vertex 43.1129 12.7888 16
    endloop
  endfacet
  facet normal 0.946799 -0.321827 0
    outer loop
      vertex 43.1129 12.7888 13.9
      vertex 43.075 12.6773 16
      vertex 43.075 12.6773 13.9
    endloop
  endfacet
  facet normal -0.555877 0.831265 0
    outer loop
      vertex 44.4922 11.7303 13.9
      vertex 44.3944 11.6649 16
      vertex 44.4922 11.7303 16
    endloop
  endfacet
  facet normal -0.555877 0.831265 0
    outer loop
      vertex 44.3944 11.6649 16
      vertex 44.4922 11.7303 13.9
      vertex 44.3944 11.6649 13.9
    endloop
  endfacet
  facet normal 0.980906 0.194483 0
    outer loop
      vertex 43.075 12.2114 16
      vertex 43.0521 12.3269 13.9
      vertex 43.0521 12.3269 16
    endloop
  endfacet
  facet normal 0.980906 0.194483 0
    outer loop
      vertex 43.0521 12.3269 13.9
      vertex 43.075 12.2114 16
      vertex 43.075 12.2114 13.9
    endloop
  endfacet
  facet normal 0.946799 0.321827 0
    outer loop
      vertex 43.1129 12.0999 16
      vertex 43.075 12.2114 13.9
      vertex 43.075 12.2114 16
    endloop
  endfacet
  facet normal 0.946799 0.321827 0
    outer loop
      vertex 43.075 12.2114 13.9
      vertex 43.1129 12.0999 16
      vertex 43.1129 12.0999 13.9
    endloop
  endfacet
  facet normal -0.321827 0.946799 0
    outer loop
      vertex 44.2888 11.6129 13.9
      vertex 44.1773 11.575 16
      vertex 44.2888 11.6129 16
    endloop
  endfacet
  facet normal -0.321827 0.946799 0
    outer loop
      vertex 44.1773 11.575 16
      vertex 44.2888 11.6129 13.9
      vertex 44.1773 11.575 13.9
    endloop
  endfacet
  facet normal -0.659345 0.75184 0
    outer loop
      vertex 44.5808 11.808 13.9
      vertex 44.4922 11.7303 16
      vertex 44.5808 11.808 16
    endloop
  endfacet
  facet normal -0.659345 0.75184 0
    outer loop
      vertex 44.4922 11.7303 16
      vertex 44.5808 11.808 13.9
      vertex 44.4922 11.7303 13.9
    endloop
  endfacet
  facet normal 0.0653917 0.99786 -0
    outer loop
      vertex 43.9444 11.5444 13.9
      vertex 43.8269 11.5521 16
      vertex 43.9444 11.5444 16
    endloop
  endfacet
  facet normal 0.0653917 0.99786 0
    outer loop
      vertex 43.8269 11.5521 16
      vertex 43.9444 11.5444 13.9
      vertex 43.8269 11.5521 13.9
    endloop
  endfacet
  facet normal 0.442105 0.896963 -0
    outer loop
      vertex 43.5999 11.6129 13.9
      vertex 43.4944 11.6649 16
      vertex 43.5999 11.6129 16
    endloop
  endfacet
  facet normal 0.442105 0.896963 0
    outer loop
      vertex 43.4944 11.6649 16
      vertex 43.5999 11.6129 13.9
      vertex 43.4944 11.6649 13.9
    endloop
  endfacet
  facet normal 0.194483 0.980906 -0
    outer loop
      vertex 43.8269 11.5521 13.9
      vertex 43.7114 11.575 16
      vertex 43.8269 11.5521 16
    endloop
  endfacet
  facet normal 0.194483 0.980906 0
    outer loop
      vertex 43.7114 11.575 16
      vertex 43.8269 11.5521 13.9
      vertex 43.7114 11.575 13.9
    endloop
  endfacet
  facet normal 0.751471 0.659766 0
    outer loop
      vertex 43.308 11.808 16
      vertex 43.2303 11.8965 13.9
      vertex 43.2303 11.8965 16
    endloop
  endfacet
  facet normal 0.751471 0.659766 0
    outer loop
      vertex 43.2303 11.8965 13.9
      vertex 43.308 11.808 16
      vertex 43.308 11.808 13.9
    endloop
  endfacet
  facet normal 0.831527 0.555484 0
    outer loop
      vertex 43.2303 11.8965 16
      vertex 43.1649 11.9944 13.9
      vertex 43.1649 11.9944 16
    endloop
  endfacet
  facet normal 0.831527 0.555484 0
    outer loop
      vertex 43.1649 11.9944 13.9
      vertex 43.2303 11.8965 16
      vertex 43.2303 11.8965 13.9
    endloop
  endfacet
  facet normal 0.659766 0.751471 -0
    outer loop
      vertex 43.3965 11.7303 13.9
      vertex 43.308 11.808 16
      vertex 43.3965 11.7303 16
    endloop
  endfacet
  facet normal 0.659766 0.751471 0
    outer loop
      vertex 43.308 11.808 16
      vertex 43.3965 11.7303 13.9
      vertex 43.308 11.808 13.9
    endloop
  endfacet
  facet normal 0.555484 0.831527 -0
    outer loop
      vertex 43.4944 11.6649 13.9
      vertex 43.3965 11.7303 16
      vertex 43.4944 11.6649 16
    endloop
  endfacet
  facet normal 0.555484 0.831527 0
    outer loop
      vertex 43.3965 11.7303 16
      vertex 43.4944 11.6649 13.9
      vertex 43.3965 11.7303 13.9
    endloop
  endfacet
  facet normal -0.997893 -0.0648785 0
    outer loop
      vertex 46.4 11.8 13.9
      vertex 46.3979 11.8323 16
      vertex 46.3979 11.8323 13.9
    endloop
  endfacet
  facet normal -0.997893 -0.0648785 0
    outer loop
      vertex 46.3979 11.8323 16
      vertex 46.4 11.8 13.9
      vertex 46.4 11.8 16
    endloop
  endfacet
  facet normal 0.997893 -0.0648785 0
    outer loop
      vertex 44.6 11.8 16
      vertex 44.6021 11.8323 13.9
      vertex 44.6021 11.8323 16
    endloop
  endfacet
  facet normal 0.997893 -0.0648785 0
    outer loop
      vertex 44.6021 11.8323 13.9
      vertex 44.6 11.8 16
      vertex 44.6 11.8 13.9
    endloop
  endfacet
  facet normal -0.0653917 -0.99786 0
    outer loop
      vertex 45.5 12.7 13.9
      vertex 45.6175 12.6923 16
      vertex 45.5 12.7 16
    endloop
  endfacet
  facet normal -0.0653917 -0.99786 -0
    outer loop
      vertex 45.6175 12.6923 16
      vertex 45.5 12.7 13.9
      vertex 45.6175 12.6923 13.9
    endloop
  endfacet
  facet normal 0.0653917 0.99786 -0
    outer loop
      vertex 45.5 10.9 13.9
      vertex 45.3825 10.9077 16
      vertex 45.5 10.9 16
    endloop
  endfacet
  facet normal 0.0653917 0.99786 0
    outer loop
      vertex 45.3825 10.9077 16
      vertex 45.5 10.9 13.9
      vertex 45.3825 10.9077 13.9
    endloop
  endfacet
  facet normal 0.751892 0.659286 0
    outer loop
      vertex 44.8636 11.1636 16
      vertex 44.786 11.2521 13.9
      vertex 44.786 11.2521 16
    endloop
  endfacet
  facet normal 0.751892 0.659286 0
    outer loop
      vertex 44.786 11.2521 13.9
      vertex 44.8636 11.1636 16
      vertex 44.8636 11.1636 13.9
    endloop
  endfacet
  facet normal -0.751813 -0.659377 0
    outer loop
      vertex 46.1578 12.412 13.9
      vertex 46.1364 12.4364 16
      vertex 46.1364 12.4364 13.9
    endloop
  endfacet
  facet normal -0.751813 -0.659377 0
    outer loop
      vertex 46.1364 12.4364 16
      vertex 46.1578 12.412 13.9
      vertex 46.1578 12.412 16
    endloop
  endfacet
  facet normal 0.659286 -0.751892 0
    outer loop
      vertex 44.8636 12.4364 13.9
      vertex 44.9521 12.514 16
      vertex 44.8636 12.4364 16
    endloop
  endfacet
  facet normal 0.659286 -0.751892 0
    outer loop
      vertex 44.9521 12.514 16
      vertex 44.8636 12.4364 13.9
      vertex 44.9521 12.514 13.9
    endloop
  endfacet
  facet normal 0.321065 -0.947057 0
    outer loop
      vertex 45.1556 12.6315 13.9
      vertex 45.2671 12.6693 16
      vertex 45.1556 12.6315 16
    endloop
  endfacet
  facet normal 0.321065 -0.947057 0
    outer loop
      vertex 45.2671 12.6693 16
      vertex 45.1556 12.6315 13.9
      vertex 45.2671 12.6693 13.9
    endloop
  endfacet
  facet normal 0.947057 0.321065 0
    outer loop
      vertex 44.6685 11.4556 16
      vertex 44.6307 11.5671 13.9
      vertex 44.6307 11.5671 16
    endloop
  endfacet
  facet normal 0.947057 0.321065 0
    outer loop
      vertex 44.6307 11.5671 13.9
      vertex 44.6685 11.4556 16
      vertex 44.6685 11.4556 13.9
    endloop
  endfacet
  facet normal -0.442452 -0.896792 0
    outer loop
      vertex 45.8444 12.6315 13.9
      vertex 45.95 12.5794 16
      vertex 45.8444 12.6315 16
    endloop
  endfacet
  facet normal -0.442452 -0.896792 -0
    outer loop
      vertex 45.95 12.5794 16
      vertex 45.8444 12.6315 13.9
      vertex 45.95 12.5794 13.9
    endloop
  endfacet
  facet normal -0.321065 -0.947057 0
    outer loop
      vertex 45.7329 12.6693 13.9
      vertex 45.8444 12.6315 16
      vertex 45.7329 12.6693 16
    endloop
  endfacet
  facet normal -0.321065 -0.947057 -0
    outer loop
      vertex 45.8444 12.6315 16
      vertex 45.7329 12.6693 13.9
      vertex 45.8444 12.6315 13.9
    endloop
  endfacet
  facet normal -0.555484 -0.831527 0
    outer loop
      vertex 45.95 12.5794 13.9
      vertex 46.0479 12.514 16
      vertex 45.95 12.5794 16
    endloop
  endfacet
  facet normal -0.555484 -0.831527 -0
    outer loop
      vertex 46.0479 12.514 16
      vertex 45.95 12.5794 13.9
      vertex 46.0479 12.514 13.9
    endloop
  endfacet
  facet normal 0.751813 -0.659377 0
    outer loop
      vertex 44.8422 12.412 16
      vertex 44.8636 12.4364 13.9
      vertex 44.8636 12.4364 16
    endloop
  endfacet
  facet normal 0.751813 -0.659377 0
    outer loop
      vertex 44.8636 12.4364 13.9
      vertex 44.8422 12.412 16
      vertex 44.8422 12.412 13.9
    endloop
  endfacet
  facet normal 0.442452 -0.896792 0
    outer loop
      vertex 45.05 12.5794 13.9
      vertex 45.1556 12.6315 16
      vertex 45.05 12.5794 16
    endloop
  endfacet
  facet normal 0.442452 -0.896792 0
    outer loop
      vertex 45.1556 12.6315 16
      vertex 45.05 12.5794 13.9
      vertex 45.1556 12.6315 13.9
    endloop
  endfacet
  facet normal 0.195462 -0.980711 0
    outer loop
      vertex 45.2671 12.6693 13.9
      vertex 45.3825 12.6923 16
      vertex 45.2671 12.6693 16
    endloop
  endfacet
  facet normal 0.195462 -0.980711 0
    outer loop
      vertex 45.3825 12.6923 16
      vertex 45.2671 12.6693 13.9
      vertex 45.3825 12.6923 13.9
    endloop
  endfacet
  facet normal -0.947057 0.321065 0
    outer loop
      vertex 46.3315 11.4556 13.9
      vertex 46.3693 11.5671 16
      vertex 46.3693 11.5671 13.9
    endloop
  endfacet
  facet normal -0.947057 0.321065 0
    outer loop
      vertex 46.3693 11.5671 16
      vertex 46.3315 11.4556 13.9
      vertex 46.3315 11.4556 16
    endloop
  endfacet
  facet normal -0.442452 0.896792 0
    outer loop
      vertex 45.95 11.0206 13.9
      vertex 45.8444 10.9685 16
      vertex 45.95 11.0206 16
    endloop
  endfacet
  facet normal -0.442452 0.896792 0
    outer loop
      vertex 45.8444 10.9685 16
      vertex 45.95 11.0206 13.9
      vertex 45.8444 10.9685 13.9
    endloop
  endfacet
  facet normal -0.555484 0.831527 0
    outer loop
      vertex 46.0479 11.086 13.9
      vertex 45.95 11.0206 16
      vertex 46.0479 11.086 16
    endloop
  endfacet
  facet normal -0.555484 0.831527 0
    outer loop
      vertex 45.95 11.0206 16
      vertex 46.0479 11.086 13.9
      vertex 45.95 11.0206 13.9
    endloop
  endfacet
  facet normal 0.442452 0.896792 -0
    outer loop
      vertex 45.1556 10.9685 13.9
      vertex 45.05 11.0206 16
      vertex 45.1556 10.9685 16
    endloop
  endfacet
  facet normal 0.442452 0.896792 0
    outer loop
      vertex 45.05 11.0206 16
      vertex 45.1556 10.9685 13.9
      vertex 45.05 11.0206 13.9
    endloop
  endfacet
  facet normal 0.659286 0.751892 -0
    outer loop
      vertex 44.9521 11.086 13.9
      vertex 44.8636 11.1636 16
      vertex 44.9521 11.086 16
    endloop
  endfacet
  facet normal 0.659286 0.751892 0
    outer loop
      vertex 44.8636 11.1636 16
      vertex 44.9521 11.086 13.9
      vertex 44.8636 11.1636 13.9
    endloop
  endfacet
  facet normal 0.321065 0.947057 -0
    outer loop
      vertex 45.2671 10.9307 13.9
      vertex 45.1556 10.9685 16
      vertex 45.2671 10.9307 16
    endloop
  endfacet
  facet normal 0.321065 0.947057 0
    outer loop
      vertex 45.1556 10.9685 16
      vertex 45.2671 10.9307 13.9
      vertex 45.1556 10.9685 13.9
    endloop
  endfacet
  facet normal 0.99786 0.0653917 0
    outer loop
      vertex 44.6077 11.6825 16
      vertex 44.6 11.8 13.9
      vertex 44.6 11.8 16
    endloop
  endfacet
  facet normal 0.99786 0.0653917 0
    outer loop
      vertex 44.6 11.8 13.9
      vertex 44.6077 11.6825 16
      vertex 44.6077 11.6825 13.9
    endloop
  endfacet
  facet normal -0.195462 -0.980711 0
    outer loop
      vertex 45.6175 12.6923 13.9
      vertex 45.7329 12.6693 16
      vertex 45.6175 12.6923 16
    endloop
  endfacet
  facet normal -0.195462 -0.980711 -0
    outer loop
      vertex 45.7329 12.6693 16
      vertex 45.6175 12.6923 13.9
      vertex 45.7329 12.6693 13.9
    endloop
  endfacet
  facet normal -0.659286 -0.751892 0
    outer loop
      vertex 46.0479 12.514 13.9
      vertex 46.1364 12.4364 16
      vertex 46.0479 12.514 16
    endloop
  endfacet
  facet normal -0.659286 -0.751892 -0
    outer loop
      vertex 46.1364 12.4364 16
      vertex 46.0479 12.514 13.9
      vertex 46.1364 12.4364 13.9
    endloop
  endfacet
  facet normal 0.555484 -0.831527 0
    outer loop
      vertex 44.9521 12.514 13.9
      vertex 45.05 12.5794 16
      vertex 44.9521 12.514 16
    endloop
  endfacet
  facet normal 0.555484 -0.831527 0
    outer loop
      vertex 45.05 12.5794 16
      vertex 44.9521 12.514 13.9
      vertex 45.05 12.5794 13.9
    endloop
  endfacet
  facet normal 0.0653917 -0.99786 0
    outer loop
      vertex 45.3825 12.6923 13.9
      vertex 45.5 12.7 16
      vertex 45.3825 12.6923 16
    endloop
  endfacet
  facet normal 0.0653917 -0.99786 0
    outer loop
      vertex 45.5 12.7 16
      vertex 45.3825 12.6923 13.9
      vertex 45.5 12.7 13.9
    endloop
  endfacet
  facet normal -0.99786 0.0653917 0
    outer loop
      vertex 46.3923 11.6825 13.9
      vertex 46.4 11.8 16
      vertex 46.4 11.8 13.9
    endloop
  endfacet
  facet normal -0.99786 0.0653917 0
    outer loop
      vertex 46.4 11.8 16
      vertex 46.3923 11.6825 13.9
      vertex 46.3923 11.6825 16
    endloop
  endfacet
  facet normal -0.0653917 0.99786 0
    outer loop
      vertex 45.6175 10.9077 13.9
      vertex 45.5 10.9 16
      vertex 45.6175 10.9077 16
    endloop
  endfacet
  facet normal -0.0653917 0.99786 0
    outer loop
      vertex 45.5 10.9 16
      vertex 45.6175 10.9077 13.9
      vertex 45.5 10.9 13.9
    endloop
  endfacet
  facet normal -0.321065 0.947057 0
    outer loop
      vertex 45.8444 10.9685 13.9
      vertex 45.7329 10.9307 16
      vertex 45.8444 10.9685 16
    endloop
  endfacet
  facet normal -0.321065 0.947057 0
    outer loop
      vertex 45.7329 10.9307 16
      vertex 45.8444 10.9685 13.9
      vertex 45.7329 10.9307 13.9
    endloop
  endfacet
  facet normal -0.659286 0.751892 0
    outer loop
      vertex 46.1364 11.1636 13.9
      vertex 46.0479 11.086 16
      vertex 46.1364 11.1636 16
    endloop
  endfacet
  facet normal -0.659286 0.751892 0
    outer loop
      vertex 46.0479 11.086 16
      vertex 46.1364 11.1636 13.9
      vertex 46.0479 11.086 13.9
    endloop
  endfacet
  facet normal -0.831527 0.555484 0
    outer loop
      vertex 46.214 11.2521 13.9
      vertex 46.2794 11.35 16
      vertex 46.2794 11.35 13.9
    endloop
  endfacet
  facet normal -0.831527 0.555484 0
    outer loop
      vertex 46.2794 11.35 16
      vertex 46.214 11.2521 13.9
      vertex 46.214 11.2521 16
    endloop
  endfacet
  facet normal 0.555484 0.831527 -0
    outer loop
      vertex 45.05 11.0206 13.9
      vertex 44.9521 11.086 16
      vertex 45.05 11.0206 16
    endloop
  endfacet
  facet normal 0.555484 0.831527 0
    outer loop
      vertex 44.9521 11.086 16
      vertex 45.05 11.0206 13.9
      vertex 44.9521 11.086 13.9
    endloop
  endfacet
  facet normal 0.195462 0.980711 -0
    outer loop
      vertex 45.3825 10.9077 13.9
      vertex 45.2671 10.9307 16
      vertex 45.3825 10.9077 16
    endloop
  endfacet
  facet normal 0.195462 0.980711 0
    outer loop
      vertex 45.2671 10.9307 16
      vertex 45.3825 10.9077 13.9
      vertex 45.2671 10.9307 13.9
    endloop
  endfacet
  facet normal 0.896792 0.442452 0
    outer loop
      vertex 44.7206 11.35 16
      vertex 44.6685 11.4556 13.9
      vertex 44.6685 11.4556 16
    endloop
  endfacet
  facet normal 0.896792 0.442452 0
    outer loop
      vertex 44.6685 11.4556 13.9
      vertex 44.7206 11.35 16
      vertex 44.7206 11.35 13.9
    endloop
  endfacet
  facet normal 0.980711 0.195462 0
    outer loop
      vertex 44.6307 11.5671 16
      vertex 44.6077 11.6825 13.9
      vertex 44.6077 11.6825 16
    endloop
  endfacet
  facet normal 0.980711 0.195462 0
    outer loop
      vertex 44.6077 11.6825 13.9
      vertex 44.6307 11.5671 16
      vertex 44.6307 11.5671 13.9
    endloop
  endfacet
  facet normal -0.195462 0.980711 0
    outer loop
      vertex 45.7329 10.9307 13.9
      vertex 45.6175 10.9077 16
      vertex 45.7329 10.9307 16
    endloop
  endfacet
  facet normal -0.195462 0.980711 0
    outer loop
      vertex 45.6175 10.9077 16
      vertex 45.7329 10.9307 13.9
      vertex 45.6175 10.9077 13.9
    endloop
  endfacet
  facet normal -0.751892 0.659286 0
    outer loop
      vertex 46.1364 11.1636 13.9
      vertex 46.214 11.2521 16
      vertex 46.214 11.2521 13.9
    endloop
  endfacet
  facet normal -0.751892 0.659286 0
    outer loop
      vertex 46.214 11.2521 16
      vertex 46.1364 11.1636 13.9
      vertex 46.1364 11.1636 16
    endloop
  endfacet
  facet normal -0.980711 0.195462 0
    outer loop
      vertex 46.3693 11.5671 13.9
      vertex 46.3923 11.6825 16
      vertex 46.3923 11.6825 13.9
    endloop
  endfacet
  facet normal -0.980711 0.195462 0
    outer loop
      vertex 46.3923 11.6825 16
      vertex 46.3693 11.5671 13.9
      vertex 46.3693 11.5671 16
    endloop
  endfacet
  facet normal -0.896792 0.442452 0
    outer loop
      vertex 46.2794 11.35 13.9
      vertex 46.3315 11.4556 16
      vertex 46.3315 11.4556 13.9
    endloop
  endfacet
  facet normal -0.896792 0.442452 0
    outer loop
      vertex 46.3315 11.4556 16
      vertex 46.2794 11.35 13.9
      vertex 46.2794 11.35 16
    endloop
  endfacet
  facet normal 0.831527 0.555484 0
    outer loop
      vertex 44.786 11.2521 16
      vertex 44.7206 11.35 13.9
      vertex 44.7206 11.35 16
    endloop
  endfacet
  facet normal 0.831527 0.555484 0
    outer loop
      vertex 44.7206 11.35 13.9
      vertex 44.786 11.2521 16
      vertex 44.786 11.2521 13.9
    endloop
  endfacet
  facet normal -0.997856 -0.0654471 0
    outer loop
      vertex 47.9556 12.4444 13.9
      vertex 47.9479 12.5618 16
      vertex 47.9479 12.5618 13.9
    endloop
  endfacet
  facet normal -0.997856 -0.0654471 0
    outer loop
      vertex 47.9479 12.5618 16
      vertex 47.9556 12.4444 13.9
      vertex 47.9556 12.4444 16
    endloop
  endfacet
  facet normal 0.997856 -0.0654471 0
    outer loop
      vertex 46.1556 12.4444 16
      vertex 46.1633 12.5618 13.9
      vertex 46.1633 12.5618 16
    endloop
  endfacet
  facet normal 0.997856 -0.0654471 0
    outer loop
      vertex 46.1633 12.5618 13.9
      vertex 46.1556 12.4444 16
      vertex 46.1556 12.4444 13.9
    endloop
  endfacet
  facet normal 0.0654471 -0.997856 0
    outer loop
      vertex 46.9382 13.3367 13.9
      vertex 47.0556 13.3444 16
      vertex 46.9382 13.3367 16
    endloop
  endfacet
  facet normal 0.0654471 -0.997856 0
    outer loop
      vertex 47.0556 13.3444 16
      vertex 46.9382 13.3367 13.9
      vertex 47.0556 13.3444 13.9
    endloop
  endfacet
  facet normal -0.659162 -0.752001 0
    outer loop
      vertex 47.6677 13.1021 13.9
      vertex 47.692 13.0808 16
      vertex 47.6677 13.1021 16
    endloop
  endfacet
  facet normal -0.659162 -0.752001 -0
    outer loop
      vertex 47.692 13.0808 16
      vertex 47.6677 13.1021 13.9
      vertex 47.692 13.0808 13.9
    endloop
  endfacet
  facet normal 0.658865 -0.752261 0
    outer loop
      vertex 46.4192 13.0808 13.9
      vertex 46.5078 13.1584 16
      vertex 46.4192 13.0808 16
    endloop
  endfacet
  facet normal 0.658865 -0.752261 0
    outer loop
      vertex 46.5078 13.1584 16
      vertex 46.4192 13.0808 13.9
      vertex 46.5078 13.1584 13.9
    endloop
  endfacet
  facet normal 0.442452 -0.896792 0
    outer loop
      vertex 46.6056 13.2238 13.9
      vertex 46.7112 13.2759 16
      vertex 46.6056 13.2238 16
    endloop
  endfacet
  facet normal 0.442452 -0.896792 0
    outer loop
      vertex 46.7112 13.2759 16
      vertex 46.6056 13.2238 13.9
      vertex 46.7112 13.2759 13.9
    endloop
  endfacet
  facet normal -0.897129 -0.441768 0
    outer loop
      vertex 47.8871 12.7888 13.9
      vertex 47.8351 12.8944 16
      vertex 47.8351 12.8944 13.9
    endloop
  endfacet
  facet normal -0.897129 -0.441768 0
    outer loop
      vertex 47.8351 12.8944 16
      vertex 47.8871 12.7888 13.9
      vertex 47.8871 12.7888 16
    endloop
  endfacet
  facet normal -0.980906 -0.194483 0
    outer loop
      vertex 47.9479 12.5618 13.9
      vertex 47.925 12.6773 16
      vertex 47.925 12.6773 13.9
    endloop
  endfacet
  facet normal -0.980906 -0.194483 0
    outer loop
      vertex 47.925 12.6773 16
      vertex 47.9479 12.5618 13.9
      vertex 47.9479 12.5618 16
    endloop
  endfacet
  facet normal 0.896792 -0.442452 0
    outer loop
      vertex 46.2241 12.7888 16
      vertex 46.2762 12.8944 13.9
      vertex 46.2762 12.8944 16
    endloop
  endfacet
  facet normal 0.896792 -0.442452 0
    outer loop
      vertex 46.2762 12.8944 13.9
      vertex 46.2241 12.7888 16
      vertex 46.2241 12.7888 13.9
    endloop
  endfacet
  facet normal 0.831265 -0.555877 0
    outer loop
      vertex 46.2762 12.8944 16
      vertex 46.3416 12.9922 13.9
      vertex 46.3416 12.9922 16
    endloop
  endfacet
  facet normal 0.831265 -0.555877 0
    outer loop
      vertex 46.3416 12.9922 13.9
      vertex 46.2762 12.8944 16
      vertex 46.2762 12.8944 13.9
    endloop
  endfacet
  facet normal 0.980744 -0.1953 0
    outer loop
      vertex 46.1633 12.5618 16
      vertex 46.1863 12.6773 13.9
      vertex 46.1863 12.6773 16
    endloop
  endfacet
  facet normal 0.980744 -0.1953 0
    outer loop
      vertex 46.1863 12.6773 13.9
      vertex 46.1633 12.5618 16
      vertex 46.1633 12.5618 13.9
    endloop
  endfacet
  facet normal 0.555877 -0.831265 0
    outer loop
      vertex 46.5078 13.1584 13.9
      vertex 46.6056 13.2238 16
      vertex 46.5078 13.1584 16
    endloop
  endfacet
  facet normal 0.555877 -0.831265 0
    outer loop
      vertex 46.6056 13.2238 16
      vertex 46.5078 13.1584 13.9
      vertex 46.6056 13.2238 13.9
    endloop
  endfacet
  facet normal 0.1953 -0.980744 0
    outer loop
      vertex 46.8227 13.3137 13.9
      vertex 46.9382 13.3367 16
      vertex 46.8227 13.3137 16
    endloop
  endfacet
  facet normal 0.1953 -0.980744 0
    outer loop
      vertex 46.9382 13.3367 16
      vertex 46.8227 13.3137 13.9
      vertex 46.9382 13.3367 13.9
    endloop
  endfacet
  facet normal 0.194483 0.980906 -0
    outer loop
      vertex 46.9382 11.5521 13.9
      vertex 46.8227 11.575 16
      vertex 46.9382 11.5521 16
    endloop
  endfacet
  facet normal 0.194483 0.980906 0
    outer loop
      vertex 46.8227 11.575 16
      vertex 46.9382 11.5521 13.9
      vertex 46.8227 11.575 13.9
    endloop
  endfacet
  facet normal -0.194483 0.980906 0
    outer loop
      vertex 47.2886 11.575 13.9
      vertex 47.1731 11.5521 16
      vertex 47.2886 11.575 16
    endloop
  endfacet
  facet normal -0.194483 0.980906 0
    outer loop
      vertex 47.1731 11.5521 16
      vertex 47.2886 11.575 13.9
      vertex 47.1731 11.5521 13.9
    endloop
  endfacet
  facet normal -0.946799 -0.321827 0
    outer loop
      vertex 47.925 12.6773 13.9
      vertex 47.8871 12.7888 16
      vertex 47.8871 12.7888 13.9
    endloop
  endfacet
  facet normal -0.946799 -0.321827 0
    outer loop
      vertex 47.8871 12.7888 16
      vertex 47.925 12.6773 13.9
      vertex 47.925 12.6773 16
    endloop
  endfacet
  facet normal -0.75184 -0.659345 0
    outer loop
      vertex 47.7697 12.9922 13.9
      vertex 47.692 13.0808 16
      vertex 47.692 13.0808 13.9
    endloop
  endfacet
  facet normal -0.75184 -0.659345 0
    outer loop
      vertex 47.692 13.0808 16
      vertex 47.7697 12.9922 13.9
      vertex 47.7697 12.9922 16
    endloop
  endfacet
  facet normal -0.831265 -0.555877 0
    outer loop
      vertex 47.8351 12.8944 13.9
      vertex 47.7697 12.9922 16
      vertex 47.7697 12.9922 13.9
    endloop
  endfacet
  facet normal -0.831265 -0.555877 0
    outer loop
      vertex 47.7697 12.9922 16
      vertex 47.8351 12.8944 13.9
      vertex 47.8351 12.8944 16
    endloop
  endfacet
  facet normal -0.0677452 -0.997703 0
    outer loop
      vertex 47.0556 13.3444 13.9
      vertex 47.088 13.3422 16
      vertex 47.0556 13.3444 16
    endloop
  endfacet
  facet normal -0.0677452 -0.997703 -0
    outer loop
      vertex 47.088 13.3422 16
      vertex 47.0556 13.3444 13.9
      vertex 47.088 13.3422 13.9
    endloop
  endfacet
  facet normal 0.752261 -0.658865 0
    outer loop
      vertex 46.3416 12.9922 16
      vertex 46.4192 13.0808 13.9
      vertex 46.4192 13.0808 16
    endloop
  endfacet
  facet normal 0.752261 -0.658865 0
    outer loop
      vertex 46.4192 13.0808 13.9
      vertex 46.3416 12.9922 16
      vertex 46.3416 12.9922 13.9
    endloop
  endfacet
  facet normal 0.947057 -0.321065 0
    outer loop
      vertex 46.1863 12.6773 16
      vertex 46.2241 12.7888 13.9
      vertex 46.2241 12.7888 16
    endloop
  endfacet
  facet normal 0.947057 -0.321065 0
    outer loop
      vertex 46.2241 12.7888 13.9
      vertex 46.1863 12.6773 16
      vertex 46.1863 12.6773 13.9
    endloop
  endfacet
  facet normal -0.99786 0.0653917 0
    outer loop
      vertex 47.9479 12.3269 13.9
      vertex 47.9556 12.4444 16
      vertex 47.9556 12.4444 13.9
    endloop
  endfacet
  facet normal -0.99786 0.0653917 0
    outer loop
      vertex 47.9556 12.4444 16
      vertex 47.9479 12.3269 13.9
      vertex 47.9479 12.3269 16
    endloop
  endfacet
  facet normal 0.0654471 0.997856 -0
    outer loop
      vertex 47.0556 11.5444 13.9
      vertex 46.9382 11.5521 16
      vertex 47.0556 11.5444 16
    endloop
  endfacet
  facet normal 0.0654471 0.997856 0
    outer loop
      vertex 46.9382 11.5521 16
      vertex 47.0556 11.5444 13.9
      vertex 46.9382 11.5521 13.9
    endloop
  endfacet
  facet normal 0.997703 0.0677452 0
    outer loop
      vertex 46.1578 12.412 16
      vertex 46.1556 12.4444 13.9
      vertex 46.1556 12.4444 16
    endloop
  endfacet
  facet normal 0.997703 0.0677452 0
    outer loop
      vertex 46.1556 12.4444 13.9
      vertex 46.1578 12.412 16
      vertex 46.1578 12.412 13.9
    endloop
  endfacet
  facet normal -0.441768 0.897129 0
    outer loop
      vertex 47.5056 11.6649 13.9
      vertex 47.4 11.6129 16
      vertex 47.5056 11.6649 16
    endloop
  endfacet
  facet normal -0.441768 0.897129 0
    outer loop
      vertex 47.4 11.6129 16
      vertex 47.5056 11.6649 13.9
      vertex 47.4 11.6129 13.9
    endloop
  endfacet
  facet normal -0.322086 0.946711 0
    outer loop
      vertex 47.4 11.6129 13.9
      vertex 47.2886 11.575 16
      vertex 47.4 11.6129 16
    endloop
  endfacet
  facet normal -0.322086 0.946711 0
    outer loop
      vertex 47.2886 11.575 16
      vertex 47.4 11.6129 13.9
      vertex 47.2886 11.575 13.9
    endloop
  endfacet
  facet normal 0.321065 -0.947057 0
    outer loop
      vertex 46.7112 13.2759 13.9
      vertex 46.8227 13.3137 16
      vertex 46.7112 13.2759 16
    endloop
  endfacet
  facet normal 0.321065 -0.947057 0
    outer loop
      vertex 46.8227 13.3137 16
      vertex 46.7112 13.2759 13.9
      vertex 46.8227 13.3137 13.9
    endloop
  endfacet
  facet normal -0.980906 0.194483 0
    outer loop
      vertex 47.925 12.2114 13.9
      vertex 47.9479 12.3269 16
      vertex 47.9479 12.3269 13.9
    endloop
  endfacet
  facet normal -0.980906 0.194483 0
    outer loop
      vertex 47.9479 12.3269 16
      vertex 47.925 12.2114 13.9
      vertex 47.925 12.2114 16
    endloop
  endfacet
  facet normal -0.831527 0.555484 0
    outer loop
      vertex 47.7697 11.8965 13.9
      vertex 47.8351 11.9944 16
      vertex 47.8351 11.9944 13.9
    endloop
  endfacet
  facet normal -0.831527 0.555484 0
    outer loop
      vertex 47.8351 11.9944 16
      vertex 47.7697 11.8965 13.9
      vertex 47.7697 11.8965 16
    endloop
  endfacet
  facet normal -0.555484 0.831527 0
    outer loop
      vertex 47.6035 11.7303 13.9
      vertex 47.5056 11.6649 16
      vertex 47.6035 11.7303 16
    endloop
  endfacet
  facet normal -0.555484 0.831527 0
    outer loop
      vertex 47.5056 11.6649 16
      vertex 47.6035 11.7303 13.9
      vertex 47.5056 11.6649 13.9
    endloop
  endfacet
  facet normal -0.751471 0.659766 0
    outer loop
      vertex 47.692 11.808 13.9
      vertex 47.7697 11.8965 16
      vertex 47.7697 11.8965 13.9
    endloop
  endfacet
  facet normal -0.751471 0.659766 0
    outer loop
      vertex 47.7697 11.8965 16
      vertex 47.692 11.808 13.9
      vertex 47.692 11.808 16
    endloop
  endfacet
  facet normal -0.896963 0.442105 0
    outer loop
      vertex 47.8351 11.9944 13.9
      vertex 47.8871 12.0999 16
      vertex 47.8871 12.0999 13.9
    endloop
  endfacet
  facet normal -0.896963 0.442105 0
    outer loop
      vertex 47.8871 12.0999 16
      vertex 47.8351 11.9944 13.9
      vertex 47.8351 11.9944 16
    endloop
  endfacet
  facet normal 0.321827 0.946799 -0
    outer loop
      vertex 46.8227 11.575 13.9
      vertex 46.7112 11.6129 16
      vertex 46.8227 11.575 16
    endloop
  endfacet
  facet normal 0.321827 0.946799 0
    outer loop
      vertex 46.7112 11.6129 16
      vertex 46.8227 11.575 13.9
      vertex 46.7112 11.6129 13.9
    endloop
  endfacet
  facet normal -0.659766 0.751471 0
    outer loop
      vertex 47.692 11.808 13.9
      vertex 47.6035 11.7303 16
      vertex 47.692 11.808 16
    endloop
  endfacet
  facet normal -0.659766 0.751471 0
    outer loop
      vertex 47.6035 11.7303 16
      vertex 47.692 11.808 13.9
      vertex 47.6035 11.7303 13.9
    endloop
  endfacet
  facet normal -0.946799 0.321827 0
    outer loop
      vertex 47.8871 12.0999 13.9
      vertex 47.925 12.2114 16
      vertex 47.925 12.2114 13.9
    endloop
  endfacet
  facet normal -0.946799 0.321827 0
    outer loop
      vertex 47.925 12.2114 16
      vertex 47.8871 12.0999 13.9
      vertex 47.8871 12.0999 16
    endloop
  endfacet
  facet normal -0.0653917 0.99786 0
    outer loop
      vertex 47.1731 11.5521 13.9
      vertex 47.0556 11.5444 16
      vertex 47.1731 11.5521 16
    endloop
  endfacet
  facet normal -0.0653917 0.99786 0
    outer loop
      vertex 47.0556 11.5444 16
      vertex 47.1731 11.5521 13.9
      vertex 47.0556 11.5444 13.9
    endloop
  endfacet
  facet normal 0.441768 0.897129 -0
    outer loop
      vertex 46.7112 11.6129 13.9
      vertex 46.6056 11.6649 16
      vertex 46.7112 11.6129 16
    endloop
  endfacet
  facet normal 0.441768 0.897129 0
    outer loop
      vertex 46.6056 11.6649 16
      vertex 46.7112 11.6129 13.9
      vertex 46.6056 11.6649 13.9
    endloop
  endfacet
  facet normal 0.752001 0.659162 0
    outer loop
      vertex 46.4192 11.808 16
      vertex 46.3979 11.8323 13.9
      vertex 46.3979 11.8323 16
    endloop
  endfacet
  facet normal 0.752001 0.659162 0
    outer loop
      vertex 46.3979 11.8323 13.9
      vertex 46.4192 11.808 16
      vertex 46.4192 11.808 13.9
    endloop
  endfacet
  facet normal 0.659345 0.75184 -0
    outer loop
      vertex 46.5078 11.7303 13.9
      vertex 46.4192 11.808 16
      vertex 46.5078 11.7303 16
    endloop
  endfacet
  facet normal 0.659345 0.75184 0
    outer loop
      vertex 46.4192 11.808 16
      vertex 46.5078 11.7303 13.9
      vertex 46.4192 11.808 13.9
    endloop
  endfacet
  facet normal 0.555877 0.831265 -0
    outer loop
      vertex 46.6056 11.6649 13.9
      vertex 46.5078 11.7303 16
      vertex 46.6056 11.6649 16
    endloop
  endfacet
  facet normal 0.555877 0.831265 0
    outer loop
      vertex 46.5078 11.7303 16
      vertex 46.6056 11.6649 13.9
      vertex 46.5078 11.7303 13.9
    endloop
  endfacet
  facet normal 0 0 1
    outer loop
      vertex 2.2 2.2 13.9
      vertex 4.9 3.2 13.9
      vertex 4.88546 3.42189 13.9
    endloop
  endfacet
  facet normal 0 0 1
    outer loop
      vertex 2.2 2.2 13.9
      vertex 4.88546 3.42189 13.9
      vertex 4.84207 3.63999 13.9
    endloop
  endfacet
  facet normal 0 0 1
    outer loop
      vertex 4.9 3.2 13.9
      vertex 2.2 2.2 13.9
      vertex 4.88546 2.9781 13.9
    endloop
  endfacet
  facet normal 0 0 1
    outer loop
      vertex 2.2 2.2 13.9
      vertex 4.84207 3.63999 13.9
      vertex 4.77059 3.85056 13.9
    endloop
  endfacet
  facet normal 0 0 1
    outer loop
      vertex 4.88546 2.9781 13.9
      vertex 2.2 2.2 13.9
      vertex 4.84207 2.76001 13.9
    endloop
  endfacet
  facet normal 0 0 1
    outer loop
      vertex 2.2 2.2 13.9
      vertex 4.77059 3.85056 13.9
      vertex 4.67224 4.05 13.9
    endloop
  endfacet
  facet normal 0 0 1
    outer loop
      vertex 4.84207 2.76001 13.9
      vertex 2.2 2.2 13.9
      vertex 4.77059 2.54944 13.9
    endloop
  endfacet
  facet normal 0 0 1
    outer loop
      vertex 4.77059 2.54944 13.9
      vertex 2.2 2.2 13.9
      vertex 4.67224 2.35 13.9
    endloop
  endfacet
  facet normal 0 0 1
    outer loop
      vertex 2.2 2.2 13.9
      vertex 4.67224 4.05 13.9
      vertex 4.5487 4.23489 13.9
    endloop
  endfacet
  facet normal 0 0 1
    outer loop
      vertex 2.2 2.2 13.9
      vertex 4.5487 4.23489 13.9
      vertex 4.40208 4.40208 13.9
    endloop
  endfacet
  facet normal 0 0 1
    outer loop
      vertex 2.2 2.2 13.9
      vertex 4.40208 4.40208 13.9
      vertex 4.23489 4.5487 13.9
    endloop
  endfacet
  facet normal 0 0 1
    outer loop
      vertex 2.2 2.2 13.9
      vertex 4.23489 4.5487 13.9
      vertex 4.05 4.67224 13.9
    endloop
  endfacet
  facet normal 0 0 1
    outer loop
      vertex 2.2 2.2 13.9
      vertex 4.05 4.67224 13.9
      vertex 3.85056 4.77059 13.9
    endloop
  endfacet
  facet normal 0 0 1
    outer loop
      vertex 2.2 2.2 13.9
      vertex 3.85056 4.77059 13.9
      vertex 3.63999 4.84207 13.9
    endloop
  endfacet
  facet normal 0 0 1
    outer loop
      vertex 2.2 2.2 13.9
      vertex 3.63999 4.84207 13.9
      vertex 3.42189 4.88546 13.9
    endloop
  endfacet
  facet normal 0 0 1
    outer loop
      vertex 2.2 2.2 13.9
      vertex 3.42189 4.88546 13.9
      vertex 3.2 4.9 13.9
    endloop
  endfacet
  facet normal 0 0 1
    outer loop
      vertex 2.2 2.2 13.9
      vertex 3.2 4.9 13.9
      vertex 2.9781 4.88546 13.9
    endloop
  endfacet
  facet normal 0 0 1
    outer loop
      vertex 2.2 2.2 13.9
      vertex 2.9781 4.88546 13.9
      vertex 2.76001 4.84207 13.9
    endloop
  endfacet
  facet normal 0 0 1
    outer loop
      vertex 2.2 2.2 13.9
      vertex 2.76001 4.84207 13.9
      vertex 2.54944 4.77059 13.9
    endloop
  endfacet
  facet normal 0 0 1
    outer loop
      vertex 2.2 2.2 13.9
      vertex 2.54944 4.77059 13.9
      vertex 2.35 4.67224 13.9
    endloop
  endfacet
  facet normal 0 0 1
    outer loop
      vertex 2.2 2.2 13.9
      vertex 2.35 4.67224 13.9
      vertex 2.2 4.57202 13.9
    endloop
  endfacet
  facet normal 0 0 1
    outer loop
      vertex 4.67224 2.35 13.9
      vertex 2.2 2.2 13.9
      vertex 4.57202 2.2 13.9
    endloop
  endfacet
  facet normal -0.555572 -0.831469 0
    outer loop
      vertex 4.05 4.67224 13.9
      vertex 4.23489 4.5487 16
      vertex 4.05 4.67224 16
    endloop
  endfacet
  facet normal -0.555572 -0.831469 -0
    outer loop
      vertex 4.23489 4.5487 16
      vertex 4.05 4.67224 13.9
      vertex 4.23489 4.5487 13.9
    endloop
  endfacet
  facet normal -0.980777 0.19513 0
    outer loop
      vertex 4.84207 2.76001 13.9
      vertex 4.88546 2.9781 16
      vertex 4.88546 2.9781 13.9
    endloop
  endfacet
  facet normal -0.980777 0.19513 0
    outer loop
      vertex 4.88546 2.9781 16
      vertex 4.84207 2.76001 13.9
      vertex 4.84207 2.76001 16
    endloop
  endfacet
  facet normal 0.442278 -0.896878 0
    outer loop
      vertex 2.35 4.67224 13.9
      vertex 2.54944 4.77059 16
      vertex 2.35 4.67224 16
    endloop
  endfacet
  facet normal 0.442278 -0.896878 0
    outer loop
      vertex 2.54944 4.77059 16
      vertex 2.35 4.67224 13.9
      vertex 2.54944 4.77059 13.9
    endloop
  endfacet
  facet normal -0.896878 -0.442278 0
    outer loop
      vertex 4.77059 3.85056 13.9
      vertex 4.67224 4.05 16
      vertex 4.67224 4.05 13.9
    endloop
  endfacet
  facet normal -0.896878 -0.442278 0
    outer loop
      vertex 4.67224 4.05 16
      vertex 4.77059 3.85056 13.9
      vertex 4.77059 3.85056 16
    endloop
  endfacet
  facet normal -0.980779 -0.195122 0
    outer loop
      vertex 4.88546 3.42189 13.9
      vertex 4.84207 3.63999 16
      vertex 4.84207 3.63999 13.9
    endloop
  endfacet
  facet normal -0.980779 -0.195122 0
    outer loop
      vertex 4.84207 3.63999 16
      vertex 4.88546 3.42189 13.9
      vertex 4.88546 3.42189 16
    endloop
  endfacet
  facet normal -0.831469 -0.555572 0
    outer loop
      vertex 4.67224 4.05 13.9
      vertex 4.5487 4.23489 16
      vertex 4.5487 4.23489 13.9
    endloop
  endfacet
  facet normal -0.831469 -0.555572 0
    outer loop
      vertex 4.5487 4.23489 16
      vertex 4.67224 4.05 13.9
      vertex 4.67224 4.05 16
    endloop
  endfacet
  facet normal -0.659342 -0.751844 0
    outer loop
      vertex 4.23489 4.5487 13.9
      vertex 4.40208 4.40208 16
      vertex 4.23489 4.5487 16
    endloop
  endfacet
  facet normal -0.659342 -0.751844 -0
    outer loop
      vertex 4.40208 4.40208 16
      vertex 4.23489 4.5487 13.9
      vertex 4.40208 4.40208 13.9
    endloop
  endfacet
  facet normal -0.321444 -0.946929 0
    outer loop
      vertex 3.63999 4.84207 13.9
      vertex 3.85056 4.77059 16
      vertex 3.63999 4.84207 16
    endloop
  endfacet
  facet normal -0.321444 -0.946929 -0
    outer loop
      vertex 3.85056 4.77059 16
      vertex 3.63999 4.84207 13.9
      vertex 3.85056 4.77059 13.9
    endloop
  endfacet
  facet normal -0.0653877 -0.99786 0
    outer loop
      vertex 3.2 4.9 13.9
      vertex 3.42189 4.88546 16
      vertex 3.2 4.9 16
    endloop
  endfacet
  facet normal -0.0653877 -0.99786 -0
    outer loop
      vertex 3.42189 4.88546 16
      vertex 3.2 4.9 13.9
      vertex 3.42189 4.88546 13.9
    endloop
  endfacet
  facet normal 0.19513 -0.980777 0
    outer loop
      vertex 2.76001 4.84207 13.9
      vertex 2.9781 4.88546 16
      vertex 2.76001 4.84207 16
    endloop
  endfacet
  facet normal 0.19513 -0.980777 0
    outer loop
      vertex 2.9781 4.88546 16
      vertex 2.76001 4.84207 13.9
      vertex 2.9781 4.88546 13.9
    endloop
  endfacet
  facet normal -0.99786 0.0653848 0
    outer loop
      vertex 4.88546 2.9781 13.9
      vertex 4.9 3.2 16
      vertex 4.9 3.2 13.9
    endloop
  endfacet
  facet normal -0.99786 0.0653848 0
    outer loop
      vertex 4.9 3.2 16
      vertex 4.88546 2.9781 13.9
      vertex 4.88546 2.9781 16
    endloop
  endfacet
  facet normal -0.831487 0.555544 0
    outer loop
      vertex 4.57202 2.2 13.9
      vertex 4.67224 2.35 16
      vertex 4.67224 2.35 13.9
    endloop
  endfacet
  facet normal -0.831487 0.555544 0
    outer loop
      vertex 4.67224 2.35 16
      vertex 4.57202 2.2 13.9
      vertex 4.57202 2.2 16
    endloop
  endfacet
  facet normal -0.946929 -0.321444 0
    outer loop
      vertex 4.84207 3.63999 13.9
      vertex 4.77059 3.85056 16
      vertex 4.77059 3.85056 13.9
    endloop
  endfacet
  facet normal -0.946929 -0.321444 0
    outer loop
      vertex 4.77059 3.85056 16
      vertex 4.84207 3.63999 13.9
      vertex 4.84207 3.63999 16
    endloop
  endfacet
  facet normal -0.751844 -0.659342 0
    outer loop
      vertex 4.5487 4.23489 13.9
      vertex 4.40208 4.40208 16
      vertex 4.40208 4.40208 13.9
    endloop
  endfacet
  facet normal -0.751844 -0.659342 0
    outer loop
      vertex 4.40208 4.40208 16
      vertex 4.5487 4.23489 13.9
      vertex 4.5487 4.23489 16
    endloop
  endfacet
  facet normal 0.0653848 -0.99786 0
    outer loop
      vertex 2.9781 4.88546 13.9
      vertex 3.2 4.9 16
      vertex 2.9781 4.88546 16
    endloop
  endfacet
  facet normal 0.0653848 -0.99786 0
    outer loop
      vertex 3.2 4.9 16
      vertex 2.9781 4.88546 13.9
      vertex 3.2 4.9 13.9
    endloop
  endfacet
  facet normal -0.442278 -0.896878 0
    outer loop
      vertex 3.85056 4.77059 13.9
      vertex 4.05 4.67224 16
      vertex 3.85056 4.77059 16
    endloop
  endfacet
  facet normal -0.442278 -0.896878 -0
    outer loop
      vertex 4.05 4.67224 16
      vertex 3.85056 4.77059 13.9
      vertex 4.05 4.67224 13.9
    endloop
  endfacet
  facet normal -0.195122 -0.980779 0
    outer loop
      vertex 3.42189 4.88546 13.9
      vertex 3.63999 4.84207 16
      vertex 3.42189 4.88546 16
    endloop
  endfacet
  facet normal -0.195122 -0.980779 -0
    outer loop
      vertex 3.63999 4.84207 16
      vertex 3.42189 4.88546 13.9
      vertex 3.63999 4.84207 13.9
    endloop
  endfacet
  facet normal 0.321444 -0.946929 0
    outer loop
      vertex 2.54944 4.77059 13.9
      vertex 2.76001 4.84207 16
      vertex 2.54944 4.77059 16
    endloop
  endfacet
  facet normal 0.321444 -0.946929 0
    outer loop
      vertex 2.76001 4.84207 16
      vertex 2.54944 4.77059 13.9
      vertex 2.76001 4.84207 13.9
    endloop
  endfacet
  facet normal 0.555544 -0.831487 0
    outer loop
      vertex 2.2 4.57202 13.9
      vertex 2.35 4.67224 16
      vertex 2.2 4.57202 16
    endloop
  endfacet
  facet normal 0.555544 -0.831487 0
    outer loop
      vertex 2.35 4.67224 16
      vertex 2.2 4.57202 13.9
      vertex 2.35 4.67224 13.9
    endloop
  endfacet
  facet normal -0.99786 -0.0653877 0
    outer loop
      vertex 4.9 3.2 13.9
      vertex 4.88546 3.42189 16
      vertex 4.88546 3.42189 13.9
    endloop
  endfacet
  facet normal -0.99786 -0.0653877 0
    outer loop
      vertex 4.88546 3.42189 16
      vertex 4.9 3.2 13.9
      vertex 4.9 3.2 16
    endloop
  endfacet
  facet normal -0.896878 0.442278 0
    outer loop
      vertex 4.67224 2.35 13.9
      vertex 4.77059 2.54944 16
      vertex 4.77059 2.54944 13.9
    endloop
  endfacet
  facet normal -0.896878 0.442278 0
    outer loop
      vertex 4.77059 2.54944 16
      vertex 4.67224 2.35 13.9
      vertex 4.67224 2.35 16
    endloop
  endfacet
  facet normal -0.946929 0.321444 0
    outer loop
      vertex 4.77059 2.54944 13.9
      vertex 4.84207 2.76001 16
      vertex 4.84207 2.76001 13.9
    endloop
  endfacet
  facet normal -0.946929 0.321444 0
    outer loop
      vertex 4.84207 2.76001 16
      vertex 4.77059 2.54944 13.9
      vertex 4.77059 2.54944 16
    endloop
  endfacet
  facet normal -0.99786 -0.0653848 0
    outer loop
      vertex 4.9 24.8 13.9
      vertex 4.88546 25.0219 16
      vertex 4.88546 25.0219 13.9
    endloop
  endfacet
  facet normal -0.99786 -0.0653848 0
    outer loop
      vertex 4.88546 25.0219 16
      vertex 4.9 24.8 13.9
      vertex 4.9 24.8 16
    endloop
  endfacet
  facet normal -0.896843 -0.442349 0
    outer loop
      vertex 4.77059 25.4506 13.9
      vertex 4.67224 25.65 16
      vertex 4.67224 25.65 13.9
    endloop
  endfacet
  facet normal -0.896843 -0.442349 0
    outer loop
      vertex 4.67224 25.65 16
      vertex 4.77059 25.4506 13.9
      vertex 4.77059 25.4506 16
    endloop
  endfacet
  facet normal -0.980779 -0.195122 0
    outer loop
      vertex 4.88546 25.0219 13.9
      vertex 4.84207 25.24 16
      vertex 4.84207 25.24 13.9
    endloop
  endfacet
  facet normal -0.980779 -0.195122 0
    outer loop
      vertex 4.84207 25.24 16
      vertex 4.88546 25.0219 13.9
      vertex 4.88546 25.0219 16
    endloop
  endfacet
  facet normal -0.831487 -0.555544 0
    outer loop
      vertex 4.67224 25.65 13.9
      vertex 4.57202 25.8 16
      vertex 4.57202 25.8 13.9
    endloop
  endfacet
  facet normal -0.831487 -0.555544 0
    outer loop
      vertex 4.57202 25.8 16
      vertex 4.67224 25.65 13.9
      vertex 4.67224 25.65 16
    endloop
  endfacet
  facet normal 0.195173 0.980769 -0
    outer loop
      vertex 2.9781 23.1145 13.9
      vertex 2.76001 23.1579 16
      vertex 2.9781 23.1145 16
    endloop
  endfacet
  facet normal 0.195173 0.980769 0
    outer loop
      vertex 2.76001 23.1579 16
      vertex 2.9781 23.1145 13.9
      vertex 2.76001 23.1579 13.9
    endloop
  endfacet
  facet normal -0.195165 0.98077 0
    outer loop
      vertex 3.63999 23.1579 13.9
      vertex 3.42189 23.1145 16
      vertex 3.63999 23.1579 16
    endloop
  endfacet
  facet normal -0.195165 0.98077 0
    outer loop
      vertex 3.42189 23.1145 16
      vertex 3.63999 23.1579 13.9
      vertex 3.42189 23.1145 13.9
    endloop
  endfacet
  facet normal -0.946943 -0.321403 0
    outer loop
      vertex 4.84207 25.24 13.9
      vertex 4.77059 25.4506 16
      vertex 4.77059 25.4506 13.9
    endloop
  endfacet
  facet normal -0.946943 -0.321403 0
    outer loop
      vertex 4.77059 25.4506 16
      vertex 4.84207 25.24 13.9
      vertex 4.84207 25.24 16
    endloop
  endfacet
  facet normal -0.99786 0.0653848 0
    outer loop
      vertex 4.88546 24.5781 13.9
      vertex 4.9 24.8 16
      vertex 4.9 24.8 13.9
    endloop
  endfacet
  facet normal -0.99786 0.0653848 0
    outer loop
      vertex 4.9 24.8 16
      vertex 4.88546 24.5781 13.9
      vertex 4.88546 24.5781 16
    endloop
  endfacet
  facet normal 0.0652057 0.997872 -0
    outer loop
      vertex 3.2 23.1 13.9
      vertex 2.9781 23.1145 16
      vertex 3.2 23.1 16
    endloop
  endfacet
  facet normal 0.0652057 0.997872 0
    outer loop
      vertex 2.9781 23.1145 16
      vertex 3.2 23.1 13.9
      vertex 2.9781 23.1145 13.9
    endloop
  endfacet
  facet normal -0.442459 0.896789 0
    outer loop
      vertex 4.05 23.3278 13.9
      vertex 3.85056 23.2294 16
      vertex 4.05 23.3278 16
    endloop
  endfacet
  facet normal -0.442459 0.896789 0
    outer loop
      vertex 3.85056 23.2294 16
      vertex 4.05 23.3278 13.9
      vertex 3.85056 23.2294 13.9
    endloop
  endfacet
  facet normal -0.321525 0.946901 0
    outer loop
      vertex 3.85056 23.2294 13.9
      vertex 3.63999 23.1579 16
      vertex 3.85056 23.2294 16
    endloop
  endfacet
  facet normal -0.321525 0.946901 0
    outer loop
      vertex 3.63999 23.1579 16
      vertex 3.85056 23.2294 13.9
      vertex 3.63999 23.1579 13.9
    endloop
  endfacet
  facet normal -0.980779 0.195122 0
    outer loop
      vertex 4.84207 24.36 13.9
      vertex 4.88546 24.5781 16
      vertex 4.88546 24.5781 13.9
    endloop
  endfacet
  facet normal -0.980779 0.195122 0
    outer loop
      vertex 4.88546 24.5781 16
      vertex 4.84207 24.36 13.9
      vertex 4.84207 24.36 16
    endloop
  endfacet
  facet normal -0.831483 0.555551 0
    outer loop
      vertex 4.5487 23.7651 13.9
      vertex 4.67224 23.95 16
      vertex 4.67224 23.95 13.9
    endloop
  endfacet
  facet normal -0.831483 0.555551 0
    outer loop
      vertex 4.67224 23.95 16
      vertex 4.5487 23.7651 13.9
      vertex 4.5487 23.7651 16
    endloop
  endfacet
  facet normal -0.555447 0.831552 0
    outer loop
      vertex 4.23489 23.4513 13.9
      vertex 4.05 23.3278 16
      vertex 4.23489 23.4513 16
    endloop
  endfacet
  facet normal -0.555447 0.831552 0
    outer loop
      vertex 4.05 23.3278 16
      vertex 4.23489 23.4513 13.9
      vertex 4.05 23.3278 13.9
    endloop
  endfacet
  facet normal -0.751863 0.659319 0
    outer loop
      vertex 4.40208 23.5979 13.9
      vertex 4.5487 23.7651 16
      vertex 4.5487 23.7651 13.9
    endloop
  endfacet
  facet normal -0.751863 0.659319 0
    outer loop
      vertex 4.5487 23.7651 16
      vertex 4.40208 23.5979 13.9
      vertex 4.40208 23.5979 16
    endloop
  endfacet
  facet normal -0.896843 0.442349 0
    outer loop
      vertex 4.67224 23.95 13.9
      vertex 4.77059 24.1494 16
      vertex 4.77059 24.1494 13.9
    endloop
  endfacet
  facet normal -0.896843 0.442349 0
    outer loop
      vertex 4.77059 24.1494 16
      vertex 4.67224 23.95 13.9
      vertex 4.67224 23.95 16
    endloop
  endfacet
  facet normal 0.321525 0.946901 -0
    outer loop
      vertex 2.76001 23.1579 13.9
      vertex 2.54944 23.2294 16
      vertex 2.76001 23.1579 16
    endloop
  endfacet
  facet normal 0.321525 0.946901 0
    outer loop
      vertex 2.54944 23.2294 16
      vertex 2.76001 23.1579 13.9
      vertex 2.54944 23.2294 13.9
    endloop
  endfacet
  facet normal -0.659291 0.751888 0
    outer loop
      vertex 4.40208 23.5979 13.9
      vertex 4.23489 23.4513 16
      vertex 4.40208 23.5979 16
    endloop
  endfacet
  facet normal -0.659291 0.751888 0
    outer loop
      vertex 4.23489 23.4513 16
      vertex 4.40208 23.5979 13.9
      vertex 4.23489 23.4513 13.9
    endloop
  endfacet
  facet normal -0.946943 0.321403 0
    outer loop
      vertex 4.77059 24.1494 13.9
      vertex 4.84207 24.36 16
      vertex 4.84207 24.36 13.9
    endloop
  endfacet
  facet normal -0.946943 0.321403 0
    outer loop
      vertex 4.84207 24.36 16
      vertex 4.77059 24.1494 13.9
      vertex 4.77059 24.1494 16
    endloop
  endfacet
  facet normal -0.0652086 0.997872 0
    outer loop
      vertex 3.42189 23.1145 13.9
      vertex 3.2 23.1 16
      vertex 3.42189 23.1145 16
    endloop
  endfacet
  facet normal -0.0652086 0.997872 0
    outer loop
      vertex 3.2 23.1 16
      vertex 3.42189 23.1145 13.9
      vertex 3.2 23.1 13.9
    endloop
  endfacet
  facet normal 0 0 1
    outer loop
      vertex 2.2 25.8 13.9
      vertex 4.9 24.8 13.9
      vertex 4.88546 25.0219 13.9
    endloop
  endfacet
  facet normal 0 0 1
    outer loop
      vertex 2.2 25.8 13.9
      vertex 4.88546 25.0219 13.9
      vertex 4.84207 25.24 13.9
    endloop
  endfacet
  facet normal 0 0 1
    outer loop
      vertex 4.9 24.8 13.9
      vertex 2.2 25.8 13.9
      vertex 4.88546 24.5781 13.9
    endloop
  endfacet
  facet normal 0 0 1
    outer loop
      vertex 2.2 25.8 13.9
      vertex 4.84207 25.24 13.9
      vertex 4.77059 25.4506 13.9
    endloop
  endfacet
  facet normal 0 0 1
    outer loop
      vertex 4.88546 24.5781 13.9
      vertex 2.2 25.8 13.9
      vertex 4.84207 24.36 13.9
    endloop
  endfacet
  facet normal 0 0 1
    outer loop
      vertex 2.2 25.8 13.9
      vertex 4.77059 25.4506 13.9
      vertex 4.67224 25.65 13.9
    endloop
  endfacet
  facet normal 0 0 1
    outer loop
      vertex 4.84207 24.36 13.9
      vertex 2.2 25.8 13.9
      vertex 4.77059 24.1494 13.9
    endloop
  endfacet
  facet normal -0 0 1
    outer loop
      vertex 2.2 25.8 13.9
      vertex 4.67224 25.65 13.9
      vertex 4.57202 25.8 13.9
    endloop
  endfacet
  facet normal 0 0 1
    outer loop
      vertex 4.77059 24.1494 13.9
      vertex 2.2 25.8 13.9
      vertex 4.67224 23.95 13.9
    endloop
  endfacet
  facet normal 0 0 1
    outer loop
      vertex 4.67224 23.95 13.9
      vertex 2.2 25.8 13.9
      vertex 4.5487 23.7651 13.9
    endloop
  endfacet
  facet normal 0 0 1
    outer loop
      vertex 4.5487 23.7651 13.9
      vertex 2.2 25.8 13.9
      vertex 4.40208 23.5979 13.9
    endloop
  endfacet
  facet normal 0 0 1
    outer loop
      vertex 4.40208 23.5979 13.9
      vertex 2.2 25.8 13.9
      vertex 4.23489 23.4513 13.9
    endloop
  endfacet
  facet normal 0 0 1
    outer loop
      vertex 4.23489 23.4513 13.9
      vertex 2.2 25.8 13.9
      vertex 4.05 23.3278 13.9
    endloop
  endfacet
  facet normal 0 0 1
    outer loop
      vertex 4.05 23.3278 13.9
      vertex 2.2 25.8 13.9
      vertex 3.85056 23.2294 13.9
    endloop
  endfacet
  facet normal 0 0 1
    outer loop
      vertex 3.85056 23.2294 13.9
      vertex 2.2 25.8 13.9
      vertex 3.63999 23.1579 13.9
    endloop
  endfacet
  facet normal 0 0 1
    outer loop
      vertex 3.63999 23.1579 13.9
      vertex 2.2 25.8 13.9
      vertex 3.42189 23.1145 13.9
    endloop
  endfacet
  facet normal 0 0 1
    outer loop
      vertex 3.42189 23.1145 13.9
      vertex 2.2 25.8 13.9
      vertex 3.2 23.1 13.9
    endloop
  endfacet
  facet normal 0 0 1
    outer loop
      vertex 3.2 23.1 13.9
      vertex 2.2 25.8 13.9
      vertex 2.9781 23.1145 13.9
    endloop
  endfacet
  facet normal 0 0 1
    outer loop
      vertex 2.9781 23.1145 13.9
      vertex 2.2 25.8 13.9
      vertex 2.76001 23.1579 13.9
    endloop
  endfacet
  facet normal 0 0 1
    outer loop
      vertex 2.76001 23.1579 13.9
      vertex 2.2 25.8 13.9
      vertex 2.54944 23.2294 13.9
    endloop
  endfacet
  facet normal 0 0 1
    outer loop
      vertex 2.54944 23.2294 13.9
      vertex 2.2 25.8 13.9
      vertex 2.35 23.3278 13.9
    endloop
  endfacet
  facet normal 0 0 1
    outer loop
      vertex 2.35 23.3278 13.9
      vertex 2.2 25.8 13.9
      vertex 2.2 23.428 13.9
    endloop
  endfacet
  facet normal 0.442459 0.896789 -0
    outer loop
      vertex 2.54944 23.2294 13.9
      vertex 2.35 23.3278 16
      vertex 2.54944 23.2294 16
    endloop
  endfacet
  facet normal 0.442459 0.896789 0
    outer loop
      vertex 2.35 23.3278 16
      vertex 2.54944 23.2294 13.9
      vertex 2.35 23.3278 13.9
    endloop
  endfacet
  facet normal 0.555468 0.831538 -0
    outer loop
      vertex 2.35 23.3278 13.9
      vertex 2.2 23.428 16
      vertex 2.35 23.3278 16
    endloop
  endfacet
  facet normal 0.555468 0.831538 0
    outer loop
      vertex 2.2 23.428 16
      vertex 2.35 23.3278 13.9
      vertex 2.2 23.428 13.9
    endloop
  endfacet
  facet normal 0.0653848 -0.99786 0
    outer loop
      vertex 56.5781 4.88546 13.9
      vertex 56.8 4.9 16
      vertex 56.5781 4.88546 16
    endloop
  endfacet
  facet normal 0.0653848 -0.99786 0
    outer loop
      vertex 56.8 4.9 16
      vertex 56.5781 4.88546 13.9
      vertex 56.8 4.9 13.9
    endloop
  endfacet
  facet normal 0.751888 -0.659291 0
    outer loop
      vertex 55.4513 4.23489 16
      vertex 55.5979 4.40208 13.9
      vertex 55.5979 4.40208 16
    endloop
  endfacet
  facet normal 0.751888 -0.659291 0
    outer loop
      vertex 55.5979 4.40208 13.9
      vertex 55.4513 4.23489 16
      vertex 55.4513 4.23489 13.9
    endloop
  endfacet
  facet normal 0.442349 -0.896843 0
    outer loop
      vertex 55.95 4.67224 13.9
      vertex 56.1494 4.77059 16
      vertex 55.95 4.67224 16
    endloop
  endfacet
  facet normal 0.442349 -0.896843 0
    outer loop
      vertex 56.1494 4.77059 16
      vertex 55.95 4.67224 13.9
      vertex 56.1494 4.77059 13.9
    endloop
  endfacet
  facet normal -0.321403 -0.946943 0
    outer loop
      vertex 57.24 4.84207 13.9
      vertex 57.4506 4.77059 16
      vertex 57.24 4.84207 16
    endloop
  endfacet
  facet normal -0.321403 -0.946943 -0
    outer loop
      vertex 57.4506 4.77059 16
      vertex 57.24 4.84207 13.9
      vertex 57.4506 4.77059 13.9
    endloop
  endfacet
  facet normal -0.195122 -0.980779 0
    outer loop
      vertex 57.0219 4.88546 13.9
      vertex 57.24 4.84207 16
      vertex 57.0219 4.88546 16
    endloop
  endfacet
  facet normal -0.195122 -0.980779 -0
    outer loop
      vertex 57.24 4.84207 16
      vertex 57.0219 4.88546 13.9
      vertex 57.24 4.84207 13.9
    endloop
  endfacet
  facet normal -0.555544 -0.831487 0
    outer loop
      vertex 57.65 4.67224 13.9
      vertex 57.8 4.57202 16
      vertex 57.65 4.67224 16
    endloop
  endfacet
  facet normal -0.555544 -0.831487 -0
    outer loop
      vertex 57.8 4.57202 16
      vertex 57.65 4.67224 13.9
      vertex 57.8 4.57202 13.9
    endloop
  endfacet
  facet normal 0.896789 -0.442459 0
    outer loop
      vertex 55.2294 3.85056 16
      vertex 55.3278 4.05 13.9
      vertex 55.3278 4.05 16
    endloop
  endfacet
  facet normal 0.896789 -0.442459 0
    outer loop
      vertex 55.3278 4.05 13.9
      vertex 55.2294 3.85056 16
      vertex 55.2294 3.85056 13.9
    endloop
  endfacet
  facet normal 0.831552 -0.555447 0
    outer loop
      vertex 55.3278 4.05 16
      vertex 55.4513 4.23489 13.9
      vertex 55.4513 4.23489 16
    endloop
  endfacet
  facet normal 0.831552 -0.555447 0
    outer loop
      vertex 55.4513 4.23489 13.9
      vertex 55.3278 4.05 16
      vertex 55.3278 4.05 13.9
    endloop
  endfacet
  facet normal 0.98077 -0.195165 0
    outer loop
      vertex 55.1145 3.42189 16
      vertex 55.1579 3.63999 13.9
      vertex 55.1579 3.63999 16
    endloop
  endfacet
  facet normal 0.98077 -0.195165 0
    outer loop
      vertex 55.1579 3.63999 13.9
      vertex 55.1145 3.42189 16
      vertex 55.1145 3.42189 13.9
    endloop
  endfacet
  facet normal 0.997872 0.0652057 0
    outer loop
      vertex 55.1145 2.9781 16
      vertex 55.1 3.2 13.9
      vertex 55.1 3.2 16
    endloop
  endfacet
  facet normal 0.997872 0.0652057 0
    outer loop
      vertex 55.1 3.2 13.9
      vertex 55.1145 2.9781 16
      vertex 55.1145 2.9781 13.9
    endloop
  endfacet
  facet normal 0.659319 -0.751863 0
    outer loop
      vertex 55.5979 4.40208 13.9
      vertex 55.7651 4.5487 16
      vertex 55.5979 4.40208 16
    endloop
  endfacet
  facet normal 0.659319 -0.751863 0
    outer loop
      vertex 55.7651 4.5487 16
      vertex 55.5979 4.40208 13.9
      vertex 55.7651 4.5487 13.9
    endloop
  endfacet
  facet normal 0.195122 -0.980779 0
    outer loop
      vertex 56.36 4.84207 13.9
      vertex 56.5781 4.88546 16
      vertex 56.36 4.84207 16
    endloop
  endfacet
  facet normal 0.195122 -0.980779 0
    outer loop
      vertex 56.5781 4.88546 16
      vertex 56.36 4.84207 13.9
      vertex 56.5781 4.88546 13.9
    endloop
  endfacet
  facet normal 0.980769 0.195173 0
    outer loop
      vertex 55.1579 2.76001 16
      vertex 55.1145 2.9781 13.9
      vertex 55.1145 2.9781 16
    endloop
  endfacet
  facet normal 0.980769 0.195173 0
    outer loop
      vertex 55.1145 2.9781 13.9
      vertex 55.1579 2.76001 16
      vertex 55.1579 2.76001 13.9
    endloop
  endfacet
  facet normal -0.0653848 -0.99786 0
    outer loop
      vertex 56.8 4.9 13.9
      vertex 57.0219 4.88546 16
      vertex 56.8 4.9 16
    endloop
  endfacet
  facet normal -0.0653848 -0.99786 -0
    outer loop
      vertex 57.0219 4.88546 16
      vertex 56.8 4.9 13.9
      vertex 57.0219 4.88546 13.9
    endloop
  endfacet
  facet normal -0.442349 -0.896843 0
    outer loop
      vertex 57.4506 4.77059 13.9
      vertex 57.65 4.67224 16
      vertex 57.4506 4.77059 16
    endloop
  endfacet
  facet normal -0.442349 -0.896843 -0
    outer loop
      vertex 57.65 4.67224 16
      vertex 57.4506 4.77059 13.9
      vertex 57.65 4.67224 13.9
    endloop
  endfacet
  facet normal 0 0 1
    outer loop
      vertex 57.65 4.67224 13.9
      vertex 57.8 2.2 13.9
      vertex 57.8 4.57202 13.9
    endloop
  endfacet
  facet normal 0 0 1
    outer loop
      vertex 57.4506 4.77059 13.9
      vertex 57.8 2.2 13.9
      vertex 57.65 4.67224 13.9
    endloop
  endfacet
  facet normal 0 0 1
    outer loop
      vertex 57.24 4.84207 13.9
      vertex 57.8 2.2 13.9
      vertex 57.4506 4.77059 13.9
    endloop
  endfacet
  facet normal 0 0 1
    outer loop
      vertex 57.0219 4.88546 13.9
      vertex 57.8 2.2 13.9
      vertex 57.24 4.84207 13.9
    endloop
  endfacet
  facet normal 0 0 1
    outer loop
      vertex 56.8 4.9 13.9
      vertex 57.8 2.2 13.9
      vertex 57.0219 4.88546 13.9
    endloop
  endfacet
  facet normal -0 0 1
    outer loop
      vertex 56.5781 4.88546 13.9
      vertex 57.8 2.2 13.9
      vertex 56.8 4.9 13.9
    endloop
  endfacet
  facet normal -0 0 1
    outer loop
      vertex 56.36 4.84207 13.9
      vertex 57.8 2.2 13.9
      vertex 56.5781 4.88546 13.9
    endloop
  endfacet
  facet normal -0 0 1
    outer loop
      vertex 56.1494 4.77059 13.9
      vertex 57.8 2.2 13.9
      vertex 56.36 4.84207 13.9
    endloop
  endfacet
  facet normal -0 0 1
    outer loop
      vertex 55.95 4.67224 13.9
      vertex 57.8 2.2 13.9
      vertex 56.1494 4.77059 13.9
    endloop
  endfacet
  facet normal -0 0 1
    outer loop
      vertex 55.7651 4.5487 13.9
      vertex 57.8 2.2 13.9
      vertex 55.95 4.67224 13.9
    endloop
  endfacet
  facet normal -0 0 1
    outer loop
      vertex 55.5979 4.40208 13.9
      vertex 57.8 2.2 13.9
      vertex 55.7651 4.5487 13.9
    endloop
  endfacet
  facet normal -0 0 1
    outer loop
      vertex 55.4513 4.23489 13.9
      vertex 57.8 2.2 13.9
      vertex 55.5979 4.40208 13.9
    endloop
  endfacet
  facet normal -0 0 1
    outer loop
      vertex 55.3278 4.05 13.9
      vertex 57.8 2.2 13.9
      vertex 55.4513 4.23489 13.9
    endloop
  endfacet
  facet normal -0 0 1
    outer loop
      vertex 55.2294 3.85056 13.9
      vertex 57.8 2.2 13.9
      vertex 55.3278 4.05 13.9
    endloop
  endfacet
  facet normal -0 0 1
    outer loop
      vertex 55.1579 3.63999 13.9
      vertex 57.8 2.2 13.9
      vertex 55.2294 3.85056 13.9
    endloop
  endfacet
  facet normal 0 0 1
    outer loop
      vertex 57.8 2.2 13.9
      vertex 55.2294 2.54944 13.9
      vertex 55.428 2.2 13.9
    endloop
  endfacet
  facet normal 0 0 1
    outer loop
      vertex 55.428 2.2 13.9
      vertex 55.2294 2.54944 13.9
      vertex 55.3278 2.35 13.9
    endloop
  endfacet
  facet normal -0 0 1
    outer loop
      vertex 55.1145 3.42189 13.9
      vertex 57.8 2.2 13.9
      vertex 55.1579 3.63999 13.9
    endloop
  endfacet
  facet normal 0 0 1
    outer loop
      vertex 57.8 2.2 13.9
      vertex 55.1579 2.76001 13.9
      vertex 55.2294 2.54944 13.9
    endloop
  endfacet
  facet normal -0 0 1
    outer loop
      vertex 55.1 3.2 13.9
      vertex 57.8 2.2 13.9
      vertex 55.1145 3.42189 13.9
    endloop
  endfacet
  facet normal 0 0 1
    outer loop
      vertex 57.8 2.2 13.9
      vertex 55.1145 2.9781 13.9
      vertex 55.1579 2.76001 13.9
    endloop
  endfacet
  facet normal 0 0 1
    outer loop
      vertex 57.8 2.2 13.9
      vertex 55.1 3.2 13.9
      vertex 55.1145 2.9781 13.9
    endloop
  endfacet
  facet normal 0.946901 -0.321525 0
    outer loop
      vertex 55.1579 3.63999 16
      vertex 55.2294 3.85056 13.9
      vertex 55.2294 3.85056 16
    endloop
  endfacet
  facet normal 0.946901 -0.321525 0
    outer loop
      vertex 55.2294 3.85056 13.9
      vertex 55.1579 3.63999 16
      vertex 55.1579 3.63999 13.9
    endloop
  endfacet
  facet normal 0.997872 -0.0652086 0
    outer loop
      vertex 55.1 3.2 16
      vertex 55.1145 3.42189 13.9
      vertex 55.1145 3.42189 16
    endloop
  endfacet
  facet normal 0.997872 -0.0652086 0
    outer loop
      vertex 55.1145 3.42189 13.9
      vertex 55.1 3.2 16
      vertex 55.1 3.2 13.9
    endloop
  endfacet
  facet normal 0.555551 -0.831483 0
    outer loop
      vertex 55.7651 4.5487 13.9
      vertex 55.95 4.67224 16
      vertex 55.7651 4.5487 16
    endloop
  endfacet
  facet normal 0.555551 -0.831483 0
    outer loop
      vertex 55.95 4.67224 16
      vertex 55.7651 4.5487 13.9
      vertex 55.95 4.67224 13.9
    endloop
  endfacet
  facet normal 0.321403 -0.946943 0
    outer loop
      vertex 56.1494 4.77059 13.9
      vertex 56.36 4.84207 16
      vertex 56.1494 4.77059 16
    endloop
  endfacet
  facet normal 0.321403 -0.946943 0
    outer loop
      vertex 56.36 4.84207 16
      vertex 56.1494 4.77059 13.9
      vertex 56.36 4.84207 13.9
    endloop
  endfacet
  facet normal 0.831538 0.555468 0
    outer loop
      vertex 55.428 2.2 16
      vertex 55.3278 2.35 13.9
      vertex 55.3278 2.35 16
    endloop
  endfacet
  facet normal 0.831538 0.555468 0
    outer loop
      vertex 55.3278 2.35 13.9
      vertex 55.428 2.2 16
      vertex 55.428 2.2 13.9
    endloop
  endfacet
  facet normal 0.946901 0.321525 0
    outer loop
      vertex 55.2294 2.54944 16
      vertex 55.1579 2.76001 13.9
      vertex 55.1579 2.76001 16
    endloop
  endfacet
  facet normal 0.946901 0.321525 0
    outer loop
      vertex 55.1579 2.76001 13.9
      vertex 55.2294 2.54944 16
      vertex 55.2294 2.54944 13.9
    endloop
  endfacet
  facet normal 0.896789 0.442459 0
    outer loop
      vertex 55.3278 2.35 16
      vertex 55.2294 2.54944 13.9
      vertex 55.2294 2.54944 16
    endloop
  endfacet
  facet normal 0.896789 0.442459 0
    outer loop
      vertex 55.2294 2.54944 13.9
      vertex 55.3278 2.35 16
      vertex 55.3278 2.35 13.9
    endloop
  endfacet
  facet normal 0.659268 0.751908 -0
    outer loop
      vertex 55.7651 23.4513 13.9
      vertex 55.5979 23.5979 16
      vertex 55.7651 23.4513 16
    endloop
  endfacet
  facet normal 0.659268 0.751908 0
    outer loop
      vertex 55.5979 23.5979 16
      vertex 55.7651 23.4513 13.9
      vertex 55.5979 23.5979 13.9
    endloop
  endfacet
  facet normal 0.896754 -0.44253 0
    outer loop
      vertex 55.2294 25.4506 16
      vertex 55.3278 25.65 13.9
      vertex 55.3278 25.65 16
    endloop
  endfacet
  facet normal 0.896754 -0.44253 0
    outer loop
      vertex 55.3278 25.65 13.9
      vertex 55.2294 25.4506 16
      vertex 55.2294 25.4506 13.9
    endloop
  endfacet
  facet normal 0.831538 -0.555468 0
    outer loop
      vertex 55.3278 25.65 16
      vertex 55.428 25.8 13.9
      vertex 55.428 25.8 16
    endloop
  endfacet
  facet normal 0.831538 -0.555468 0
    outer loop
      vertex 55.428 25.8 13.9
      vertex 55.3278 25.65 16
      vertex 55.3278 25.65 13.9
    endloop
  endfacet
  facet normal 0.98077 -0.195165 0
    outer loop
      vertex 55.1145 25.0219 16
      vertex 55.1579 25.24 13.9
      vertex 55.1579 25.24 16
    endloop
  endfacet
  facet normal 0.98077 -0.195165 0
    outer loop
      vertex 55.1579 25.24 13.9
      vertex 55.1145 25.0219 16
      vertex 55.1145 25.0219 13.9
    endloop
  endfacet
  facet normal 0.997872 0.0652057 0
    outer loop
      vertex 55.1145 24.5781 16
      vertex 55.1 24.8 13.9
      vertex 55.1 24.8 16
    endloop
  endfacet
  facet normal 0.997872 0.0652057 0
    outer loop
      vertex 55.1 24.8 13.9
      vertex 55.1145 24.5781 16
      vertex 55.1145 24.5781 13.9
    endloop
  endfacet
  facet normal -0.321484 0.946915 0
    outer loop
      vertex 57.4506 23.2294 13.9
      vertex 57.24 23.1579 16
      vertex 57.4506 23.2294 16
    endloop
  endfacet
  facet normal -0.321484 0.946915 0
    outer loop
      vertex 57.24 23.1579 16
      vertex 57.4506 23.2294 13.9
      vertex 57.24 23.1579 13.9
    endloop
  endfacet
  facet normal -0.195165 0.98077 0
    outer loop
      vertex 57.24 23.1579 13.9
      vertex 57.0219 23.1145 16
      vertex 57.24 23.1579 16
    endloop
  endfacet
  facet normal -0.195165 0.98077 0
    outer loop
      vertex 57.0219 23.1145 16
      vertex 57.24 23.1579 13.9
      vertex 57.0219 23.1145 13.9
    endloop
  endfacet
  facet normal 0.555426 0.831566 -0
    outer loop
      vertex 55.95 23.3278 13.9
      vertex 55.7651 23.4513 16
      vertex 55.95 23.3278 16
    endloop
  endfacet
  facet normal 0.555426 0.831566 0
    outer loop
      vertex 55.7651 23.4513 16
      vertex 55.95 23.3278 13.9
      vertex 55.7651 23.4513 13.9
    endloop
  endfacet
  facet normal 0.195165 0.98077 -0
    outer loop
      vertex 56.5781 23.1145 13.9
      vertex 56.36 23.1579 16
      vertex 56.5781 23.1145 16
    endloop
  endfacet
  facet normal 0.195165 0.98077 0
    outer loop
      vertex 56.36 23.1579 16
      vertex 56.5781 23.1145 13.9
      vertex 56.36 23.1579 13.9
    endloop
  endfacet
  facet normal 0.98077 0.195165 0
    outer loop
      vertex 55.1579 24.36 16
      vertex 55.1145 24.5781 13.9
      vertex 55.1145 24.5781 16
    endloop
  endfacet
  facet normal 0.98077 0.195165 0
    outer loop
      vertex 55.1145 24.5781 13.9
      vertex 55.1579 24.36 16
      vertex 55.1579 24.36 13.9
    endloop
  endfacet
  facet normal 0 0 1
    outer loop
      vertex 57.8 25.8 13.9
      vertex 57.65 23.3278 13.9
      vertex 57.8 23.428 13.9
    endloop
  endfacet
  facet normal 0 0 1
    outer loop
      vertex 57.8 25.8 13.9
      vertex 57.4506 23.2294 13.9
      vertex 57.65 23.3278 13.9
    endloop
  endfacet
  facet normal 0 0 1
    outer loop
      vertex 57.8 25.8 13.9
      vertex 57.24 23.1579 13.9
      vertex 57.4506 23.2294 13.9
    endloop
  endfacet
  facet normal 0 0 1
    outer loop
      vertex 57.8 25.8 13.9
      vertex 57.0219 23.1145 13.9
      vertex 57.24 23.1579 13.9
    endloop
  endfacet
  facet normal 0 0 1
    outer loop
      vertex 57.8 25.8 13.9
      vertex 56.8 23.1 13.9
      vertex 57.0219 23.1145 13.9
    endloop
  endfacet
  facet normal 0 0 1
    outer loop
      vertex 57.8 25.8 13.9
      vertex 56.5781 23.1145 13.9
      vertex 56.8 23.1 13.9
    endloop
  endfacet
  facet normal 0 0 1
    outer loop
      vertex 57.8 25.8 13.9
      vertex 56.36 23.1579 13.9
      vertex 56.5781 23.1145 13.9
    endloop
  endfacet
  facet normal 0 0 1
    outer loop
      vertex 57.8 25.8 13.9
      vertex 56.1494 23.2294 13.9
      vertex 56.36 23.1579 13.9
    endloop
  endfacet
  facet normal 0 0 1
    outer loop
      vertex 57.8 25.8 13.9
      vertex 55.95 23.3278 13.9
      vertex 56.1494 23.2294 13.9
    endloop
  endfacet
  facet normal 0 0 1
    outer loop
      vertex 57.8 25.8 13.9
      vertex 55.7651 23.4513 13.9
      vertex 55.95 23.3278 13.9
    endloop
  endfacet
  facet normal 0 0 1
    outer loop
      vertex 57.8 25.8 13.9
      vertex 55.5979 23.5979 13.9
      vertex 55.7651 23.4513 13.9
    endloop
  endfacet
  facet normal 0 0 1
    outer loop
      vertex 57.8 25.8 13.9
      vertex 55.4513 23.7651 13.9
      vertex 55.5979 23.5979 13.9
    endloop
  endfacet
  facet normal 0 0 1
    outer loop
      vertex 55.2294 25.4506 13.9
      vertex 57.8 25.8 13.9
      vertex 55.428 25.8 13.9
    endloop
  endfacet
  facet normal 0 0 1
    outer loop
      vertex 55.2294 25.4506 13.9
      vertex 55.428 25.8 13.9
      vertex 55.3278 25.65 13.9
    endloop
  endfacet
  facet normal 0 0 1
    outer loop
      vertex 57.8 25.8 13.9
      vertex 55.3278 23.95 13.9
      vertex 55.4513 23.7651 13.9
    endloop
  endfacet
  facet normal 0 0 1
    outer loop
      vertex 55.1579 25.24 13.9
      vertex 57.8 25.8 13.9
      vertex 55.2294 25.4506 13.9
    endloop
  endfacet
  facet normal 0 0 1
    outer loop
      vertex 57.8 25.8 13.9
      vertex 55.2294 24.1494 13.9
      vertex 55.3278 23.95 13.9
    endloop
  endfacet
  facet normal 0 0 1
    outer loop
      vertex 55.1145 25.0219 13.9
      vertex 57.8 25.8 13.9
      vertex 55.1579 25.24 13.9
    endloop
  endfacet
  facet normal 0 0 1
    outer loop
      vertex 57.8 25.8 13.9
      vertex 55.1579 24.36 13.9
      vertex 55.2294 24.1494 13.9
    endloop
  endfacet
  facet normal 0 0 1
    outer loop
      vertex 55.1 24.8 13.9
      vertex 57.8 25.8 13.9
      vertex 55.1145 25.0219 13.9
    endloop
  endfacet
  facet normal 0 0 1
    outer loop
      vertex 57.8 25.8 13.9
      vertex 55.1145 24.5781 13.9
      vertex 55.1579 24.36 13.9
    endloop
  endfacet
  facet normal 0 0 1
    outer loop
      vertex 57.8 25.8 13.9
      vertex 55.1 24.8 13.9
      vertex 55.1145 24.5781 13.9
    endloop
  endfacet
  facet normal 0.946915 -0.321484 0
    outer loop
      vertex 55.1579 25.24 16
      vertex 55.2294 25.4506 13.9
      vertex 55.2294 25.4506 16
    endloop
  endfacet
  facet normal 0.946915 -0.321484 0
    outer loop
      vertex 55.2294 25.4506 13.9
      vertex 55.1579 25.24 16
      vertex 55.1579 25.24 13.9
    endloop
  endfacet
  facet normal 0.997872 -0.0652057 0
    outer loop
      vertex 55.1 24.8 16
      vertex 55.1145 25.0219 13.9
      vertex 55.1145 25.0219 16
    endloop
  endfacet
  facet normal 0.997872 -0.0652057 0
    outer loop
      vertex 55.1145 25.0219 13.9
      vertex 55.1 24.8 16
      vertex 55.1 24.8 13.9
    endloop
  endfacet
  facet normal -0.555468 0.831538 0
    outer loop
      vertex 57.8 23.428 13.9
      vertex 57.65 23.3278 16
      vertex 57.8 23.428 16
    endloop
  endfacet
  facet normal -0.555468 0.831538 0
    outer loop
      vertex 57.65 23.3278 16
      vertex 57.8 23.428 13.9
      vertex 57.65 23.3278 13.9
    endloop
  endfacet
  facet normal 0.0652057 0.997872 -0
    outer loop
      vertex 56.8 23.1 13.9
      vertex 56.5781 23.1145 16
      vertex 56.8 23.1 16
    endloop
  endfacet
  facet normal 0.0652057 0.997872 0
    outer loop
      vertex 56.5781 23.1145 16
      vertex 56.8 23.1 13.9
      vertex 56.5781 23.1145 13.9
    endloop
  endfacet
  facet normal 0.44253 0.896754 -0
    outer loop
      vertex 56.1494 23.2294 13.9
      vertex 55.95 23.3278 16
      vertex 56.1494 23.2294 16
    endloop
  endfacet
  facet normal 0.44253 0.896754 0
    outer loop
      vertex 55.95 23.3278 16
      vertex 56.1494 23.2294 13.9
      vertex 55.95 23.3278 13.9
    endloop
  endfacet
  facet normal -0.0652057 0.997872 0
    outer loop
      vertex 57.0219 23.1145 13.9
      vertex 56.8 23.1 16
      vertex 57.0219 23.1145 16
    endloop
  endfacet
  facet normal -0.0652057 0.997872 0
    outer loop
      vertex 56.8 23.1 16
      vertex 57.0219 23.1145 13.9
      vertex 56.8 23.1 13.9
    endloop
  endfacet
  facet normal 0.831566 0.555426 0
    outer loop
      vertex 55.4513 23.7651 16
      vertex 55.3278 23.95 13.9
      vertex 55.3278 23.95 16
    endloop
  endfacet
  facet normal 0.831566 0.555426 0
    outer loop
      vertex 55.3278 23.95 13.9
      vertex 55.4513 23.7651 16
      vertex 55.4513 23.7651 13.9
    endloop
  endfacet
  facet normal 0.946915 0.321484 0
    outer loop
      vertex 55.2294 24.1494 16
      vertex 55.1579 24.36 13.9
      vertex 55.1579 24.36 16
    endloop
  endfacet
  facet normal 0.946915 0.321484 0
    outer loop
      vertex 55.1579 24.36 13.9
      vertex 55.2294 24.1494 16
      vertex 55.2294 24.1494 13.9
    endloop
  endfacet
  facet normal -0.44253 0.896754 0
    outer loop
      vertex 57.65 23.3278 13.9
      vertex 57.4506 23.2294 16
      vertex 57.65 23.3278 16
    endloop
  endfacet
  facet normal -0.44253 0.896754 0
    outer loop
      vertex 57.4506 23.2294 16
      vertex 57.65 23.3278 13.9
      vertex 57.4506 23.2294 13.9
    endloop
  endfacet
  facet normal 0.321484 0.946915 -0
    outer loop
      vertex 56.36 23.1579 13.9
      vertex 56.1494 23.2294 16
      vertex 56.36 23.1579 16
    endloop
  endfacet
  facet normal 0.321484 0.946915 0
    outer loop
      vertex 56.1494 23.2294 16
      vertex 56.36 23.1579 13.9
      vertex 56.1494 23.2294 13.9
    endloop
  endfacet
  facet normal 0.751908 0.659268 0
    outer loop
      vertex 55.5979 23.5979 16
      vertex 55.4513 23.7651 13.9
      vertex 55.4513 23.7651 16
    endloop
  endfacet
  facet normal 0.751908 0.659268 0
    outer loop
      vertex 55.4513 23.7651 13.9
      vertex 55.5979 23.5979 16
      vertex 55.5979 23.5979 13.9
    endloop
  endfacet
  facet normal 0.896754 0.44253 0
    outer loop
      vertex 55.3278 23.95 16
      vertex 55.2294 24.1494 13.9
      vertex 55.2294 24.1494 16
    endloop
  endfacet
  facet normal 0.896754 0.44253 0
    outer loop
      vertex 55.2294 24.1494 13.9
      vertex 55.3278 23.95 16
      vertex 55.3278 23.95 13.9
    endloop
  endfacet
  facet normal -0.99786 -0.0653917 0
    outer loop
      vertex 46.4 14 13.9
      vertex 46.3923 14.1175 16
      vertex 46.3923 14.1175 13.9
    endloop
  endfacet
  facet normal -0.99786 -0.0653917 0
    outer loop
      vertex 46.3923 14.1175 16
      vertex 46.4 14 13.9
      vertex 46.4 14 16
    endloop
  endfacet
  facet normal 0.0653917 -0.99786 0
    outer loop
      vertex 45.3825 14.8923 13.9
      vertex 45.5 14.9 16
      vertex 45.3825 14.8923 16
    endloop
  endfacet
  facet normal 0.0653917 -0.99786 0
    outer loop
      vertex 45.5 14.9 16
      vertex 45.3825 14.8923 13.9
      vertex 45.5 14.9 13.9
    endloop
  endfacet
  facet normal -0.659286 -0.751892 0
    outer loop
      vertex 46.0479 14.714 13.9
      vertex 46.1364 14.6364 16
      vertex 46.0479 14.714 16
    endloop
  endfacet
  facet normal -0.659286 -0.751892 -0
    outer loop
      vertex 46.1364 14.6364 16
      vertex 46.0479 14.714 13.9
      vertex 46.1364 14.6364 13.9
    endloop
  endfacet
  facet normal 0.751892 -0.659286 0
    outer loop
      vertex 44.786 14.5479 16
      vertex 44.8636 14.6364 13.9
      vertex 44.8636 14.6364 16
    endloop
  endfacet
  facet normal 0.751892 -0.659286 0
    outer loop
      vertex 44.8636 14.6364 13.9
      vertex 44.786 14.5479 16
      vertex 44.786 14.5479 13.9
    endloop
  endfacet
  facet normal 0.442452 -0.896792 0
    outer loop
      vertex 45.05 14.7794 13.9
      vertex 45.1556 14.8315 16
      vertex 45.05 14.7794 16
    endloop
  endfacet
  facet normal 0.442452 -0.896792 0
    outer loop
      vertex 45.1556 14.8315 16
      vertex 45.05 14.7794 13.9
      vertex 45.1556 14.8315 13.9
    endloop
  endfacet
  facet normal -0.831527 0.555484 0
    outer loop
      vertex 46.214 13.4521 13.9
      vertex 46.2794 13.55 16
      vertex 46.2794 13.55 13.9
    endloop
  endfacet
  facet normal -0.831527 0.555484 0
    outer loop
      vertex 46.2794 13.55 16
      vertex 46.214 13.4521 13.9
      vertex 46.214 13.4521 16
    endloop
  endfacet
  facet normal -0.896792 -0.442452 0
    outer loop
      vertex 46.3315 14.3444 13.9
      vertex 46.2794 14.45 16
      vertex 46.2794 14.45 13.9
    endloop
  endfacet
  facet normal -0.896792 -0.442452 0
    outer loop
      vertex 46.2794 14.45 16
      vertex 46.3315 14.3444 13.9
      vertex 46.3315 14.3444 16
    endloop
  endfacet
  facet normal -0.831527 -0.555484 0
    outer loop
      vertex 46.2794 14.45 13.9
      vertex 46.214 14.5479 16
      vertex 46.214 14.5479 13.9
    endloop
  endfacet
  facet normal -0.831527 -0.555484 0
    outer loop
      vertex 46.214 14.5479 16
      vertex 46.2794 14.45 13.9
      vertex 46.2794 14.45 16
    endloop
  endfacet
  facet normal -0.321065 -0.947057 0
    outer loop
      vertex 45.7329 14.8693 13.9
      vertex 45.8444 14.8315 16
      vertex 45.7329 14.8693 16
    endloop
  endfacet
  facet normal -0.321065 -0.947057 -0
    outer loop
      vertex 45.8444 14.8315 16
      vertex 45.7329 14.8693 13.9
      vertex 45.8444 14.8315 13.9
    endloop
  endfacet
  facet normal -0.555484 -0.831527 0
    outer loop
      vertex 45.95 14.7794 13.9
      vertex 46.0479 14.714 16
      vertex 45.95 14.7794 16
    endloop
  endfacet
  facet normal -0.555484 -0.831527 -0
    outer loop
      vertex 46.0479 14.714 16
      vertex 45.95 14.7794 13.9
      vertex 46.0479 14.714 13.9
    endloop
  endfacet
  facet normal 0.947057 -0.321065 0
    outer loop
      vertex 44.6307 14.2329 16
      vertex 44.6685 14.3444 13.9
      vertex 44.6685 14.3444 16
    endloop
  endfacet
  facet normal 0.947057 -0.321065 0
    outer loop
      vertex 44.6685 14.3444 13.9
      vertex 44.6307 14.2329 16
      vertex 44.6307 14.2329 13.9
    endloop
  endfacet
  facet normal 0 0 1
    outer loop
      vertex 46.3923 14.1175 13.9
      vertex 46.3923 13.8825 13.9
      vertex 46.4 14 13.9
    endloop
  endfacet
  facet normal 0 0 1
    outer loop
      vertex 46.3693 14.2329 13.9
      vertex 46.3923 13.8825 13.9
      vertex 46.3923 14.1175 13.9
    endloop
  endfacet
  facet normal 0 0 1
    outer loop
      vertex 46.3693 14.2329 13.9
      vertex 46.3693 13.7671 13.9
      vertex 46.3923 13.8825 13.9
    endloop
  endfacet
  facet normal 0 0 1
    outer loop
      vertex 46.3315 14.3444 13.9
      vertex 46.3693 13.7671 13.9
      vertex 46.3693 14.2329 13.9
    endloop
  endfacet
  facet normal 0 0 1
    outer loop
      vertex 46.3315 14.3444 13.9
      vertex 46.3315 13.6556 13.9
      vertex 46.3693 13.7671 13.9
    endloop
  endfacet
  facet normal 0 0 1
    outer loop
      vertex 46.2794 14.45 13.9
      vertex 46.3315 13.6556 13.9
      vertex 46.3315 14.3444 13.9
    endloop
  endfacet
  facet normal 0 0 1
    outer loop
      vertex 46.2794 14.45 13.9
      vertex 46.2794 13.55 13.9
      vertex 46.3315 13.6556 13.9
    endloop
  endfacet
  facet normal 0 0 1
    outer loop
      vertex 46.214 14.5479 13.9
      vertex 46.2794 13.55 13.9
      vertex 46.2794 14.45 13.9
    endloop
  endfacet
  facet normal 0 0 1
    outer loop
      vertex 46.214 14.5479 13.9
      vertex 46.214 13.4521 13.9
      vertex 46.2794 13.55 13.9
    endloop
  endfacet
  facet normal 0 0 1
    outer loop
      vertex 46.1364 14.6364 13.9
      vertex 46.214 13.4521 13.9
      vertex 46.214 14.5479 13.9
    endloop
  endfacet
  facet normal 0 0 1
    outer loop
      vertex 46.1364 14.6364 13.9
      vertex 46.1364 13.3636 13.9
      vertex 46.214 13.4521 13.9
    endloop
  endfacet
  facet normal 0 0 1
    outer loop
      vertex 46.0479 14.714 13.9
      vertex 46.1364 13.3636 13.9
      vertex 46.1364 14.6364 13.9
    endloop
  endfacet
  facet normal 0 0 1
    outer loop
      vertex 46.0479 14.714 13.9
      vertex 46.0479 13.286 13.9
      vertex 46.1364 13.3636 13.9
    endloop
  endfacet
  facet normal 0 0 1
    outer loop
      vertex 45.95 14.7794 13.9
      vertex 46.0479 13.286 13.9
      vertex 46.0479 14.714 13.9
    endloop
  endfacet
  facet normal 0 0 1
    outer loop
      vertex 45.95 14.7794 13.9
      vertex 45.95 13.2206 13.9
      vertex 46.0479 13.286 13.9
    endloop
  endfacet
  facet normal 0 0 1
    outer loop
      vertex 45.8444 14.8315 13.9
      vertex 45.95 13.2206 13.9
      vertex 45.95 14.7794 13.9
    endloop
  endfacet
  facet normal 0 0 1
    outer loop
      vertex 45.8444 14.8315 13.9
      vertex 45.8444 13.1685 13.9
      vertex 45.95 13.2206 13.9
    endloop
  endfacet
  facet normal 0 0 1
    outer loop
      vertex 45.7329 14.8693 13.9
      vertex 45.8444 13.1685 13.9
      vertex 45.8444 14.8315 13.9
    endloop
  endfacet
  facet normal 0 0 1
    outer loop
      vertex 45.7329 14.8693 13.9
      vertex 45.7329 13.1307 13.9
      vertex 45.8444 13.1685 13.9
    endloop
  endfacet
  facet normal 0 0 1
    outer loop
      vertex 45.6175 14.8923 13.9
      vertex 45.7329 13.1307 13.9
      vertex 45.7329 14.8693 13.9
    endloop
  endfacet
  facet normal 0 0 1
    outer loop
      vertex 45.6175 14.8923 13.9
      vertex 45.6175 13.1077 13.9
      vertex 45.7329 13.1307 13.9
    endloop
  endfacet
  facet normal 0 0 1
    outer loop
      vertex 45.5 14.9 13.9
      vertex 45.6175 13.1077 13.9
      vertex 45.6175 14.8923 13.9
    endloop
  endfacet
  facet normal 0 0 1
    outer loop
      vertex 45.5 14.9 13.9
      vertex 45.5 13.1 13.9
      vertex 45.6175 13.1077 13.9
    endloop
  endfacet
  facet normal -0 0 1
    outer loop
      vertex 45.3825 14.8923 13.9
      vertex 45.5 13.1 13.9
      vertex 45.5 14.9 13.9
    endloop
  endfacet
  facet normal 0 0 1
    outer loop
      vertex 45.3825 14.8923 13.9
      vertex 45.3825 13.1077 13.9
      vertex 45.5 13.1 13.9
    endloop
  endfacet
  facet normal -0 0 1
    outer loop
      vertex 45.2671 14.8693 13.9
      vertex 45.3825 13.1077 13.9
      vertex 45.3825 14.8923 13.9
    endloop
  endfacet
  facet normal 0 0 1
    outer loop
      vertex 45.2671 14.8693 13.9
      vertex 45.2671 13.1307 13.9
      vertex 45.3825 13.1077 13.9
    endloop
  endfacet
  facet normal -0 0 1
    outer loop
      vertex 45.1556 14.8315 13.9
      vertex 45.2671 13.1307 13.9
      vertex 45.2671 14.8693 13.9
    endloop
  endfacet
  facet normal 0 0 1
    outer loop
      vertex 45.1556 14.8315 13.9
      vertex 45.1556 13.1685 13.9
      vertex 45.2671 13.1307 13.9
    endloop
  endfacet
  facet normal -0 0 1
    outer loop
      vertex 45.05 14.7794 13.9
      vertex 45.1556 13.1685 13.9
      vertex 45.1556 14.8315 13.9
    endloop
  endfacet
  facet normal 0 0 1
    outer loop
      vertex 45.05 14.7794 13.9
      vertex 45.05 13.2206 13.9
      vertex 45.1556 13.1685 13.9
    endloop
  endfacet
  facet normal -0 0 1
    outer loop
      vertex 44.9521 14.714 13.9
      vertex 45.05 13.2206 13.9
      vertex 45.05 14.7794 13.9
    endloop
  endfacet
  facet normal 0 0 1
    outer loop
      vertex 44.9521 14.714 13.9
      vertex 44.9521 13.286 13.9
      vertex 45.05 13.2206 13.9
    endloop
  endfacet
  facet normal -0 0 1
    outer loop
      vertex 44.8636 14.6364 13.9
      vertex 44.9521 13.286 13.9
      vertex 44.9521 14.714 13.9
    endloop
  endfacet
  facet normal 0 0 1
    outer loop
      vertex 44.8636 14.6364 13.9
      vertex 44.8636 13.3636 13.9
      vertex 44.9521 13.286 13.9
    endloop
  endfacet
  facet normal -0 0 1
    outer loop
      vertex 44.786 14.5479 13.9
      vertex 44.8636 13.3636 13.9
      vertex 44.8636 14.6364 13.9
    endloop
  endfacet
  facet normal 0 0 1
    outer loop
      vertex 44.786 14.5479 13.9
      vertex 44.786 13.4521 13.9
      vertex 44.8636 13.3636 13.9
    endloop
  endfacet
  facet normal -0 0 1
    outer loop
      vertex 44.7206 14.45 13.9
      vertex 44.786 13.4521 13.9
      vertex 44.786 14.5479 13.9
    endloop
  endfacet
  facet normal 0 0 1
    outer loop
      vertex 44.7206 14.45 13.9
      vertex 44.7206 13.55 13.9
      vertex 44.786 13.4521 13.9
    endloop
  endfacet
  facet normal -0 0 1
    outer loop
      vertex 44.6685 14.3444 13.9
      vertex 44.7206 13.55 13.9
      vertex 44.7206 14.45 13.9
    endloop
  endfacet
  facet normal 0 0 1
    outer loop
      vertex 44.6685 14.3444 13.9
      vertex 44.6685 13.6556 13.9
      vertex 44.7206 13.55 13.9
    endloop
  endfacet
  facet normal -0 0 1
    outer loop
      vertex 44.6307 14.2329 13.9
      vertex 44.6685 13.6556 13.9
      vertex 44.6685 14.3444 13.9
    endloop
  endfacet
  facet normal 0 0 1
    outer loop
      vertex 44.6307 14.2329 13.9
      vertex 44.6307 13.7671 13.9
      vertex 44.6685 13.6556 13.9
    endloop
  endfacet
  facet normal -0 0 1
    outer loop
      vertex 44.6077 14.1175 13.9
      vertex 44.6307 13.7671 13.9
      vertex 44.6307 14.2329 13.9
    endloop
  endfacet
  facet normal 0 0 1
    outer loop
      vertex 44.6077 14.1175 13.9
      vertex 44.6077 13.8825 13.9
      vertex 44.6307 13.7671 13.9
    endloop
  endfacet
  facet normal 0 -0 1
    outer loop
      vertex 44.6077 13.8825 13.9
      vertex 44.6077 14.1175 13.9
      vertex 44.6 14 13.9
    endloop
  endfacet
  facet normal 0.896792 -0.442452 0
    outer loop
      vertex 44.6685 14.3444 16
      vertex 44.7206 14.45 13.9
      vertex 44.7206 14.45 16
    endloop
  endfacet
  facet normal 0.896792 -0.442452 0
    outer loop
      vertex 44.7206 14.45 13.9
      vertex 44.6685 14.3444 16
      vertex 44.6685 14.3444 13.9
    endloop
  endfacet
  facet normal 0.99786 -0.0653917 0
    outer loop
      vertex 44.6 14 16
      vertex 44.6077 14.1175 13.9
      vertex 44.6077 14.1175 16
    endloop
  endfacet
  facet normal 0.99786 -0.0653917 0
    outer loop
      vertex 44.6077 14.1175 13.9
      vertex 44.6 14 16
      vertex 44.6 14 13.9
    endloop
  endfacet
  facet normal 0.555484 -0.831527 0
    outer loop
      vertex 44.9521 14.714 13.9
      vertex 45.05 14.7794 16
      vertex 44.9521 14.714 16
    endloop
  endfacet
  facet normal 0.555484 -0.831527 0
    outer loop
      vertex 45.05 14.7794 16
      vertex 44.9521 14.714 13.9
      vertex 45.05 14.7794 13.9
    endloop
  endfacet
  facet normal 0.195462 -0.980711 0
    outer loop
      vertex 45.2671 14.8693 13.9
      vertex 45.3825 14.8923 16
      vertex 45.2671 14.8693 16
    endloop
  endfacet
  facet normal 0.195462 -0.980711 0
    outer loop
      vertex 45.3825 14.8923 16
      vertex 45.2671 14.8693 13.9
      vertex 45.3825 14.8923 13.9
    endloop
  endfacet
  facet normal -0.99786 0.0653917 0
    outer loop
      vertex 46.3923 13.8825 13.9
      vertex 46.4 14 16
      vertex 46.4 14 13.9
    endloop
  endfacet
  facet normal -0.99786 0.0653917 0
    outer loop
      vertex 46.4 14 16
      vertex 46.3923 13.8825 13.9
      vertex 46.3923 13.8825 16
    endloop
  endfacet
  facet normal -0.195462 0.980711 0
    outer loop
      vertex 45.7329 13.1307 13.9
      vertex 45.6175 13.1077 16
      vertex 45.7329 13.1307 16
    endloop
  endfacet
  facet normal -0.195462 0.980711 0
    outer loop
      vertex 45.6175 13.1077 16
      vertex 45.7329 13.1307 13.9
      vertex 45.6175 13.1077 13.9
    endloop
  endfacet
  facet normal -0.947057 -0.321065 0
    outer loop
      vertex 46.3693 14.2329 13.9
      vertex 46.3315 14.3444 16
      vertex 46.3315 14.3444 13.9
    endloop
  endfacet
  facet normal -0.947057 -0.321065 0
    outer loop
      vertex 46.3315 14.3444 16
      vertex 46.3693 14.2329 13.9
      vertex 46.3693 14.2329 16
    endloop
  endfacet
  facet normal -0.980711 -0.195462 0
    outer loop
      vertex 46.3923 14.1175 13.9
      vertex 46.3693 14.2329 16
      vertex 46.3693 14.2329 13.9
    endloop
  endfacet
  facet normal -0.980711 -0.195462 0
    outer loop
      vertex 46.3693 14.2329 16
      vertex 46.3923 14.1175 13.9
      vertex 46.3923 14.1175 16
    endloop
  endfacet
  facet normal -0.751892 -0.659286 0
    outer loop
      vertex 46.214 14.5479 13.9
      vertex 46.1364 14.6364 16
      vertex 46.1364 14.6364 13.9
    endloop
  endfacet
  facet normal -0.751892 -0.659286 0
    outer loop
      vertex 46.1364 14.6364 16
      vertex 46.214 14.5479 13.9
      vertex 46.214 14.5479 16
    endloop
  endfacet
  facet normal -0.195462 -0.980711 0
    outer loop
      vertex 45.6175 14.8923 13.9
      vertex 45.7329 14.8693 16
      vertex 45.6175 14.8923 16
    endloop
  endfacet
  facet normal -0.195462 -0.980711 -0
    outer loop
      vertex 45.7329 14.8693 16
      vertex 45.6175 14.8923 13.9
      vertex 45.7329 14.8693 13.9
    endloop
  endfacet
  facet normal -0.0653917 -0.99786 0
    outer loop
      vertex 45.5 14.9 13.9
      vertex 45.6175 14.8923 16
      vertex 45.5 14.9 16
    endloop
  endfacet
  facet normal -0.0653917 -0.99786 -0
    outer loop
      vertex 45.6175 14.8923 16
      vertex 45.5 14.9 13.9
      vertex 45.6175 14.8923 13.9
    endloop
  endfacet
  facet normal -0.442452 -0.896792 0
    outer loop
      vertex 45.8444 14.8315 13.9
      vertex 45.95 14.7794 16
      vertex 45.8444 14.8315 16
    endloop
  endfacet
  facet normal -0.442452 -0.896792 -0
    outer loop
      vertex 45.95 14.7794 16
      vertex 45.8444 14.8315 13.9
      vertex 45.95 14.7794 13.9
    endloop
  endfacet
  facet normal 0.99786 0.0653917 0
    outer loop
      vertex 44.6077 13.8825 16
      vertex 44.6 14 13.9
      vertex 44.6 14 16
    endloop
  endfacet
  facet normal 0.99786 0.0653917 0
    outer loop
      vertex 44.6 14 13.9
      vertex 44.6077 13.8825 16
      vertex 44.6077 13.8825 13.9
    endloop
  endfacet
  facet normal 0.321065 -0.947057 0
    outer loop
      vertex 45.1556 14.8315 13.9
      vertex 45.2671 14.8693 16
      vertex 45.1556 14.8315 16
    endloop
  endfacet
  facet normal 0.321065 -0.947057 0
    outer loop
      vertex 45.2671 14.8693 16
      vertex 45.1556 14.8315 13.9
      vertex 45.2671 14.8693 13.9
    endloop
  endfacet
  facet normal -0.555484 0.831527 0
    outer loop
      vertex 46.0479 13.286 13.9
      vertex 45.95 13.2206 16
      vertex 46.0479 13.286 16
    endloop
  endfacet
  facet normal -0.555484 0.831527 0
    outer loop
      vertex 45.95 13.2206 16
      vertex 46.0479 13.286 13.9
      vertex 45.95 13.2206 13.9
    endloop
  endfacet
  facet normal -0.947057 0.321065 0
    outer loop
      vertex 46.3315 13.6556 13.9
      vertex 46.3693 13.7671 16
      vertex 46.3693 13.7671 13.9
    endloop
  endfacet
  facet normal -0.947057 0.321065 0
    outer loop
      vertex 46.3693 13.7671 16
      vertex 46.3315 13.6556 13.9
      vertex 46.3315 13.6556 16
    endloop
  endfacet
  facet normal -0.896792 0.442452 0
    outer loop
      vertex 46.2794 13.55 13.9
      vertex 46.3315 13.6556 16
      vertex 46.3315 13.6556 13.9
    endloop
  endfacet
  facet normal -0.896792 0.442452 0
    outer loop
      vertex 46.3315 13.6556 16
      vertex 46.2794 13.55 13.9
      vertex 46.2794 13.55 16
    endloop
  endfacet
  facet normal 0.831527 0.555484 0
    outer loop
      vertex 44.786 13.4521 16
      vertex 44.7206 13.55 13.9
      vertex 44.7206 13.55 16
    endloop
  endfacet
  facet normal 0.831527 0.555484 0
    outer loop
      vertex 44.7206 13.55 13.9
      vertex 44.786 13.4521 16
      vertex 44.786 13.4521 13.9
    endloop
  endfacet
  facet normal 0.896792 0.442452 0
    outer loop
      vertex 44.7206 13.55 16
      vertex 44.6685 13.6556 13.9
      vertex 44.6685 13.6556 16
    endloop
  endfacet
  facet normal 0.896792 0.442452 0
    outer loop
      vertex 44.6685 13.6556 13.9
      vertex 44.7206 13.55 16
      vertex 44.7206 13.55 13.9
    endloop
  endfacet
  facet normal -0.442452 0.896792 0
    outer loop
      vertex 45.95 13.2206 13.9
      vertex 45.8444 13.1685 16
      vertex 45.95 13.2206 16
    endloop
  endfacet
  facet normal -0.442452 0.896792 0
    outer loop
      vertex 45.8444 13.1685 16
      vertex 45.95 13.2206 13.9
      vertex 45.8444 13.1685 13.9
    endloop
  endfacet
  facet normal -0.321065 0.947057 0
    outer loop
      vertex 45.8444 13.1685 13.9
      vertex 45.7329 13.1307 16
      vertex 45.8444 13.1685 16
    endloop
  endfacet
  facet normal -0.321065 0.947057 0
    outer loop
      vertex 45.7329 13.1307 16
      vertex 45.8444 13.1685 13.9
      vertex 45.7329 13.1307 13.9
    endloop
  endfacet
  facet normal 0.831527 -0.555484 0
    outer loop
      vertex 44.7206 14.45 16
      vertex 44.786 14.5479 13.9
      vertex 44.786 14.5479 16
    endloop
  endfacet
  facet normal 0.831527 -0.555484 0
    outer loop
      vertex 44.786 14.5479 13.9
      vertex 44.7206 14.45 16
      vertex 44.7206 14.45 13.9
    endloop
  endfacet
  facet normal 0.980711 -0.195462 0
    outer loop
      vertex 44.6077 14.1175 16
      vertex 44.6307 14.2329 13.9
      vertex 44.6307 14.2329 16
    endloop
  endfacet
  facet normal 0.980711 -0.195462 0
    outer loop
      vertex 44.6307 14.2329 13.9
      vertex 44.6077 14.1175 16
      vertex 44.6077 14.1175 13.9
    endloop
  endfacet
  facet normal 0.659286 -0.751892 0
    outer loop
      vertex 44.8636 14.6364 13.9
      vertex 44.9521 14.714 16
      vertex 44.8636 14.6364 16
    endloop
  endfacet
  facet normal 0.659286 -0.751892 0
    outer loop
      vertex 44.9521 14.714 16
      vertex 44.8636 14.6364 13.9
      vertex 44.9521 14.714 13.9
    endloop
  endfacet
  facet normal -0.0653917 0.99786 0
    outer loop
      vertex 45.6175 13.1077 13.9
      vertex 45.5 13.1 16
      vertex 45.6175 13.1077 16
    endloop
  endfacet
  facet normal -0.0653917 0.99786 0
    outer loop
      vertex 45.5 13.1 16
      vertex 45.6175 13.1077 13.9
      vertex 45.5 13.1 13.9
    endloop
  endfacet
  facet normal 0.321065 0.947057 -0
    outer loop
      vertex 45.2671 13.1307 13.9
      vertex 45.1556 13.1685 16
      vertex 45.2671 13.1307 16
    endloop
  endfacet
  facet normal 0.321065 0.947057 0
    outer loop
      vertex 45.1556 13.1685 16
      vertex 45.2671 13.1307 13.9
      vertex 45.1556 13.1685 13.9
    endloop
  endfacet
  facet normal 0.980711 0.195462 0
    outer loop
      vertex 44.6307 13.7671 16
      vertex 44.6077 13.8825 13.9
      vertex 44.6077 13.8825 16
    endloop
  endfacet
  facet normal 0.980711 0.195462 0
    outer loop
      vertex 44.6077 13.8825 13.9
      vertex 44.6307 13.7671 16
      vertex 44.6307 13.7671 13.9
    endloop
  endfacet
  facet normal -0.659286 0.751892 0
    outer loop
      vertex 46.1364 13.3636 13.9
      vertex 46.0479 13.286 16
      vertex 46.1364 13.3636 16
    endloop
  endfacet
  facet normal -0.659286 0.751892 0
    outer loop
      vertex 46.0479 13.286 16
      vertex 46.1364 13.3636 13.9
      vertex 46.0479 13.286 13.9
    endloop
  endfacet
  facet normal -0.980711 0.195462 0
    outer loop
      vertex 46.3693 13.7671 13.9
      vertex 46.3923 13.8825 16
      vertex 46.3923 13.8825 13.9
    endloop
  endfacet
  facet normal -0.980711 0.195462 0
    outer loop
      vertex 46.3923 13.8825 16
      vertex 46.3693 13.7671 13.9
      vertex 46.3693 13.7671 16
    endloop
  endfacet
  facet normal 0.0653917 0.99786 -0
    outer loop
      vertex 45.5 13.1 13.9
      vertex 45.3825 13.1077 16
      vertex 45.5 13.1 16
    endloop
  endfacet
  facet normal 0.0653917 0.99786 0
    outer loop
      vertex 45.3825 13.1077 16
      vertex 45.5 13.1 13.9
      vertex 45.3825 13.1077 13.9
    endloop
  endfacet
  facet normal 0.555484 0.831527 -0
    outer loop
      vertex 45.05 13.2206 13.9
      vertex 44.9521 13.286 16
      vertex 45.05 13.2206 16
    endloop
  endfacet
  facet normal 0.555484 0.831527 0
    outer loop
      vertex 44.9521 13.286 16
      vertex 45.05 13.2206 13.9
      vertex 44.9521 13.286 13.9
    endloop
  endfacet
  facet normal 0.659286 0.751892 -0
    outer loop
      vertex 44.9521 13.286 13.9
      vertex 44.8636 13.3636 16
      vertex 44.9521 13.286 16
    endloop
  endfacet
  facet normal 0.659286 0.751892 0
    outer loop
      vertex 44.8636 13.3636 16
      vertex 44.9521 13.286 13.9
      vertex 44.8636 13.3636 13.9
    endloop
  endfacet
  facet normal 0.751892 0.659286 0
    outer loop
      vertex 44.8636 13.3636 16
      vertex 44.786 13.4521 13.9
      vertex 44.786 13.4521 16
    endloop
  endfacet
  facet normal 0.751892 0.659286 0
    outer loop
      vertex 44.786 13.4521 13.9
      vertex 44.8636 13.3636 16
      vertex 44.8636 13.3636 13.9
    endloop
  endfacet
  facet normal 0.947057 0.321065 0
    outer loop
      vertex 44.6685 13.6556 16
      vertex 44.6307 13.7671 13.9
      vertex 44.6307 13.7671 16
    endloop
  endfacet
  facet normal 0.947057 0.321065 0
    outer loop
      vertex 44.6307 13.7671 13.9
      vertex 44.6685 13.6556 16
      vertex 44.6685 13.6556 13.9
    endloop
  endfacet
  facet normal -0.751892 0.659286 0
    outer loop
      vertex 46.1364 13.3636 13.9
      vertex 46.214 13.4521 16
      vertex 46.214 13.4521 13.9
    endloop
  endfacet
  facet normal -0.751892 0.659286 0
    outer loop
      vertex 46.214 13.4521 16
      vertex 46.1364 13.3636 13.9
      vertex 46.1364 13.3636 16
    endloop
  endfacet
  facet normal 0.195462 0.980711 -0
    outer loop
      vertex 45.3825 13.1077 13.9
      vertex 45.2671 13.1307 16
      vertex 45.3825 13.1077 16
    endloop
  endfacet
  facet normal 0.195462 0.980711 0
    outer loop
      vertex 45.2671 13.1307 16
      vertex 45.3825 13.1077 13.9
      vertex 45.2671 13.1307 13.9
    endloop
  endfacet
  facet normal 0.442452 0.896792 -0
    outer loop
      vertex 45.1556 13.1685 13.9
      vertex 45.05 13.2206 16
      vertex 45.1556 13.1685 16
    endloop
  endfacet
  facet normal 0.442452 0.896792 0
    outer loop
      vertex 45.05 13.2206 16
      vertex 45.1556 13.1685 13.9
      vertex 45.05 13.2206 13.9
    endloop
  endfacet
endsolid OpenSCAD_Model
